/*
 Navicat Premium Data Transfer

 Source Server         : Mysql
 Source Server Type    : MySQL
 Source Server Version : 80019
 Source Host           : localhost:3306
 Source Schema         : ddriver_db

 Target Server Type    : MySQL
 Target Server Version : 80019
 File Encoding         : 65001

 Date: 08/02/2026 18:57:38
*/

SET NAMES utf8mb4;
SET FOREIGN_KEY_CHECKS = 0;

-- ----------------------------
-- Table structure for balance
-- ----------------------------
DROP TABLE IF EXISTS `balance`;
CREATE TABLE `balance`  (
  `id` int(0) NOT NULL AUTO_INCREMENT,
  `balance_in` int(0) NOT NULL,
  `balance_out` int(0) NOT NULL,
  `created_at` datetime(0) NOT NULL DEFAULT CURRENT_TIMESTAMP(0),
  `updated_at` datetime(0) NOT NULL DEFAULT CURRENT_TIMESTAMP(0),
  `id_user` int(0) NOT NULL,
  PRIMARY KEY (`id`) USING BTREE,
  UNIQUE INDEX `REL_a11aa4ef6b9f96143381f457aa`(`id_user`) USING BTREE,
  CONSTRAINT `FK_a11aa4ef6b9f96143381f457aaf` FOREIGN KEY (`id_user`) REFERENCES `users` (`id`) ON DELETE RESTRICT ON UPDATE RESTRICT
) ENGINE = InnoDB AUTO_INCREMENT = 35 CHARACTER SET = utf8 COLLATE = utf8_general_ci ROW_FORMAT = Dynamic;

-- ----------------------------
-- Records of balance
-- ----------------------------
INSERT INTO `balance` VALUES (6, 3045, 7222, '2025-08-09 01:56:27', '2025-08-09 01:56:27', 3);
INSERT INTO `balance` VALUES (24, 251, 50, '2025-09-03 14:20:47', '2025-09-03 14:20:47', 56);
INSERT INTO `balance` VALUES (25, 542, 1879, '2025-09-09 10:46:01', '2025-09-09 10:46:01', 57);
INSERT INTO `balance` VALUES (26, 0, 33, '2025-09-11 13:21:53', '2025-09-11 13:21:53', 58);
INSERT INTO `balance` VALUES (30, 20, 63, '2025-09-11 14:11:14', '2025-09-11 14:11:14', 59);
INSERT INTO `balance` VALUES (31, 0, 13, '2025-09-22 14:29:26', '2025-09-22 14:29:26', 61);
INSERT INTO `balance` VALUES (33, 0, 13, '2025-10-14 23:59:32', '2025-10-14 23:59:32', 62);
INSERT INTO `balance` VALUES (34, 0, 21, '2025-10-22 20:21:38', '2025-10-22 20:21:38', 4);
INSERT INTO `balance` VALUES (35, 93, -3, '2025-12-19 11:29:56', '2025-12-19 11:29:56', 63);

-- ----------------------------
-- Table structure for calls
-- ----------------------------
DROP TABLE IF EXISTS `calls`;
CREATE TABLE `calls`  (
  `id` int(0) NOT NULL AUTO_INCREMENT,
  `ticketNumber` varchar(50) CHARACTER SET utf8 COLLATE utf8_general_ci NOT NULL,
  `userEmail` varchar(255) CHARACTER SET utf8 COLLATE utf8_general_ci NOT NULL,
  `userPhone` varchar(20) CHARACTER SET utf8 COLLATE utf8_general_ci NULL DEFAULT NULL,
  `title` varchar(255) CHARACTER SET utf8 COLLATE utf8_general_ci NOT NULL,
  `description` text CHARACTER SET utf8 COLLATE utf8_general_ci NOT NULL,
  `category` enum('technical','payment','account','safety','other') CHARACTER SET utf8 COLLATE utf8_general_ci NOT NULL,
  `priority` enum('low','medium','high','urgent') CHARACTER SET utf8 COLLATE utf8_general_ci NOT NULL DEFAULT 'medium',
  `status` enum('open','in_progress','waiting_user','resolved','closed') CHARACTER SET utf8 COLLATE utf8_general_ci NOT NULL DEFAULT 'open',
  `assignedToUserName` varchar(255) CHARACTER SET utf8 COLLATE utf8_general_ci NULL DEFAULT NULL,
  `response` text CHARACTER SET utf8 COLLATE utf8_general_ci NULL,
  `resolution` text CHARACTER SET utf8 COLLATE utf8_general_ci NULL,
  `internalNotes` text CHARACTER SET utf8 COLLATE utf8_general_ci NULL,
  `createdAt` timestamp(6) NOT NULL DEFAULT CURRENT_TIMESTAMP(6),
  `updatedAt` timestamp(6) NOT NULL DEFAULT CURRENT_TIMESTAMP(6) ON UPDATE CURRENT_TIMESTAMP(6),
  `firstResponseAt` timestamp(0) NULL DEFAULT NULL,
  `resolvedAt` timestamp(0) NULL DEFAULT NULL,
  `closedAt` timestamp(0) NULL DEFAULT NULL,
  `rating` int(0) NULL DEFAULT NULL,
  `feedback` text CHARACTER SET utf8 COLLATE utf8_general_ci NULL,
  `attachments` text CHARACTER SET utf8 COLLATE utf8_general_ci NULL,
  `deviceInfo` text CHARACTER SET utf8 COLLATE utf8_general_ci NULL,
  `appVersion` varchar(20) CHARACTER SET utf8 COLLATE utf8_general_ci NULL DEFAULT NULL,
  `lastViewedByUserAt` timestamp(0) NULL DEFAULT NULL,
  `isDeleted` tinyint(0) NOT NULL DEFAULT 0,
  `deletedAt` timestamp(6) NULL DEFAULT NULL,
  `tags` text CHARACTER SET utf8 COLLATE utf8_general_ci NULL,
  `escalationLevel` int(0) NOT NULL DEFAULT 1,
  `user_id` int(0) NOT NULL,
  `assigned_to_user_id` int(0) NULL DEFAULT NULL,
  `related_ticket_id` int(0) NULL DEFAULT NULL,
  PRIMARY KEY (`id`) USING BTREE,
  UNIQUE INDEX `idx_calls_ticket_number`(`ticketNumber`) USING BTREE,
  UNIQUE INDEX `IDX_81c97d51c4193d2afc319897e4`(`ticketNumber`) USING BTREE,
  INDEX `idx_calls_assigned_to`(`assigned_to_user_id`) USING BTREE,
  INDEX `idx_calls_category_priority`(`category`, `priority`) USING BTREE,
  INDEX `idx_calls_created_at`(`createdAt`) USING BTREE,
  INDEX `idx_calls_status`(`status`) USING BTREE,
  INDEX `idx_calls_user`(`user_id`) USING BTREE,
  INDEX `FK_0c477e6666f0aafe79034cb9f19`(`related_ticket_id`) USING BTREE,
  CONSTRAINT `FK_0c477e6666f0aafe79034cb9f19` FOREIGN KEY (`related_ticket_id`) REFERENCES `calls` (`id`) ON DELETE RESTRICT ON UPDATE RESTRICT,
  CONSTRAINT `FK_89355642b825e0d40dd39184b09` FOREIGN KEY (`user_id`) REFERENCES `users` (`id`) ON DELETE RESTRICT ON UPDATE RESTRICT,
  CONSTRAINT `FK_b97a2df0e602dc29617a1bfbae3` FOREIGN KEY (`assigned_to_user_id`) REFERENCES `users` (`id`) ON DELETE RESTRICT ON UPDATE RESTRICT
) ENGINE = InnoDB AUTO_INCREMENT = 1 CHARACTER SET = utf8 COLLATE = utf8_general_ci ROW_FORMAT = Dynamic;

-- ----------------------------
-- Records of calls
-- ----------------------------
INSERT INTO `calls` VALUES (1, 'SUP-2025-00001', 'user@email.com', NULL, 'Problema com pagamento', 'Cartão recusado', 'payment', 'high', 'open', NULL, NULL, NULL, NULL, '2025-10-25 19:53:47.504588', '2025-10-25 19:53:47.504588', NULL, NULL, NULL, NULL, NULL, NULL, '{\"platform\":\"android\",\"osVersion\":\"14.0\"}', NULL, NULL, 0, NULL, NULL, 1, 3, NULL, NULL);

-- ----------------------------
-- Table structure for chat
-- ----------------------------
DROP TABLE IF EXISTS `chat`;
CREATE TABLE `chat`  (
  `id` int(0) NOT NULL AUTO_INCREMENT,
  `text` text CHARACTER SET utf8 COLLATE utf8_general_ci NOT NULL,
  `timestamp` datetime(0) NOT NULL DEFAULT CURRENT_TIMESTAMP(0),
  `isMe` tinyint(0) NOT NULL DEFAULT 0,
  `status` enum('read','unread') CHARACTER SET utf8 COLLATE utf8_general_ci NOT NULL DEFAULT 'unread',
  `type` enum('text','image','video') CHARACTER SET utf8 COLLATE utf8_general_ci NOT NULL DEFAULT 'text',
  `id_sender` int(0) NOT NULL,
  `id_receiver` int(0) NOT NULL,
  `id_client_request` int(0) NULL DEFAULT NULL,
  `created_at` datetime(0) NOT NULL DEFAULT CURRENT_TIMESTAMP(0),
  `updated_at` datetime(0) NOT NULL DEFAULT CURRENT_TIMESTAMP(0),
  `id_user` int(0) NOT NULL,
  `is_driver` tinyint(0) NULL DEFAULT 0,
  PRIMARY KEY (`id`) USING BTREE,
  INDEX `FK_8673c88c61862ad62b3cfca62d8`(`id_user`) USING BTREE,
  CONSTRAINT `FK_8673c88c61862ad62b3cfca62d8` FOREIGN KEY (`id_user`) REFERENCES `users` (`id`) ON DELETE RESTRICT ON UPDATE RESTRICT
) ENGINE = InnoDB AUTO_INCREMENT = 162 CHARACTER SET = utf8 COLLATE = utf8_general_ci ROW_FORMAT = Dynamic;

-- ----------------------------
-- Records of chat
-- ----------------------------
INSERT INTO `chat` VALUES (86, 'Oi', '2025-11-22 00:41:52', 1, 'read', 'text', 3, 4, 450, '2025-11-22 00:41:14', '2025-11-22 00:41:14', 3, 1);
INSERT INTO `chat` VALUES (87, 'Tesy', '2025-11-22 00:42:03', 1, 'read', 'text', 4, 3, 450, '2025-11-22 00:41:25', '2025-11-22 00:41:25', 4, 0);
INSERT INTO `chat` VALUES (88, 'Teste', '2025-12-05 22:27:44', 1, 'read', 'text', 57, 3, 497, '2025-12-05 22:27:42', '2025-12-05 22:27:42', 57, 0);
INSERT INTO `chat` VALUES (89, 'Oi', '2025-12-05 22:27:49', 1, 'read', 'text', 3, 57, 497, '2025-12-05 22:27:49', '2025-12-05 22:27:49', 3, 0);
INSERT INTO `chat` VALUES (90, 'Teste', '2025-12-05 22:33:51', 1, 'read', 'text', 57, 3, 499, '2025-12-05 22:33:49', '2025-12-05 22:33:49', 57, 0);
INSERT INTO `chat` VALUES (91, 'Uh', '2025-12-05 22:33:56', 1, 'read', 'text', 3, 57, 499, '2025-12-05 22:33:55', '2025-12-05 22:33:55', 3, 0);
INSERT INTO `chat` VALUES (92, 'Teste', '2025-12-12 17:25:48', 1, 'read', 'text', 3, 57, 537, '2025-12-12 17:25:47', '2025-12-12 17:25:47', 3, 0);
INSERT INTO `chat` VALUES (93, 'Oi', '2025-12-12 17:25:56', 1, 'read', 'text', 57, 3, 537, '2025-12-12 17:25:53', '2025-12-12 17:25:53', 57, 0);
INSERT INTO `chat` VALUES (94, 'Teste', '2025-12-22 13:48:06', 1, 'read', 'text', 3, 57, 594, '2025-12-22 13:48:00', '2025-12-22 13:48:00', 3, 0);
INSERT INTO `chat` VALUES (95, 'Oi', '2025-12-22 13:48:32', 1, 'read', 'text', 57, 3, 594, '2025-12-22 13:48:26', '2025-12-22 13:48:26', 57, 0);
INSERT INTO `chat` VALUES (96, 'Teste', '2025-12-22 13:48:46', 1, 'read', 'text', 3, 57, 594, '2025-12-22 13:48:40', '2025-12-22 13:48:40', 3, 0);
INSERT INTO `chat` VALUES (97, 'Cliente', '2025-12-22 13:50:03', 1, 'read', 'text', 3, 57, 594, '2025-12-22 13:49:57', '2025-12-22 13:49:57', 3, 0);
INSERT INTO `chat` VALUES (98, 'Oi', '2025-12-22 14:01:17', 1, 'read', 'text', 3, 57, 595, '2025-12-22 14:01:11', '2025-12-22 14:01:11', 3, 0);
INSERT INTO `chat` VALUES (99, 'Teste', '2025-12-22 14:06:41', 1, 'read', 'text', 3, 57, 596, '2025-12-22 14:06:34', '2025-12-22 14:06:34', 3, 0);
INSERT INTO `chat` VALUES (100, 'Teste', '2025-12-22 14:09:28', 1, 'read', 'text', 3, 57, 596, '2025-12-22 14:09:22', '2025-12-22 14:09:22', 3, 0);
INSERT INTO `chat` VALUES (101, 'Teste', '2025-12-22 14:15:30', 1, 'read', 'text', 3, 57, 597, '2025-12-22 14:15:24', '2025-12-22 14:15:24', 3, 0);
INSERT INTO `chat` VALUES (102, 'Teste', '2025-12-22 14:15:44', 1, 'read', 'text', 57, 3, 597, '2025-12-22 14:15:38', '2025-12-22 14:15:38', 57, 0);
INSERT INTO `chat` VALUES (103, 'Oi', '2025-12-22 14:16:13', 1, 'read', 'text', 57, 3, 597, '2025-12-22 14:16:07', '2025-12-22 14:16:07', 57, 0);
INSERT INTO `chat` VALUES (104, 'Teste', '2025-12-22 19:00:53', 1, 'read', 'text', 3, 57, 598, '2025-12-22 19:00:47', '2025-12-22 19:00:47', 3, 0);
INSERT INTO `chat` VALUES (105, 'Oi', '2025-12-22 19:01:56', 1, 'read', 'text', 57, 3, 598, '2025-12-22 19:01:50', '2025-12-22 19:01:50', 57, 0);
INSERT INTO `chat` VALUES (106, 'Teste', '2025-12-22 19:02:02', 1, 'read', 'text', 3, 57, 598, '2025-12-22 19:01:56', '2025-12-22 19:01:56', 3, 0);
INSERT INTO `chat` VALUES (107, 'Teste', '2025-12-22 19:08:56', 1, 'read', 'text', 3, 57, 599, '2025-12-22 19:08:50', '2025-12-22 19:08:50', 3, 0);
INSERT INTO `chat` VALUES (108, 'Ola', '2025-12-22 19:09:10', 1, 'read', 'text', 57, 3, 599, '2025-12-22 19:09:04', '2025-12-22 19:09:04', 57, 0);
INSERT INTO `chat` VALUES (109, 'Tste', '2025-12-22 19:17:10', 1, 'read', 'text', 3, 57, 600, '2025-12-22 19:17:04', '2025-12-22 19:17:04', 3, 0);
INSERT INTO `chat` VALUES (110, 'Tester', '2025-12-22 19:17:26', 1, 'read', 'text', 57, 3, 600, '2025-12-22 19:17:20', '2025-12-22 19:17:20', 57, 0);
INSERT INTO `chat` VALUES (111, 'Teste', '2025-12-22 19:20:14', 1, 'read', 'text', 3, 57, 601, '2025-12-22 19:20:08', '2025-12-22 19:20:08', 3, 0);
INSERT INTO `chat` VALUES (112, 'Ty', '2025-12-22 19:20:20', 1, 'read', 'text', 57, 3, 601, '2025-12-22 19:20:14', '2025-12-22 19:20:14', 57, 0);
INSERT INTO `chat` VALUES (113, 'Teste', '2025-12-22 19:37:24', 1, 'read', 'text', 57, 3, 591, '2025-12-22 19:37:18', '2025-12-22 19:37:18', 57, 1);
INSERT INTO `chat` VALUES (114, 'Teste', '2025-12-22 19:53:41', 1, 'read', 'text', 57, 3, 591, '2025-12-22 19:53:35', '2025-12-22 19:53:35', 57, 1);
INSERT INTO `chat` VALUES (115, 'Teste', '2025-12-22 19:56:14', 1, 'read', 'text', 57, 3, 591, '2025-12-22 19:56:08', '2025-12-22 19:56:08', 57, 1);
INSERT INTO `chat` VALUES (116, 'Teste', '2025-12-22 19:56:37', 1, 'read', 'text', 57, 3, 591, '2025-12-22 19:56:30', '2025-12-22 19:56:30', 57, 1);
INSERT INTO `chat` VALUES (117, 'Teste', '2025-12-22 20:00:01', 1, 'read', 'text', 57, 3, 591, '2025-12-22 19:59:55', '2025-12-22 19:59:55', 57, 1);
INSERT INTO `chat` VALUES (118, 'Gf', '2025-12-22 20:01:37', 1, 'read', 'text', 57, 3, 591, '2025-12-22 20:01:31', '2025-12-22 20:01:31', 57, 1);
INSERT INTO `chat` VALUES (119, 'Tes', '2025-12-22 20:02:42', 1, 'read', 'text', 57, 3, 591, '2025-12-22 20:02:36', '2025-12-22 20:02:36', 57, 1);
INSERT INTO `chat` VALUES (120, 'Testeu', '2025-12-22 20:02:53', 1, 'read', 'text', 3, 57, 591, '2025-12-22 20:02:47', '2025-12-22 20:02:47', 3, 0);
INSERT INTO `chat` VALUES (121, 'Uy', '2025-12-22 20:04:04', 1, 'read', 'text', 3, 57, 591, '2025-12-22 20:03:58', '2025-12-22 20:03:58', 3, 0);
INSERT INTO `chat` VALUES (122, 'Trdt', '2025-12-22 20:04:14', 1, 'read', 'text', 57, 3, 591, '2025-12-22 20:04:07', '2025-12-22 20:04:07', 57, 1);
INSERT INTO `chat` VALUES (123, 'Ola', '2025-12-22 20:04:26', 1, 'read', 'text', 3, 57, 591, '2025-12-22 20:04:20', '2025-12-22 20:04:20', 3, 0);
INSERT INTO `chat` VALUES (124, 'Oi', '2025-12-22 20:11:44', 1, 'read', 'text', 3, 57, 591, '2025-12-22 20:11:37', '2025-12-22 20:11:37', 3, 0);
INSERT INTO `chat` VALUES (125, 'Ola', '2025-12-22 20:11:52', 1, 'read', 'text', 57, 3, 591, '2025-12-22 20:11:46', '2025-12-22 20:11:46', 57, 1);
INSERT INTO `chat` VALUES (126, 'Oi', '2025-12-22 20:14:12', 1, 'read', 'text', 3, 57, 591, '2025-12-22 20:14:06', '2025-12-22 20:14:06', 3, 0);
INSERT INTO `chat` VALUES (127, 'Ui', '2025-12-22 20:21:01', 1, 'read', 'text', 3, 57, 591, '2025-12-22 20:20:54', '2025-12-22 20:20:54', 3, 0);
INSERT INTO `chat` VALUES (128, 'Ter', '2025-12-22 20:21:09', 1, 'read', 'text', 57, 3, 591, '2025-12-22 20:21:02', '2025-12-22 20:21:02', 57, 1);
INSERT INTO `chat` VALUES (129, 'Oi', '2025-12-22 20:22:52', 1, 'read', 'text', 57, 3, 602, '2025-12-22 20:22:46', '2025-12-22 20:22:46', 57, 0);
INSERT INTO `chat` VALUES (130, 'Oi', '2025-12-22 20:23:01', 1, 'read', 'text', 3, 57, 602, '2025-12-22 20:22:54', '2025-12-22 20:22:54', 3, 0);
INSERT INTO `chat` VALUES (131, 'Teste', '2025-12-22 20:46:50', 1, 'read', 'text', 3, 57, 603, '2025-12-22 20:46:43', '2025-12-22 20:46:43', 3, 0);
INSERT INTO `chat` VALUES (132, 'Ou', '2025-12-22 20:46:54', 1, 'read', 'text', 57, 3, 603, '2025-12-22 20:46:48', '2025-12-22 20:46:48', 57, 0);
INSERT INTO `chat` VALUES (133, 'Oi', '2026-01-05 11:30:08', 1, 'read', 'text', 3, 4, 606, '2026-01-05 11:30:01', '2026-01-05 11:30:01', 3, 1);
INSERT INTO `chat` VALUES (134, 'Iy', '2026-01-05 11:31:58', 1, 'read', 'text', 3, 4, 606, '2026-01-05 11:31:52', '2026-01-05 11:31:52', 3, 1);
INSERT INTO `chat` VALUES (135, 'Yt', '2026-01-05 11:32:06', 1, 'read', 'text', 4, 3, 606, '2026-01-05 11:31:59', '2026-01-05 11:31:59', 4, 0);
INSERT INTO `chat` VALUES (136, 'Teste', '2026-01-05 12:09:09', 1, 'read', 'text', 3, 4, 607, '2026-01-05 12:09:03', '2026-01-05 12:09:03', 3, 0);
INSERT INTO `chat` VALUES (137, 'Oi', '2026-01-05 12:09:16', 1, 'read', 'text', 4, 3, 607, '2026-01-05 12:09:09', '2026-01-05 12:09:09', 4, 0);
INSERT INTO `chat` VALUES (138, '3456', '2026-01-05 12:12:26', 1, 'read', 'text', 3, 4, 608, '2026-01-05 12:12:20', '2026-01-05 12:12:20', 3, 0);
INSERT INTO `chat` VALUES (139, 'Hgt', '2026-01-05 12:12:33', 1, 'read', 'text', 4, 3, 608, '2026-01-05 12:12:26', '2026-01-05 12:12:26', 4, 0);
INSERT INTO `chat` VALUES (140, 'Olá', '2026-01-29 13:36:25', 1, 'read', 'text', 57, 3, 616, '2026-01-29 13:36:07', '2026-01-29 13:36:07', 57, 0);
INSERT INTO `chat` VALUES (141, 'Uh7', '2026-01-29 13:41:50', 1, 'read', 'text', 3, 57, 616, '2026-01-29 13:41:36', '2026-01-29 13:41:36', 3, 0);
INSERT INTO `chat` VALUES (142, 'Fdx', '2026-01-29 15:02:20', 1, 'read', 'text', 3, 57, 618, '2026-01-29 15:02:05', '2026-01-29 15:02:05', 3, 0);
INSERT INTO `chat` VALUES (143, 'Tetsw', '2026-01-29 15:02:28', 1, 'read', 'text', 57, 3, 618, '2026-01-29 15:02:13', '2026-01-29 15:02:13', 57, 0);
INSERT INTO `chat` VALUES (144, 'Teste', '2026-01-29 15:02:34', 1, 'read', 'text', 57, 3, 618, '2026-01-29 15:02:19', '2026-01-29 15:02:19', 57, 0);
INSERT INTO `chat` VALUES (145, 'Hdirie', '2026-01-29 15:02:41', 1, 'read', 'text', 3, 57, 618, '2026-01-29 15:02:27', '2026-01-29 15:02:27', 3, 0);
INSERT INTO `chat` VALUES (146, 'Rddg', '2026-01-29 15:20:26', 1, 'read', 'text', 3, 57, 621, '2026-01-29 15:20:11', '2026-01-29 15:20:11', 3, 0);
INSERT INTO `chat` VALUES (147, 'Ystws', '2026-01-29 15:20:30', 1, 'read', 'text', 57, 3, 621, '2026-01-29 15:20:15', '2026-01-29 15:20:15', 57, 0);
INSERT INTO `chat` VALUES (148, 'Jsjsjs', '2026-01-29 15:20:34', 1, 'read', 'text', 57, 3, 621, '2026-01-29 15:20:19', '2026-01-29 15:20:19', 57, 0);
INSERT INTO `chat` VALUES (149, 'Hshhs', '2026-01-29 15:20:37', 1, 'read', 'text', 57, 3, 621, '2026-01-29 15:20:22', '2026-01-29 15:20:22', 57, 0);
INSERT INTO `chat` VALUES (150, 'Fddsd', '2026-01-29 15:20:42', 1, 'read', 'text', 3, 57, 621, '2026-01-29 15:20:27', '2026-01-29 15:20:27', 3, 0);
INSERT INTO `chat` VALUES (151, 'Tete', '2026-01-29 15:35:51', 1, 'read', 'text', 57, 3, 624, '2026-01-29 15:35:36', '2026-01-29 15:35:36', 57, 0);
INSERT INTO `chat` VALUES (152, 'Teste', '2026-01-29 19:23:52', 1, 'read', 'text', 3, 57, 629, '2026-01-29 19:23:37', '2026-01-29 19:23:37', 3, 0);
INSERT INTO `chat` VALUES (153, 'Ui', '2026-01-29 19:27:32', 1, 'read', 'text', 57, 3, 629, '2026-01-29 19:27:16', '2026-01-29 19:27:16', 57, 0);
INSERT INTO `chat` VALUES (154, 'Ok', '2026-01-29 19:27:35', 1, 'read', 'text', 3, 57, 629, '2026-01-29 19:27:20', '2026-01-29 19:27:20', 3, 0);
INSERT INTO `chat` VALUES (155, 'Teste', '2026-01-29 19:27:46', 1, 'read', 'text', 3, 57, 629, '2026-01-29 19:27:31', '2026-01-29 19:27:31', 3, 0);
INSERT INTO `chat` VALUES (156, 'Gsgdhd', '2026-01-29 19:27:53', 1, 'read', 'text', 57, 3, 629, '2026-01-29 19:27:37', '2026-01-29 19:27:37', 57, 0);
INSERT INTO `chat` VALUES (157, 'Oi', '2026-01-29 19:28:55', 1, 'read', 'text', 3, 57, 630, '2026-01-29 19:28:40', '2026-01-29 19:28:40', 3, 0);
INSERT INTO `chat` VALUES (158, 'Ssjsjs', '2026-01-29 19:29:06', 1, 'read', 'text', 3, 57, 630, '2026-01-29 19:28:51', '2026-01-29 19:28:51', 3, 0);
INSERT INTO `chat` VALUES (159, 'Teste', '2026-01-29 19:31:04', 1, 'read', 'text', 3, 57, 631, '2026-01-29 19:30:49', '2026-01-29 19:30:49', 3, 0);
INSERT INTO `chat` VALUES (160, 'Thgf', '2026-01-29 19:31:11', 1, 'read', 'text', 57, 3, 631, '2026-01-29 19:30:55', '2026-01-29 19:30:55', 57, 0);
INSERT INTO `chat` VALUES (161, 'Teste', '2026-01-29 19:31:32', 1, 'read', 'text', 3, 57, 631, '2026-01-29 19:31:17', '2026-01-29 19:31:17', 3, 0);
INSERT INTO `chat` VALUES (162, 'Teste', '2026-01-29 19:51:10', 1, 'read', 'text', 3, 57, 632, '2026-01-29 19:50:55', '2026-01-29 19:50:55', 3, 0);

-- ----------------------------
-- Table structure for chat_identify
-- ----------------------------
DROP TABLE IF EXISTS `chat_identify`;
CREATE TABLE `chat_identify`  (
  `id` int(0) NOT NULL AUTO_INCREMENT,
  `id_sender` int(0) NOT NULL,
  `id_receiver` int(0) NOT NULL,
  `id_client_request` int(0) NULL DEFAULT NULL,
  `code` text CHARACTER SET utf8 COLLATE utf8_general_ci NOT NULL,
  `created_at` datetime(0) NOT NULL DEFAULT CURRENT_TIMESTAMP(0),
  `updated_at` datetime(0) NOT NULL DEFAULT CURRENT_TIMESTAMP(0) ON UPDATE CURRENT_TIMESTAMP(0),
  `id_user` int(0) NOT NULL,
  PRIMARY KEY (`id`) USING BTREE,
  INDEX `FK_4983ce2ae8122c00b87321a4ec9`(`id_user`) USING BTREE,
  CONSTRAINT `FK_4983ce2ae8122c00b87321a4ec9` FOREIGN KEY (`id_user`) REFERENCES `users` (`id`) ON DELETE RESTRICT ON UPDATE RESTRICT
) ENGINE = InnoDB CHARACTER SET = utf8 COLLATE = utf8_general_ci ROW_FORMAT = Dynamic;

-- ----------------------------
-- Records of chat_identify
-- ----------------------------

-- ----------------------------
-- Table structure for client_requests
-- ----------------------------
DROP TABLE IF EXISTS `client_requests`;
CREATE TABLE `client_requests`  (
  `id` int(0) NOT NULL AUTO_INCREMENT,
  `id_client` int(0) NOT NULL,
  `fare_offered` decimal(10, 2) NOT NULL,
  `pickup_description` varchar(255) CHARACTER SET utf8 COLLATE utf8_general_ci NOT NULL,
  `destination_description` varchar(255) CHARACTER SET utf8 COLLATE utf8_general_ci NOT NULL,
  `id_driver_assigned` int(0) NULL DEFAULT NULL,
  `fare_assigned` int(0) NULL DEFAULT NULL,
  `client_rating` decimal(5, 2) NULL DEFAULT NULL,
  `driver_rating` decimal(5, 2) NULL DEFAULT NULL,
  `pickup_position` point NOT NULL,
  `destination_position` point NOT NULL,
  `status` enum('CREATED','ACCEPTED','ON_THE_WAY','ARRIVED','TRAVELLING','FINISHED','CANCELLED','STARTED','EXPIRED') CHARACTER SET utf8 COLLATE utf8_general_ci NOT NULL DEFAULT 'CREATED',
  `created_at` datetime(0) NOT NULL DEFAULT CURRENT_TIMESTAMP(0),
  `updated_at` datetime(0) NOT NULL DEFAULT CURRENT_TIMESTAMP(0),
  `pickup_description_plus` varchar(255) CHARACTER SET utf8 COLLATE utf8_general_ci NULL DEFAULT NULL,
  `destination_description_plus` varchar(255) CHARACTER SET utf8 COLLATE utf8_general_ci NULL DEFAULT NULL,
  `clientRequestType` enum('common','scheduled','delivery','freight') CHARACTER SET utf8 COLLATE utf8_general_ci NOT NULL DEFAULT 'common',
  `scheduledFor` datetime(0) NULL DEFAULT NULL,
  `estimated_distance_km` decimal(10, 3) NULL DEFAULT NULL,
  `estimated_duration_min` int(0) NULL DEFAULT NULL,
  `current_driver_position` point NULL,
  `accepted_at` datetime(0) NULL DEFAULT NULL,
  `started_at` datetime(0) NULL DEFAULT NULL,
  `finished_at` datetime(0) NULL DEFAULT NULL,
  `cancelled_at` datetime(0) NULL DEFAULT NULL,
  `expired_at` datetime(0) NULL DEFAULT NULL,
  `payment_method` enum('cash','pix','credit_card','debit_card','wallet') CHARACTER SET utf8 COLLATE utf8_general_ci NOT NULL DEFAULT 'cash',
  `total_fare` decimal(10, 2) NULL DEFAULT NULL,
  `payment_transaction_id` varchar(100) CHARACTER SET utf8 COLLATE utf8_general_ci NULL DEFAULT NULL,
  `platform_fee` decimal(10, 2) NULL DEFAULT NULL,
  `driver_earnings` decimal(10, 2) NULL DEFAULT NULL,
  `is_paid` tinyint(0) NOT NULL DEFAULT 0,
  `client_notes` text CHARACTER SET utf8 COLLATE utf8_general_ci NULL,
  `driver_notes` text CHARACTER SET utf8 COLLATE utf8_general_ci NULL,
  `client_confirmed_arrival` tinyint(0) NOT NULL DEFAULT 0,
  `driver_confirmed_delivery` tinyint(0) NOT NULL DEFAULT 0,
  `route_polyline` json NULL,
  `cancellation_reason` json NULL,
  `device_type` enum('android','ios','web') CHARACTER SET utf8 COLLATE utf8_general_ci NOT NULL DEFAULT 'android',
  `request_source` varchar(50) CHARACTER SET utf8 COLLATE utf8_general_ci NULL DEFAULT NULL,
  `package_volume` decimal(10, 2) NULL DEFAULT NULL,
  `package_type` enum('caixa','documento','mala','envelope','outro','indefinido') CHARACTER SET utf8 COLLATE utf8_general_ci NOT NULL DEFAULT 'indefinido',
  `requires_cooling` tinyint(0) NOT NULL DEFAULT 0,
  `requires_signature` tinyint(0) NOT NULL DEFAULT 0,
  `sender_name` text CHARACTER SET utf8 COLLATE utf8_general_ci NULL,
  `sender_phone` varchar(20) CHARACTER SET utf8 COLLATE utf8_general_ci NULL DEFAULT NULL,
  `receiver_name` text CHARACTER SET utf8 COLLATE utf8_general_ci NULL,
  `receiver_phone` varchar(20) CHARACTER SET utf8 COLLATE utf8_general_ci NULL DEFAULT NULL,
  `client_ip` varchar(45) CHARACTER SET utf8 COLLATE utf8_general_ci NULL DEFAULT NULL,
  `driver_ip` varchar(45) CHARACTER SET utf8 COLLATE utf8_general_ci NULL DEFAULT NULL,
  `is_test_request` tinyint(0) NOT NULL DEFAULT 0,
  `has_issue_reported` tinyint(0) NOT NULL DEFAULT 0,
  `internal_notes` text CHARACTER SET utf8 COLLATE utf8_general_ci NULL,
  `has_issue_driver_reported` tinyint(0) NOT NULL DEFAULT 0,
  `vehicle_type` enum('car','motorcycle','bicycle','truck','van','helicopter','drone','jet','boat','jet_ski') CHARACTER SET utf8 COLLATE utf8_general_ci NOT NULL DEFAULT 'car',
  `tolerance_minutes` enum('15','20','25','30','35','40','45','50','55','60') CHARACTER SET utf8 COLLATE utf8_general_ci NOT NULL DEFAULT '15',
  `distance_text` text CHARACTER SET utf8 COLLATE utf8_general_ci NULL,
  `distance_value` float NULL DEFAULT NULL,
  `duration_text` text CHARACTER SET utf8 COLLATE utf8_general_ci NULL,
  `duration_value` float NULL DEFAULT NULL,
  `recommended_value` decimal(10, 2) NULL DEFAULT NULL,
  `km_value` float NULL DEFAULT NULL,
  `min_value` float NULL DEFAULT NULL,
  `client_report` varchar(500) CHARACTER SET utf8 COLLATE utf8_general_ci NULL DEFAULT NULL,
  `driver_report` varchar(500) CHARACTER SET utf8 COLLATE utf8_general_ci NULL DEFAULT NULL,
  `package_details` text CHARACTER SET utf8 COLLATE utf8_general_ci NULL,
  `image_package` varchar(255) CHARACTER SET utf8 COLLATE utf8_general_ci NULL DEFAULT NULL,
  `is_fragile` tinyint(0) NOT NULL DEFAULT 0,
  `package_weight` varchar(20) CHARACTER SET utf8 COLLATE utf8_general_ci NULL DEFAULT NULL,
  `receiver_cpf` varchar(11) CHARACTER SET utf8 COLLATE utf8_general_ci NULL DEFAULT NULL,
  `image_package_end` varchar(255) CHARACTER SET utf8 COLLATE utf8_general_ci NULL DEFAULT NULL,
  `code` varchar(6) CHARACTER SET utf8 COLLATE utf8_general_ci NULL DEFAULT NULL,
  `invalid_code` varchar(6) CHARACTER SET utf8 COLLATE utf8_general_ci NULL DEFAULT NULL,
  PRIMARY KEY (`id`) USING BTREE,
  UNIQUE INDEX `IDX_2412f7b7f5235edc1da308e76d`(`code`) USING BTREE,
  UNIQUE INDEX `IDX_1a3a0aeaef58e05adf0bd509fb`(`invalid_code`) USING BTREE,
  SPATIAL INDEX `IDX_cab6744c93675bd91e3da70688`(`pickup_position`),
  SPATIAL INDEX `IDX_e4a68274620d98131334d5f2ef`(`destination_position`),
  INDEX `FK_bd9c94c81851bbafd13a08fe520`(`id_client`) USING BTREE,
  INDEX `FK_395c92b71b51303ef449fb4c8bd`(`id_driver_assigned`) USING BTREE,
  CONSTRAINT `FK_395c92b71b51303ef449fb4c8bd` FOREIGN KEY (`id_driver_assigned`) REFERENCES `users` (`id`) ON DELETE RESTRICT ON UPDATE RESTRICT,
  CONSTRAINT `FK_bd9c94c81851bbafd13a08fe520` FOREIGN KEY (`id_client`) REFERENCES `users` (`id`) ON DELETE RESTRICT ON UPDATE RESTRICT
) ENGINE = InnoDB AUTO_INCREMENT = 632 CHARACTER SET = utf8 COLLATE = utf8_general_ci ROW_FORMAT = Dynamic;

-- ----------------------------
-- Records of client_requests
-- ----------------------------
INSERT INTO `client_requests` VALUES (415, 4, 41.00, 'R. Edésio de Moraes, 40 - Vila Quiera, Bragança - PA, 68606-000, Brazil', 'Caratateua, Bragança - PA, 68610-000, Brazil', 3, 41, 4.00, 2.00, ST_GeomFromText('POINT(-46.7521625943482 -1.03301575871063)'), ST_GeomFromText('POINT(-46.7218607 -0.9952703)'), 'FINISHED', '2025-11-08 20:42:59', '2025-11-13 21:14:36', '', '', 'scheduled', '2025-11-12 05:00:00', NULL, NULL, NULL, NULL, NULL, NULL, NULL, NULL, 'cash', NULL, NULL, NULL, NULL, 0, NULL, NULL, 0, 0, NULL, NULL, 'android', NULL, NULL, 'indefinido', 0, 0, NULL, NULL, NULL, NULL, NULL, NULL, 0, 0, NULL, 0, 'car', '15', '7.8 km', 7.783, '13 mins', 12.75, 36.10, 3, 1, NULL, NULL, NULL, NULL, 0, NULL, NULL, NULL, NULL, NULL);
INSERT INTO `client_requests` VALUES (416, 4, 50.00, 'R. Edésio de Moraes, 40 - Vila Quiera, Bragança - PA, 68606-000, Brazil', 'Taíra, Bragança - PA, 68600-000, Brazil', 3, 50, NULL, NULL, ST_GeomFromText('POINT(-46.7521625943482 -1.03301575871063)'), ST_GeomFromText('POINT(-46.7792927 -1.0607989)'), 'CANCELLED', '2025-11-08 20:54:52', '2025-11-13 12:00:36', '', '', 'scheduled', '2025-11-12 05:00:00', NULL, NULL, NULL, NULL, NULL, NULL, NULL, NULL, 'cash', NULL, NULL, NULL, NULL, 0, NULL, NULL, 0, 0, NULL, NULL, 'android', NULL, NULL, 'indefinido', 0, 0, NULL, NULL, NULL, NULL, NULL, NULL, 0, 0, NULL, 0, 'car', '15', '10.3 km', 10.261, '18 mins', 18.2333, 49.02, 3, 1, NULL, NULL, NULL, NULL, 0, NULL, NULL, NULL, NULL, NULL);
INSERT INTO `client_requests` VALUES (417, 4, 49.00, 'R. Edésio de Moraes, 40 - Vila Quiera, Bragança - PA, 68606-000, Brazil', 'Taíra, Bragança - PA, 68600-000, Brazil', 3, 49, NULL, NULL, ST_GeomFromText('POINT(-46.7521625943482 -1.03293765206985)'), ST_GeomFromText('POINT(-46.7792927 -1.0607989)'), 'CANCELLED', '2025-11-08 21:04:32', '2025-11-08 21:06:02', NULL, NULL, 'common', NULL, NULL, NULL, NULL, NULL, NULL, NULL, NULL, NULL, 'cash', NULL, NULL, NULL, NULL, 0, NULL, NULL, 0, 0, NULL, NULL, 'android', NULL, NULL, 'indefinido', 0, 0, NULL, NULL, NULL, NULL, NULL, NULL, 0, 0, NULL, 0, 'car', '15', '10.3 km', 10.251, '18 mins', 18.2167, 48.97, 3, 1, NULL, NULL, NULL, NULL, 0, NULL, NULL, NULL, NULL, NULL);
INSERT INTO `client_requests` VALUES (418, 4, 37.00, 'R. Edésio de Moraes, 40 - Vila Quiera, Bragança - PA, 68606-000, Brazil', 'Caratateua, Bragança - PA, 68610-000, Brazil', 3, 37, 5.00, 2.00, ST_GeomFromText('POINT(-46.7521625943482 -1.03293765206985)'), ST_GeomFromText('POINT(-46.7218607 -0.9952703)'), 'FINISHED', '2025-11-08 21:07:12', '2025-11-08 21:07:53', NULL, NULL, 'common', NULL, NULL, NULL, NULL, NULL, NULL, NULL, NULL, NULL, 'cash', NULL, NULL, NULL, NULL, 0, NULL, NULL, 0, 0, NULL, NULL, 'android', NULL, NULL, 'indefinido', 0, 0, NULL, NULL, NULL, NULL, NULL, NULL, 0, 0, NULL, 0, 'car', '15', '7.8 km', 7.772, '13 mins', 12.7333, 36.05, 3, 1, NULL, NULL, NULL, NULL, 0, NULL, NULL, NULL, NULL, NULL);
INSERT INTO `client_requests` VALUES (419, 4, 50.00, 'R. Av. Álvaro de Sousa, 60 - Vila Quiera, Bragança - PA, 68606-000, Brazil', 'Taíra, Bragança - PA, 68600-000, Brazil', 3, 50, NULL, NULL, ST_GeomFromText('POINT(-46.7520864866674 -1.0331900739535)'), ST_GeomFromText('POINT(-46.7792927 -1.0607989)'), 'CANCELLED', '2025-11-08 21:24:25', '2025-11-13 11:56:18', '', '', 'scheduled', '2025-11-11 05:00:00', NULL, NULL, NULL, NULL, NULL, NULL, NULL, NULL, 'cash', NULL, NULL, NULL, NULL, 0, NULL, NULL, 0, 0, NULL, NULL, 'android', NULL, NULL, 'indefinido', 0, 0, NULL, NULL, NULL, NULL, NULL, NULL, 0, 0, NULL, 0, 'car', '15', '10.3 km', 10.282, '18 mins', 18.2833, 49.13, 3, 1, NULL, NULL, NULL, NULL, 0, NULL, NULL, NULL, NULL, NULL);
INSERT INTO `client_requests` VALUES (420, 4, 50.00, 'R. Av. Álvaro de Sousa, 60 - Vila Quiera, Bragança - PA, 68606-000, Brazil', 'Taíra, Bragança - PA, 68600-000, Brazil', 3, 50, NULL, NULL, ST_GeomFromText('POINT(-46.7520864866674 -1.0331900739535)'), ST_GeomFromText('POINT(-46.7792927 -1.0607989)'), 'CANCELLED', '2025-11-08 21:30:28', '2025-11-13 11:55:57', '', '', 'scheduled', '2025-11-12 05:00:00', NULL, NULL, NULL, NULL, NULL, NULL, NULL, NULL, 'cash', NULL, NULL, NULL, NULL, 0, NULL, NULL, 0, 0, NULL, NULL, 'android', NULL, NULL, 'indefinido', 0, 0, NULL, NULL, NULL, NULL, NULL, NULL, 0, 0, NULL, 0, 'car', '15', '10.3 km', 10.282, '18 mins', 18.2833, 49.13, 3, 1, NULL, NULL, NULL, NULL, 0, NULL, NULL, NULL, NULL, NULL);
INSERT INTO `client_requests` VALUES (421, 4, 51.00, 'R. Av. Álvaro de Sousa, 60 - Vila Quiera, Bragança - PA, 68606-000, Brazil', 'Taíra, Bragança - PA, 68600-000, Brazil', 3, 51, 2.00, 3.00, ST_GeomFromText('POINT(-46.7520864866674 -1.0331900739535)'), ST_GeomFromText('POINT(-46.7792927 -1.0607989)'), 'FINISHED', '2025-11-08 21:31:27', '2025-11-13 22:45:10', '', '', 'scheduled', '2025-11-12 05:00:00', NULL, NULL, NULL, NULL, NULL, NULL, NULL, NULL, 'cash', NULL, NULL, NULL, NULL, 0, NULL, NULL, 0, 0, NULL, NULL, 'android', NULL, NULL, 'indefinido', 0, 0, NULL, NULL, NULL, NULL, NULL, NULL, 0, 0, NULL, 0, 'car', '15', '10.3 km', 10.282, '18 mins', 18.2833, 49.13, 3, 1, 'Teste3', 'Teste', NULL, NULL, 0, NULL, NULL, NULL, NULL, NULL);
INSERT INTO `client_requests` VALUES (422, 4, 50.00, 'R. Av. Álvaro de Sousa, 60 - Vila Quiera, Bragança - PA, 68606-000, Brazil', 'Taíra, Bragança - PA, 68600-000, Brazil', 3, 50, 2.00, 2.00, ST_GeomFromText('POINT(-46.752085480839 -1.03320683503404)'), ST_GeomFromText('POINT(-46.7792927 -1.0607989)'), 'FINISHED', '2025-11-08 21:34:30', '2025-11-08 21:34:55', NULL, NULL, 'common', NULL, NULL, NULL, NULL, NULL, NULL, NULL, NULL, NULL, 'cash', NULL, NULL, NULL, NULL, 0, NULL, NULL, 0, 0, NULL, NULL, 'android', NULL, NULL, 'indefinido', 0, 0, NULL, NULL, NULL, NULL, NULL, NULL, 0, 0, NULL, 0, 'car', '15', '10.3 km', 10.284, '18 mins', 18.3, 49.15, 3, 1, NULL, NULL, NULL, NULL, 0, NULL, NULL, NULL, NULL, NULL);
INSERT INTO `client_requests` VALUES (423, 4, 49.00, 'R. Edésio de Moraes, 40 - Vila Quiera, Bragança - PA, 68606-000, Brazil', 'Taíra, Bragança - PA, 68600-000, Brazil', 3, 50, 4.00, 3.00, ST_GeomFromText('POINT(-46.7522108741105 -1.0327150648942)'), ST_GeomFromText('POINT(-46.7792927 -1.0607989)'), 'FINISHED', '2025-11-08 21:35:35', '2025-11-08 21:36:17', NULL, NULL, 'common', NULL, NULL, NULL, NULL, NULL, NULL, NULL, NULL, NULL, 'cash', NULL, NULL, NULL, NULL, 0, NULL, NULL, 0, 0, NULL, NULL, 'android', NULL, NULL, 'indefinido', 0, 0, NULL, NULL, NULL, NULL, NULL, NULL, 0, 0, NULL, 0, 'car', '15', '10.2 km', 10.227, '18 mins', 18.1667, 48.85, 3, 1, NULL, NULL, NULL, NULL, 0, NULL, NULL, NULL, NULL, NULL);
INSERT INTO `client_requests` VALUES (424, 4, 37.00, 'R. Av. Álvaro de Sousa, 60 - Vila Quiera, Bragança - PA, 68606-000, Brazil', 'Caratateua, Bragança - PA, 68610-000, Brazil', NULL, NULL, NULL, NULL, ST_GeomFromText('POINT(-46.7521776817739 -1.0331622505596)'), ST_GeomFromText('POINT(-46.7218607 -0.9952703)'), 'CANCELLED', '2025-11-09 13:09:52', '2025-11-13 11:42:01', '', '', 'scheduled', '2025-11-13 04:30:00', NULL, NULL, NULL, NULL, NULL, NULL, NULL, NULL, 'cash', NULL, NULL, NULL, NULL, 0, NULL, NULL, 0, 0, NULL, NULL, 'android', NULL, NULL, 'indefinido', 0, 0, NULL, NULL, NULL, NULL, NULL, NULL, 0, 0, NULL, 0, 'car', '15', '7.8 km', 7.799, '13 mins', 12.8, 36.20, 3, 1, NULL, NULL, NULL, NULL, 0, NULL, NULL, NULL, NULL, NULL);
INSERT INTO `client_requests` VALUES (425, 4, 37.00, 'R. Av. Álvaro de Sousa, 60 - Vila Quiera, Bragança - PA, 68606-000, Brazil', 'Caratateua, Bragança - PA, 68610-000, Brazil', 3, 37, 4.00, 4.00, ST_GeomFromText('POINT(-46.7521015740931 -1.0331820286348)'), ST_GeomFromText('POINT(-46.7218607 -0.9952703)'), 'FINISHED', '2025-11-09 18:05:18', '2025-11-09 18:06:33', NULL, NULL, 'common', NULL, NULL, NULL, NULL, NULL, NULL, NULL, NULL, NULL, 'cash', NULL, NULL, NULL, NULL, 0, NULL, NULL, 0, 0, NULL, NULL, 'android', NULL, NULL, 'indefinido', 0, 0, NULL, NULL, NULL, NULL, NULL, NULL, 0, 0, NULL, 0, 'car', '15', '7.8 km', 7.803, '13 mins', 12.8, 36.21, 3, 1, NULL, NULL, NULL, NULL, 0, NULL, NULL, NULL, NULL, NULL);
INSERT INTO `client_requests` VALUES (426, 4, 45.00, 'R. Av. Álvaro de Sousa, 60 - Vila Quiera, Bragança - PA, 68606-000, Brazil', 'Alegre, Bragança - PA, 68600-000, Brazil', 3, 45, 2.00, 3.00, ST_GeomFromText('POINT(-46.7521310783923 -1.03313543283032)'), ST_GeomFromText('POINT(-46.7708252 -1.0632942)'), 'FINISHED', '2025-11-11 12:36:39', '2025-11-11 12:37:30', NULL, NULL, 'common', NULL, NULL, NULL, NULL, NULL, NULL, NULL, NULL, NULL, 'cash', NULL, NULL, NULL, NULL, 0, NULL, NULL, 0, 0, NULL, NULL, 'android', NULL, NULL, 'indefinido', 0, 0, NULL, NULL, NULL, NULL, NULL, NULL, 0, 0, NULL, 0, 'car', '15', '9.3 km', 9.325, '16 mins', 16.2667, 44.24, 3, 1, NULL, NULL, NULL, NULL, 0, NULL, NULL, NULL, NULL, NULL);
INSERT INTO `client_requests` VALUES (427, 4, 49.00, 'R. Edésio de Moraes, 40 - Vila Quiera, Bragança - PA, 68606-000, Brazil', 'Taíra, Bragança - PA, 68600-000, Brazil', NULL, NULL, NULL, NULL, ST_GeomFromText('POINT(-46.7522460781038 -1.03270266169268)'), ST_GeomFromText('POINT(-46.7792927 -1.0607989)'), 'CANCELLED', '2025-11-13 11:46:54', '2025-11-13 11:47:28', '', '', 'scheduled', '2025-11-18 05:00:00', NULL, NULL, NULL, NULL, NULL, NULL, NULL, NULL, 'cash', NULL, NULL, NULL, NULL, 0, NULL, NULL, 0, 0, NULL, NULL, 'android', NULL, NULL, 'indefinido', 0, 0, NULL, NULL, NULL, NULL, NULL, NULL, 0, 0, NULL, 0, 'car', '15', '10.2 km', 10.226, '18 mins', 18.15, 48.83, 3, 1, NULL, NULL, NULL, NULL, 0, NULL, NULL, NULL, NULL, NULL);
INSERT INTO `client_requests` VALUES (428, 4, 50.00, 'R. Edésio de Moraes, 40 - Vila Quiera, Bragança - PA, 68606-000, Brazil', 'Taíra, Bragança - PA, 68600-000, Brazil', NULL, NULL, NULL, NULL, ST_GeomFromText('POINT(-46.7522460781038 -1.03270266169268)'), ST_GeomFromText('POINT(-46.7792927 -1.0607989)'), 'CANCELLED', '2025-11-13 11:48:21', '2025-11-13 11:50:17', '', '', 'scheduled', '2025-11-18 06:00:00', NULL, NULL, NULL, NULL, NULL, NULL, NULL, NULL, 'cash', NULL, NULL, NULL, NULL, 0, NULL, NULL, 0, 0, NULL, NULL, 'android', NULL, NULL, 'indefinido', 0, 0, NULL, NULL, NULL, NULL, NULL, NULL, 0, 0, NULL, 0, 'car', '15', '10.2 km', 10.226, '18 mins', 18.15, 48.83, 3, 1, NULL, NULL, NULL, NULL, 0, NULL, NULL, NULL, NULL, NULL);
INSERT INTO `client_requests` VALUES (429, 4, 36.00, 'R. Edésio de Moraes, 40 - Vila Quiera, Bragança - PA, 68606-000, Brazil', 'Caratateua, Bragança - PA, 68610-000, Brazil', NULL, NULL, NULL, NULL, ST_GeomFromText('POINT(-46.7522460781038 -1.03270266169268)'), ST_GeomFromText('POINT(-46.7218607 -0.9952703)'), 'CANCELLED', '2025-11-13 11:51:13', '2025-11-13 11:51:28', '', '', 'scheduled', '2025-11-17 05:30:00', NULL, NULL, NULL, NULL, NULL, NULL, NULL, NULL, 'cash', NULL, NULL, NULL, NULL, 0, NULL, NULL, 0, 0, NULL, NULL, 'android', NULL, NULL, 'indefinido', 0, 0, NULL, NULL, NULL, NULL, NULL, NULL, 0, 0, NULL, 0, 'car', '15', '7.7 km', 7.748, '13 mins', 12.6667, 35.91, 3, 1, NULL, NULL, NULL, NULL, 0, NULL, NULL, NULL, NULL, NULL);
INSERT INTO `client_requests` VALUES (430, 4, 37.00, 'R. Av. Álvaro de Sousa, 60 - Vila Quiera, Bragança - PA, 68606-000, Brazil', 'Caratateua, Bragança - PA, 68610-000, Brazil', NULL, NULL, NULL, NULL, ST_GeomFromText('POINT(-46.7520673759282 -1.03322493700092)'), ST_GeomFromText('POINT(-46.7218607 -0.9952703)'), 'CANCELLED', '2025-11-14 13:38:39', '2025-11-14 13:49:13', '', '', 'scheduled', '2025-11-19 05:30:00', NULL, NULL, NULL, NULL, NULL, NULL, NULL, NULL, 'cash', NULL, NULL, NULL, NULL, 0, NULL, NULL, 0, 0, NULL, NULL, 'android', NULL, NULL, 'indefinido', 0, 0, NULL, NULL, NULL, NULL, NULL, NULL, 0, 0, NULL, 0, 'car', '15', '7.8 km', 7.808, '13 mins', 12.8167, 36.24, 3, 1, NULL, NULL, NULL, NULL, 0, NULL, NULL, NULL, NULL, NULL);
INSERT INTO `client_requests` VALUES (431, 4, 38.00, 'R. Av. Álvaro de Sousa, 60 - Vila Quiera, Bragança - PA, 68606-000, Brazil', 'Caratateua, Bragança - PA, 68610-000, Brazil', 3, 38, NULL, NULL, ST_GeomFromText('POINT(-46.7520673759282 -1.03322493700092)'), ST_GeomFromText('POINT(-46.7218607 -0.9952703)'), 'CANCELLED', '2025-11-14 13:50:22', '2025-12-15 16:17:18', '', '', 'scheduled', '2025-11-18 05:00:00', NULL, NULL, NULL, NULL, NULL, NULL, NULL, NULL, 'cash', NULL, NULL, NULL, NULL, 0, NULL, NULL, 0, 0, NULL, NULL, 'android', NULL, NULL, 'indefinido', 0, 0, NULL, NULL, NULL, NULL, NULL, NULL, 0, 0, NULL, 0, 'car', '15', '7.8 km', 7.808, '13 mins', 12.8167, 36.24, 3, 1, NULL, NULL, NULL, NULL, 0, NULL, NULL, NULL, NULL, NULL);
INSERT INTO `client_requests` VALUES (432, 4, 40.00, 'R. Av. Álvaro de Sousa, 60 - Vila Quiera, Bragança - PA, 68606-000, Brazil', 'Riozinho, Bragança - PA, 68600-000, Brazil', NULL, NULL, NULL, NULL, ST_GeomFromText('POINT(-46.7521136440337 -1.0331820286348)'), ST_GeomFromText('POINT(-46.7633564 -1.0618906)'), 'EXPIRED', '2025-11-14 22:44:49', '2025-11-14 22:45:45', NULL, NULL, 'common', NULL, NULL, NULL, NULL, NULL, NULL, NULL, NULL, NULL, 'cash', NULL, NULL, NULL, NULL, 0, NULL, NULL, 0, 0, NULL, NULL, 'android', NULL, NULL, 'indefinido', 0, 0, NULL, NULL, NULL, NULL, NULL, NULL, 0, 0, NULL, 0, 'car', '15', '8.5 km', 8.503, '14 mins', 14.2333, 39.74, 3, 1, NULL, NULL, NULL, NULL, 0, NULL, NULL, NULL, NULL, NULL);
INSERT INTO `client_requests` VALUES (433, 4, 40.00, 'R. Av. Álvaro de Sousa, 60 - Vila Quiera, Bragança - PA, 68606-000, Brazil', 'Riozinho, Bragança - PA, 68600-000, Brazil', NULL, NULL, NULL, NULL, ST_GeomFromText('POINT(-46.7521136440337 -1.0331820286348)'), ST_GeomFromText('POINT(-46.7633564 -1.0618906)'), 'EXPIRED', '2025-11-14 22:54:17', '2025-11-14 22:58:05', NULL, NULL, 'common', NULL, NULL, NULL, NULL, NULL, NULL, NULL, NULL, NULL, 'cash', NULL, NULL, NULL, NULL, 0, NULL, NULL, 0, 0, NULL, NULL, 'android', NULL, NULL, 'indefinido', 0, 0, NULL, NULL, NULL, NULL, NULL, NULL, 0, 0, NULL, 0, 'car', '15', '8.5 km', 8.503, '14 mins', 14.2333, 39.74, 3, 1, NULL, NULL, NULL, NULL, 0, NULL, NULL, NULL, NULL, NULL);
INSERT INTO `client_requests` VALUES (434, 4, 40.00, 'R. Av. Álvaro de Sousa, 60 - Vila Quiera, Bragança - PA, 68606-000, Brazil', 'Riozinho, Bragança - PA, 68600-000, Brazil', NULL, NULL, NULL, NULL, ST_GeomFromText('POINT(-46.7521136440337 -1.0331820286348)'), ST_GeomFromText('POINT(-46.7633564 -1.0618906)'), 'EXPIRED', '2025-11-14 23:38:22', '2025-11-14 23:40:42', NULL, NULL, 'delivery', NULL, NULL, NULL, NULL, NULL, NULL, NULL, NULL, NULL, 'cash', NULL, NULL, NULL, NULL, 0, NULL, NULL, 0, 0, NULL, NULL, 'android', NULL, NULL, 'indefinido', 0, 0, 'Lucas', '91985552722', 'Teste5', '91985233633', NULL, NULL, 0, 0, NULL, 0, 'car', '15', '8.5 km', 8.503, '14 mins', 14.2333, 39.74, 3, 1, NULL, NULL, 'Teste4', NULL, 1, '5kg a 10kg', NULL, NULL, NULL, NULL);
INSERT INTO `client_requests` VALUES (435, 4, 37.00, 'R. Av. Álvaro de Sousa, 60 - Vila Quiera, Bragança - PA, 68606-000, Brazil', 'Caratateua, Bragança - PA, 68610-000, Brazil', NULL, NULL, NULL, NULL, ST_GeomFromText('POINT(-46.7521045915782 -1.03317364809448)'), ST_GeomFromText('POINT(-46.7218607 -0.9952703)'), 'EXPIRED', '2025-11-14 23:41:43', '2025-11-14 23:41:58', NULL, NULL, 'common', NULL, NULL, NULL, NULL, NULL, NULL, NULL, NULL, NULL, 'cash', NULL, NULL, NULL, NULL, 0, NULL, NULL, 0, 0, NULL, NULL, 'android', NULL, NULL, 'indefinido', 0, 0, NULL, NULL, NULL, NULL, NULL, NULL, 0, 0, NULL, 0, 'car', '15', '7.8 km', 7.802, '13 mins', 12.8, 36.21, 3, 1, NULL, NULL, NULL, NULL, 0, NULL, NULL, NULL, NULL, NULL);
INSERT INTO `client_requests` VALUES (436, 4, 55.00, 'R. Edésio de Moraes, 40 - Vila Quiera, Bragança - PA, 68606-000, Brazil', 'Taíra, Bragança - PA, 68600-000, Brazil', 3, 55, NULL, NULL, ST_GeomFromText('POINT(-46.7522581480443 -1.03290915823046)'), ST_GeomFromText('POINT(-46.7792927 -1.0607989)'), 'CANCELLED', '2025-11-15 23:40:11', '2025-11-15 23:41:03', NULL, NULL, 'delivery', NULL, NULL, NULL, NULL, NULL, NULL, NULL, NULL, NULL, 'cash', NULL, NULL, NULL, NULL, 0, NULL, NULL, 0, 0, NULL, NULL, 'android', NULL, NULL, 'caixa', 0, 0, 'Lucas', '91985552722', 'Karla', '91936369632', NULL, NULL, 0, 0, NULL, 0, 'car', '15', '10.2 km', 10.249, '18 mins', 18.2167, 48.96, 3, 1, NULL, NULL, 'Teste Report', NULL, 0, '5kg a 10kg', NULL, NULL, NULL, NULL);
INSERT INTO `client_requests` VALUES (438, 4, 55.00, 'R. Edésio de Moraes, 40 - Vila Quiera, Bragança - PA, 68606-000, Brazil', 'Taíra, Bragança - PA, 68600-000, Brazil', 3, 55, NULL, NULL, ST_GeomFromText('POINT(-46.7522581480443 -1.03290915823046)'), ST_GeomFromText('POINT(-46.7792927 -1.0607989)'), 'CANCELLED', '2025-11-15 23:41:46', '2025-11-15 23:45:05', NULL, NULL, 'delivery', NULL, NULL, NULL, NULL, NULL, NULL, NULL, NULL, NULL, 'cash', NULL, NULL, NULL, NULL, 0, NULL, NULL, 0, 0, NULL, NULL, 'android', NULL, NULL, 'caixa', 0, 0, 'Lucas', '91985552722', 'Karla', '91936369632', NULL, NULL, 0, 0, NULL, 0, 'car', '15', '10.2 km', 10.249, '18 mins', 18.2167, 48.96, 3, 1, NULL, NULL, 'Teste Report', NULL, 0, '5kg a 10kg', NULL, NULL, NULL, NULL);
INSERT INTO `client_requests` VALUES (440, 4, 55.00, 'R. Edésio de Moraes, 40 - Vila Quiera, Bragança - PA, 68606-000, Brazil', 'Taíra, Bragança - PA, 68600-000, Brazil', 3, 55, 4.00, 2.00, ST_GeomFromText('POINT(-46.7522581480443 -1.03290915823046)'), ST_GeomFromText('POINT(-46.7792927 -1.0607989)'), 'FINISHED', '2025-11-15 23:50:12', '2025-11-15 23:51:22', NULL, NULL, 'delivery', NULL, NULL, NULL, NULL, NULL, NULL, NULL, NULL, NULL, 'cash', NULL, NULL, NULL, NULL, 0, NULL, NULL, 0, 0, NULL, NULL, 'android', NULL, NULL, 'caixa', 0, 0, 'Lucas', '91985552722', 'Karla', '91936369631', NULL, NULL, 0, 0, NULL, 0, 'car', '15', '10.2 km', 10.249, '18 mins', 18.2167, 48.96, 3, 1, NULL, NULL, 'Teste Report', NULL, 0, '5kg a 10kg', NULL, NULL, NULL, NULL);
INSERT INTO `client_requests` VALUES (441, 4, 37.00, 'R. Av. Álvaro de Sousa, 60 - Vila Quiera, Bragança - PA, 68606-000, Brazil', 'Caratateua, Bragança - PA, 68610-000, Brazil', 3, 37, 4.00, 3.00, ST_GeomFromText('POINT(-46.7520834691823 -1.03321756212553)'), ST_GeomFromText('POINT(-46.7218607 -0.9952703)'), 'FINISHED', '2025-11-16 00:03:55', '2025-11-16 00:15:05', NULL, NULL, 'delivery', NULL, NULL, NULL, NULL, NULL, NULL, NULL, NULL, NULL, 'cash', NULL, NULL, NULL, NULL, 0, NULL, NULL, 0, 0, NULL, NULL, 'android', NULL, NULL, 'caixa', 0, 0, 'Lucas', '91985552722', 'Lian', '91986655636', NULL, NULL, 0, 0, NULL, 0, 'car', '15', '7.8 km', 7.807, '13 mins', 12.8167, 36.24, 3, 1, NULL, NULL, 'Teste', NULL, 0, '5kg a 10kg', '53212312336', NULL, NULL, NULL);
INSERT INTO `client_requests` VALUES (442, 4, 36.00, 'R. Edésio de Moraes, 40 - Vila Quiera, Bragança - PA, 68606-000, Brazil', 'Caratateua, Bragança - PA, 68610-000, Brazil', 3, 36, NULL, NULL, ST_GeomFromText('POINT(-46.7522269673645 -1.0327123831209)'), ST_GeomFromText('POINT(-46.7218607 -0.9952703)'), 'CANCELLED', '2025-11-16 00:17:00', '2025-11-16 00:17:45', NULL, NULL, 'delivery', NULL, NULL, NULL, NULL, NULL, NULL, NULL, NULL, NULL, 'cash', NULL, NULL, NULL, NULL, 0, NULL, NULL, 0, 0, NULL, NULL, 'android', NULL, NULL, 'indefinido', 0, 0, 'Lucas', '91985552722', 'Fael', '91985652335', NULL, NULL, 0, 0, NULL, 0, 'car', '15', '7.7 km', 7.749, '13 mins', 12.6667, 35.91, 3, 1, NULL, NULL, 'Teste', NULL, 0, '5kg a 10kg', '53212324523', NULL, NULL, NULL);
INSERT INTO `client_requests` VALUES (443, 4, 37.00, 'R. Av. Álvaro de Sousa, 60 - Vila Quiera, Bragança - PA, 68606-000, Brazil', 'Caratateua, Bragança - PA, 68610-000, Brazil', 3, 37, NULL, NULL, ST_GeomFromText('POINT(-46.752101238817 -1.03319878971538)'), ST_GeomFromText('POINT(-46.7218607 -0.9952703)'), 'CANCELLED', '2025-11-16 00:19:50', '2025-11-16 00:20:46', NULL, NULL, 'delivery', NULL, NULL, NULL, NULL, NULL, NULL, NULL, NULL, NULL, 'cash', NULL, NULL, NULL, NULL, 0, NULL, NULL, 0, 0, NULL, NULL, 'android', NULL, NULL, 'indefinido', 0, 0, 'Lucas', '91985552722', 'Gael', '91986363532', NULL, NULL, 0, 0, NULL, 0, 'car', '15', '7.8 km', 7.805, '13 mins', 12.8167, 36.23, 3, 1, NULL, NULL, 'Teste', NULL, 0, '5kg a 10kg', '53312336965', NULL, NULL, NULL);
INSERT INTO `client_requests` VALUES (444, 4, 37.00, 'R. Av. Álvaro de Sousa, 60 - Vila Quiera, Bragança - PA, 68606-000, Brazil', 'Caratateua, Bragança - PA, 68610-000, Brazil', 3, 37, 4.00, 3.00, ST_GeomFromText('POINT(-46.7520898394287 -1.03323331754111)'), ST_GeomFromText('POINT(-46.7218607 -0.9952703)'), 'FINISHED', '2025-11-16 00:22:25', '2025-11-16 00:22:54', NULL, NULL, 'common', NULL, NULL, NULL, NULL, NULL, NULL, NULL, NULL, NULL, 'cash', NULL, NULL, NULL, NULL, 0, NULL, NULL, 0, 0, NULL, NULL, 'android', NULL, NULL, 'indefinido', 0, 0, NULL, NULL, NULL, NULL, NULL, NULL, 0, 0, NULL, 0, 'car', '15', '7.8 km', 7.808, '13 mins', 12.8167, 36.24, 3, 1, NULL, NULL, NULL, NULL, 0, NULL, NULL, NULL, NULL, NULL);
INSERT INTO `client_requests` VALUES (445, 4, 49.00, 'R. Edésio de Moraes, 40 - Vila Quiera, Bragança - PA, 68606-000, Brazil', 'Taíra, Bragança - PA, 68600-000, Brazil', 3, 49, 5.00, 2.00, ST_GeomFromText('POINT(-46.7522246204317 -1.03271841711081)'), ST_GeomFromText('POINT(-46.7792927 -1.0607989)'), 'FINISHED', '2025-11-16 00:25:02', '2025-11-16 00:25:49', NULL, NULL, 'delivery', NULL, NULL, NULL, NULL, NULL, NULL, NULL, NULL, NULL, 'cash', NULL, NULL, NULL, NULL, 0, NULL, NULL, 0, 0, NULL, NULL, 'android', NULL, NULL, 'indefinido', 0, 0, 'Lucas', '91985552722', 'Teste', '91985563535', NULL, NULL, 0, 0, NULL, 0, 'car', '15', '10.2 km', 10.228, '18 mins', 18.1667, 48.85, 3, 1, NULL, NULL, 'Teste', NULL, 0, '1kg a 5kg', '53323635856', NULL, NULL, NULL);
INSERT INTO `client_requests` VALUES (446, 4, 37.00, 'R. Av. Álvaro de Sousa, 60 - Vila Quiera, Bragança - PA, 68606-000, Brazil', 'Caratateua, Bragança - PA, 68610-000, Brazil', 3, 37, 3.00, 2.00, ST_GeomFromText('POINT(-46.7520945332944 -1.03320180670988)'), ST_GeomFromText('POINT(-46.7218607 -0.9952703)'), 'FINISHED', '2025-11-16 00:38:06', '2025-11-16 00:38:45', NULL, NULL, 'delivery', NULL, NULL, NULL, NULL, NULL, NULL, NULL, NULL, NULL, 'cash', NULL, NULL, NULL, NULL, 0, NULL, NULL, 0, 0, NULL, NULL, 'android', NULL, NULL, 'caixa', 0, 0, 'Lucas', '91985552722', 'João', '91986633225', NULL, NULL, 0, 0, NULL, 0, 'car', '15', '7.8 km', 7.805, '13 mins', 12.8167, 36.23, 3, 1, NULL, NULL, 'Teste', NULL, 0, '5kg a 10kg', '42512325841', NULL, NULL, NULL);
INSERT INTO `client_requests` VALUES (447, 4, 50.00, 'R. Av. Álvaro de Sousa, 60 - Vila Quiera, Bragança - PA, 68606-000, Brazil', 'Taíra, Bragança - PA, 68600-000, Brazil', 3, 35, NULL, NULL, ST_GeomFromText('POINT(-46.7520791105926 -1.03321789734715)'), ST_GeomFromText('POINT(-46.7792927 -1.0607989)'), 'EXPIRED', '2025-11-16 00:40:37', '2025-11-16 00:42:03', NULL, NULL, 'delivery', NULL, NULL, NULL, NULL, NULL, NULL, NULL, NULL, NULL, 'cash', NULL, NULL, NULL, NULL, 0, NULL, NULL, 0, 0, NULL, NULL, 'android', NULL, NULL, 'caixa', 0, 0, 'Lucas', '91985552722', 'Silva', '91986585635', NULL, NULL, 0, 0, NULL, 0, 'car', '15', '10.3 km', 10.285, '18 mins', 18.3, 49.16, 3, 1, NULL, NULL, 'Teste', NULL, 0, '5kg a 10kg', '53214756968', NULL, NULL, NULL);
INSERT INTO `client_requests` VALUES (448, 4, 50.00, 'R. Av. Álvaro de Sousa, 60 - Vila Quiera, Bragança - PA, 68606-000, Brazil', 'Taíra, Bragança - PA, 68600-000, Brazil', 3, 45, NULL, NULL, ST_GeomFromText('POINT(-46.7520791105926 -1.03321789734715)'), ST_GeomFromText('POINT(-46.7792927 -1.0607989)'), 'CANCELLED', '2025-11-16 00:42:10', '2025-11-16 00:42:45', NULL, NULL, 'delivery', NULL, NULL, NULL, NULL, NULL, NULL, NULL, NULL, NULL, 'cash', NULL, NULL, NULL, NULL, 0, NULL, NULL, 0, 0, NULL, NULL, 'android', NULL, NULL, 'caixa', 0, 0, 'Lucas', '91985552722', 'Silva', '91986585635', NULL, NULL, 0, 0, NULL, 0, 'car', '15', '10.3 km', 10.285, '18 mins', 18.3, 49.16, 3, 1, NULL, NULL, 'Teste', NULL, 0, '5kg a 10kg', '53214756968', NULL, NULL, NULL);
INSERT INTO `client_requests` VALUES (449, 4, 50.00, 'R. Av. Álvaro de Sousa, 60 - Vila Quiera, Bragança - PA, 68606-000, Brazil', 'Taíra, Bragança - PA, 68600-000, Brazil', 3, 55, 4.00, 3.00, ST_GeomFromText('POINT(-46.7520791105926 -1.03321789734715)'), ST_GeomFromText('POINT(-46.7792927 -1.0607989)'), 'FINISHED', '2025-11-16 00:44:12', '2025-11-16 00:44:41', NULL, NULL, 'delivery', NULL, NULL, NULL, NULL, NULL, NULL, NULL, NULL, NULL, 'cash', NULL, NULL, NULL, NULL, 0, NULL, NULL, 0, 0, NULL, NULL, 'android', NULL, NULL, 'caixa', 0, 0, 'Lucas', '91985552722', 'Silva', '91986585635', NULL, NULL, 0, 0, NULL, 0, 'car', '15', '10.3 km', 10.285, '18 mins', 18.3, 49.16, 3, 1, NULL, NULL, 'Teste', NULL, 0, '5kg a 10kg', '53214756968', NULL, NULL, NULL);
INSERT INTO `client_requests` VALUES (450, 4, 50.00, 'R. Av. Álvaro de Sousa, 60 - Vila Quiera, Bragança - PA, 68606-000, Brazil', 'Taíra, Bragança - PA, 68600-000, Brazil', 3, 50, NULL, NULL, ST_GeomFromText('POINT(-46.7520821280777 -1.03321353946623)'), ST_GeomFromText('POINT(-46.7792927 -1.0607989)'), 'CANCELLED', '2025-11-16 01:04:46', '2025-12-15 16:16:55', '', '', 'scheduled', '2025-11-20 05:00:00', NULL, NULL, NULL, NULL, NULL, NULL, NULL, NULL, 'cash', NULL, NULL, NULL, NULL, 0, NULL, NULL, 0, 0, NULL, NULL, 'android', NULL, NULL, 'indefinido', 0, 0, NULL, NULL, NULL, NULL, NULL, NULL, 0, 0, NULL, 0, 'car', '15', '10.3 km', 10.285, '18 mins', 18.3, 49.16, 3, 1, NULL, NULL, NULL, NULL, 0, NULL, NULL, NULL, NULL, NULL);
INSERT INTO `client_requests` VALUES (451, 4, 36.00, 'R. Edésio de Moraes, 40 - Vila Quiera, Bragança - PA, 68606-000, Brazil', 'Caratateua, Bragança - PA, 68610-000, Brazil', 3, 39, 4.00, 3.00, ST_GeomFromText('POINT(-46.7522296495736 -1.03276467769976)'), ST_GeomFromText('POINT(-46.7218607 -0.9952703)'), 'FINISHED', '2025-11-17 20:33:53', '2025-11-17 20:36:00', NULL, NULL, 'common', NULL, NULL, NULL, NULL, NULL, NULL, NULL, NULL, NULL, 'cash', NULL, NULL, NULL, NULL, 0, NULL, NULL, 0, 0, NULL, NULL, 'android', NULL, NULL, 'indefinido', 0, 0, NULL, NULL, NULL, NULL, NULL, NULL, 0, 0, NULL, 0, 'car', '15', '7.8 km', 7.754, '13 mins', 12.6833, 35.95, 3, 1, NULL, NULL, NULL, NULL, 0, NULL, NULL, NULL, NULL, NULL);
INSERT INTO `client_requests` VALUES (452, 4, 49.00, 'R. Edésio de Moraes, 40 - Vila Quiera, Bragança - PA, 68606-000, Brazil', 'Taíra, Bragança - PA, 68600-000, Brazil', 3, 49, 4.00, 2.00, ST_GeomFromText('POINT(-46.7522661946714 -1.03269193459945)'), ST_GeomFromText('POINT(-46.7792927 -1.0607989)'), 'FINISHED', '2025-11-17 20:36:34', '2025-11-17 20:37:11', NULL, NULL, 'common', NULL, NULL, NULL, NULL, NULL, NULL, NULL, NULL, NULL, 'cash', NULL, NULL, NULL, NULL, 0, NULL, NULL, 0, 0, NULL, NULL, 'android', NULL, NULL, 'indefinido', 0, 0, NULL, NULL, NULL, NULL, NULL, NULL, 0, 0, NULL, 0, 'car', '15', '10.2 km', 10.225, '18 mins', 18.15, 48.82, 3, 1, NULL, NULL, NULL, NULL, 0, NULL, NULL, NULL, NULL, NULL);
INSERT INTO `client_requests` VALUES (453, 4, 44.00, 'R. Edésio de Moraes, 40 - Vila Quiera, Bragança - PA, 68606-000, Brazil', 'Alegre, Bragança - PA, 68600-000, Brazil', 3, 45, 4.00, 3.00, ST_GeomFromText('POINT(-46.7522661946714 -1.03269193459945)'), ST_GeomFromText('POINT(-46.7708252 -1.0632942)'), 'FINISHED', '2025-11-17 20:38:04', '2025-11-17 20:39:10', NULL, NULL, 'common', NULL, NULL, NULL, NULL, NULL, NULL, NULL, NULL, NULL, 'cash', NULL, NULL, NULL, NULL, 0, NULL, NULL, 0, 0, NULL, NULL, 'android', NULL, NULL, 'indefinido', 0, 0, NULL, NULL, NULL, NULL, NULL, NULL, 0, 0, NULL, 0, 'car', '15', '9.3 km', 9.276, '16 mins', 16.15, 43.98, 3, 1, NULL, NULL, NULL, NULL, 0, NULL, NULL, NULL, NULL, NULL);
INSERT INTO `client_requests` VALUES (454, 4, 37.00, 'R. Edésio de Moraes, 40 - Vila Quiera, Bragança - PA, 68606-000, Brazil', 'Caratateua, Bragança - PA, 68610-000, Brazil', 3, 37, NULL, NULL, ST_GeomFromText('POINT(-46.7522661946714 -1.03269193459945)'), ST_GeomFromText('POINT(-46.7218607 -0.9952703)'), 'CANCELLED', '2025-11-17 21:19:21', '2025-11-20 09:58:17', '', '', 'scheduled', '2025-11-21 04:30:00', NULL, NULL, NULL, NULL, NULL, NULL, NULL, NULL, 'cash', NULL, NULL, NULL, NULL, 0, NULL, NULL, 0, 0, NULL, NULL, 'android', NULL, NULL, 'indefinido', 0, 0, NULL, NULL, NULL, NULL, NULL, NULL, 0, 0, NULL, 0, 'car', '15', '7.7 km', 7.747, '13 mins', 12.6667, 35.91, 3, 1, NULL, NULL, NULL, NULL, 0, NULL, NULL, NULL, NULL, NULL);
INSERT INTO `client_requests` VALUES (455, 4, 38.00, 'R. Edésio de Moraes, 40 - Vila Quiera, Bragança - PA, 68606-000, Brazil', 'Caratateua, Bragança - PA, 68610-000, Brazil', 3, 38, NULL, NULL, ST_GeomFromText('POINT(-46.7522661946714 -1.03269193459945)'), ST_GeomFromText('POINT(-46.7218607 -0.9952703)'), 'CANCELLED', '2025-11-17 21:23:46', '2025-11-20 09:15:49', '', '', 'scheduled', '2025-11-19 03:30:00', NULL, NULL, NULL, NULL, NULL, NULL, NULL, NULL, 'cash', NULL, NULL, NULL, NULL, 0, NULL, NULL, 0, 0, NULL, NULL, 'android', NULL, NULL, 'indefinido', 0, 0, NULL, NULL, NULL, NULL, NULL, NULL, 0, 0, NULL, 0, 'car', '15', '7.7 km', 7.747, '13 mins', 12.6667, 35.91, 3, 1, NULL, NULL, NULL, NULL, 0, NULL, NULL, NULL, NULL, NULL);
INSERT INTO `client_requests` VALUES (456, 4, 40.00, 'R. Edésio de Moraes, 40 - Vila Quiera, Bragança - PA, 68606-000, Brazil', 'Caratateua, Bragança - PA, 68610-000, Brazil', NULL, NULL, NULL, NULL, ST_GeomFromText('POINT(-46.7522661946714 -1.03269193459945)'), ST_GeomFromText('POINT(-46.7218607 -0.9952703)'), 'CREATED', '2025-11-17 21:32:20', '2025-11-17 21:32:20', '', '', 'scheduled', '2025-11-21 05:00:00', NULL, NULL, NULL, NULL, NULL, NULL, NULL, NULL, 'cash', NULL, NULL, NULL, NULL, 0, NULL, NULL, 0, 0, NULL, NULL, 'android', NULL, NULL, 'indefinido', 0, 0, NULL, NULL, NULL, NULL, NULL, NULL, 0, 0, NULL, 0, 'car', '15', '7.7 km', 7.747, '13 mins', 12.6667, 35.91, 3, 1, NULL, NULL, NULL, NULL, 0, NULL, NULL, NULL, NULL, NULL);
INSERT INTO `client_requests` VALUES (457, 4, 41.00, 'R. Av. Álvaro de Sousa, 60 - Vila Quiera, Bragança - PA, 68606-000, Brazil', 'Caratateua, Bragança - PA, 68610-000, Brazil', NULL, NULL, NULL, NULL, ST_GeomFromText('POINT(-46.7521126382053 -1.03316359144606)'), ST_GeomFromText('POINT(-46.7218607 -0.9952703)'), 'EXPIRED', '2025-11-17 22:39:23', '2025-11-17 22:42:29', NULL, NULL, 'common', NULL, NULL, NULL, NULL, NULL, NULL, NULL, NULL, NULL, 'cash', NULL, NULL, NULL, NULL, 0, NULL, NULL, 0, 0, NULL, NULL, 'android', NULL, NULL, 'indefinido', 0, 0, NULL, NULL, NULL, NULL, NULL, NULL, 0, 0, NULL, 0, 'car', '15', '7.8 km', 7.799, '13 mins', 12.8, 36.20, 3, 1, NULL, NULL, NULL, NULL, 0, NULL, NULL, NULL, NULL, NULL);
INSERT INTO `client_requests` VALUES (458, 4, 41.00, 'R. Av. Álvaro de Sousa, 60 - Vila Quiera, Bragança - PA, 68606-000, Brazil', 'Caratateua, Bragança - PA, 68610-000, Brazil', NULL, NULL, NULL, NULL, ST_GeomFromText('POINT(-46.7521126382053 -1.03316359144606)'), ST_GeomFromText('POINT(-46.7218607 -0.9952703)'), 'EXPIRED', '2025-11-17 22:46:27', '2025-11-17 22:47:15', NULL, NULL, 'common', NULL, NULL, NULL, NULL, NULL, NULL, NULL, NULL, NULL, 'cash', NULL, NULL, NULL, NULL, 0, NULL, NULL, 0, 0, NULL, NULL, 'android', NULL, NULL, 'indefinido', 0, 0, NULL, NULL, NULL, NULL, NULL, NULL, 0, 0, NULL, 0, 'car', '15', '7.8 km', 7.799, '13 mins', 12.8, 36.20, 3, 1, NULL, NULL, NULL, NULL, 0, NULL, NULL, NULL, NULL, NULL);
INSERT INTO `client_requests` VALUES (459, 4, 41.00, 'R. Av. Álvaro de Sousa, 60 - Vila Quiera, Bragança - PA, 68606-000, Brazil', 'Caratateua, Bragança - PA, 68610-000, Brazil', NULL, NULL, NULL, NULL, ST_GeomFromText('POINT(-46.7521126382053 -1.03316359144606)'), ST_GeomFromText('POINT(-46.7218607 -0.9952703)'), 'EXPIRED', '2025-11-17 22:47:55', '2025-11-17 22:48:35', NULL, NULL, 'common', NULL, NULL, NULL, NULL, NULL, NULL, NULL, NULL, NULL, 'cash', NULL, NULL, NULL, NULL, 0, NULL, NULL, 0, 0, NULL, NULL, 'android', NULL, NULL, 'indefinido', 0, 0, NULL, NULL, NULL, NULL, NULL, NULL, 0, 0, NULL, 0, 'car', '15', '7.8 km', 7.799, '13 mins', 12.8, 36.20, 3, 1, NULL, NULL, NULL, NULL, 0, NULL, NULL, NULL, NULL, NULL);
INSERT INTO `client_requests` VALUES (460, 4, 41.00, 'R. Av. Álvaro de Sousa, 60 - Vila Quiera, Bragança - PA, 68606-000, Brazil', 'Caratateua, Bragança - PA, 68610-000, Brazil', NULL, NULL, NULL, NULL, ST_GeomFromText('POINT(-46.7521126382053 -1.03316359144606)'), ST_GeomFromText('POINT(-46.7218607 -0.9952703)'), 'EXPIRED', '2025-11-17 22:50:45', '2025-11-17 22:52:40', NULL, NULL, 'common', NULL, NULL, NULL, NULL, NULL, NULL, NULL, NULL, NULL, 'cash', NULL, NULL, NULL, NULL, 0, NULL, NULL, 0, 0, NULL, NULL, 'android', NULL, NULL, 'indefinido', 0, 0, NULL, NULL, NULL, NULL, NULL, NULL, 0, 0, NULL, 0, 'car', '15', '7.8 km', 7.799, '13 mins', 12.8, 36.20, 3, 1, NULL, NULL, NULL, NULL, 0, NULL, NULL, NULL, NULL, NULL);
INSERT INTO `client_requests` VALUES (461, 4, 41.00, 'R. Av. Álvaro de Sousa, 60 - Vila Quiera, Bragança - PA, 68606-000, Brazil', 'Caratateua, Bragança - PA, 68610-000, Brazil', 3, 56, 2.00, 3.00, ST_GeomFromText('POINT(-46.7521126382053 -1.03316359144606)'), ST_GeomFromText('POINT(-46.7218607 -0.9952703)'), 'FINISHED', '2025-11-17 22:52:55', '2025-11-17 22:54:00', NULL, NULL, 'common', NULL, NULL, NULL, NULL, NULL, NULL, NULL, NULL, NULL, 'cash', NULL, NULL, NULL, NULL, 0, NULL, NULL, 0, 0, NULL, NULL, 'android', NULL, NULL, 'indefinido', 0, 0, NULL, NULL, NULL, NULL, NULL, NULL, 0, 0, NULL, 0, 'car', '15', '7.8 km', 7.799, '13 mins', 12.8, 36.20, 3, 1, NULL, NULL, NULL, NULL, 0, NULL, NULL, NULL, NULL, NULL);
INSERT INTO `client_requests` VALUES (462, 4, 37.00, 'R. Av. Álvaro de Sousa, 60 - Vila Quiera, Bragança - PA, 68606-000, Brazil', 'Caratateua, Bragança - PA, 68610-000, Brazil', NULL, NULL, NULL, NULL, ST_GeomFromText('POINT(-46.7521126382053 -1.03316359144606)'), ST_GeomFromText('POINT(-46.7218607 -0.9952703)'), 'EXPIRED', '2025-11-17 23:01:10', '2025-11-17 23:01:35', NULL, NULL, 'common', NULL, NULL, NULL, NULL, NULL, NULL, NULL, NULL, NULL, 'cash', NULL, NULL, NULL, NULL, 0, NULL, NULL, 0, 0, NULL, NULL, 'android', NULL, NULL, 'indefinido', 0, 0, NULL, NULL, NULL, NULL, NULL, NULL, 0, 0, NULL, 0, 'car', '15', '7.8 km', 7.799, '13 mins', 12.8, 36.20, 3, 1, NULL, NULL, NULL, NULL, 0, NULL, NULL, NULL, NULL, NULL);
INSERT INTO `client_requests` VALUES (463, 4, 37.00, 'R. Av. Álvaro de Sousa, 60 - Vila Quiera, Bragança - PA, 68606-000, Brazil', 'Caratateua, Bragança - PA, 68610-000, Brazil', 3, 37, 4.00, 4.00, ST_GeomFromText('POINT(-46.7520026676357 -1.03305699097086)'), ST_GeomFromText('POINT(-46.7218607 -0.9952703)'), 'FINISHED', '2025-11-19 22:07:49', '2025-11-19 22:11:22', NULL, NULL, 'common', NULL, NULL, NULL, NULL, NULL, NULL, NULL, NULL, NULL, 'cash', NULL, NULL, NULL, NULL, 0, NULL, NULL, 0, 0, NULL, NULL, 'android', NULL, NULL, 'indefinido', 0, 0, NULL, NULL, NULL, NULL, NULL, NULL, 0, 0, NULL, 0, 'car', '15', '7.8 km', 7.787, '13 mins', 12.8667, 36.23, 3, 1, NULL, NULL, NULL, NULL, 0, NULL, NULL, NULL, NULL, NULL);
INSERT INTO `client_requests` VALUES (464, 4, 50.00, 'R. Av. Álvaro de Sousa, 60 - Vila Quiera, Bragança - PA, 68606-000, Brazil', 'Taíra, Bragança - PA, 68600-000, Brazil', NULL, NULL, NULL, NULL, ST_GeomFromText('POINT(-46.7520264722407 -1.03305833185736)'), ST_GeomFromText('POINT(-46.7792927 -1.0607989)'), 'EXPIRED', '2025-11-19 22:27:44', '2025-11-19 22:33:38', NULL, NULL, 'common', NULL, NULL, NULL, NULL, NULL, NULL, NULL, NULL, NULL, 'cash', NULL, NULL, NULL, NULL, 0, NULL, NULL, 0, 0, NULL, NULL, 'android', NULL, NULL, 'indefinido', 0, 0, NULL, NULL, NULL, NULL, NULL, NULL, 0, 0, NULL, 0, 'car', '15', '10.3 km', 10.266, '18 mins', 18.2167, 49.01, 3, 1, NULL, NULL, NULL, NULL, 0, NULL, NULL, NULL, NULL, NULL);
INSERT INTO `client_requests` VALUES (465, 4, 50.00, 'R. Av. Álvaro de Sousa, 60 - Vila Quiera, Bragança - PA, 68606-000, Brazil', 'Taíra, Bragança - PA, 68600-000, Brazil', NULL, NULL, NULL, NULL, ST_GeomFromText('POINT(-46.7520264722407 -1.03305833185736)'), ST_GeomFromText('POINT(-46.7792927 -1.0607989)'), 'EXPIRED', '2025-11-19 22:37:13', '2025-11-19 22:37:56', NULL, NULL, 'common', NULL, NULL, NULL, NULL, NULL, NULL, NULL, NULL, NULL, 'cash', NULL, NULL, NULL, NULL, 0, NULL, NULL, 0, 0, NULL, NULL, 'android', NULL, NULL, 'indefinido', 0, 0, NULL, NULL, NULL, NULL, NULL, NULL, 0, 0, NULL, 0, 'car', '15', '10.3 km', 10.266, '18 mins', 18.2167, 49.01, 3, 1, NULL, NULL, NULL, NULL, 0, NULL, NULL, NULL, NULL, NULL);
INSERT INTO `client_requests` VALUES (466, 4, 50.00, 'R. Av. Álvaro de Sousa, 60 - Vila Quiera, Bragança - PA, 68606-000, Brazil', 'Taíra, Bragança - PA, 68600-000, Brazil', 3, 50, NULL, NULL, ST_GeomFromText('POINT(-46.7520207725465 -1.03304425254906)'), ST_GeomFromText('POINT(-46.7792927 -1.0607989)'), 'CANCELLED', '2025-11-20 17:03:34', '2025-11-20 17:04:27', NULL, NULL, 'common', NULL, NULL, NULL, NULL, NULL, NULL, NULL, NULL, NULL, 'cash', NULL, NULL, NULL, NULL, 0, NULL, NULL, 0, 0, NULL, NULL, 'android', NULL, NULL, 'indefinido', 0, 0, NULL, NULL, NULL, NULL, NULL, NULL, 0, 0, NULL, 0, 'car', '15', '10.3 km', 10.265, '18 mins', 18.2167, 49.01, 3, 1, NULL, NULL, NULL, NULL, 0, NULL, NULL, NULL, NULL, NULL);
INSERT INTO `client_requests` VALUES (467, 4, 37.00, 'R. Av. Álvaro de Sousa, 60 - Vila Quiera, Bragança - PA, 68606-000, Brazil', 'Caratateua, Bragança - PA, 68610-000, Brazil', 3, 37, 5.00, 4.00, ST_GeomFromText('POINT(-46.7519882507622 -1.03307207594398)'), ST_GeomFromText('POINT(-46.7218607 -0.9952703)'), 'FINISHED', '2025-11-21 19:44:13', '2025-11-21 19:45:25', NULL, NULL, 'common', NULL, NULL, NULL, NULL, NULL, NULL, NULL, NULL, NULL, 'cash', NULL, NULL, NULL, NULL, 0, NULL, NULL, 0, 0, NULL, NULL, 'android', NULL, NULL, 'indefinido', 0, 0, NULL, NULL, NULL, NULL, NULL, NULL, 0, 0, NULL, 0, 'car', '15', '7.8 km', 7.789, '13 mins', 12.8667, 36.23, 3, 1, NULL, NULL, NULL, NULL, 0, NULL, NULL, NULL, NULL, NULL);
INSERT INTO `client_requests` VALUES (468, 4, 50.00, 'R. Av. Álvaro de Sousa, 60 - Vila Quiera, Bragança - PA, 68606-000, Brazil', 'Taíra, Bragança - PA, 68600-000, Brazil', 3, 50, 4.00, 4.00, ST_GeomFromText('POINT(-46.7519912682474 -1.03307140550073)'), ST_GeomFromText('POINT(-46.7792927 -1.0607989)'), 'FINISHED', '2025-11-21 19:47:12', '2025-11-21 19:47:49', NULL, NULL, 'common', NULL, NULL, NULL, NULL, NULL, NULL, NULL, NULL, NULL, 'cash', NULL, NULL, NULL, NULL, 0, NULL, NULL, 0, 0, NULL, NULL, 'android', NULL, NULL, 'indefinido', 0, 0, NULL, NULL, NULL, NULL, NULL, NULL, 0, 0, NULL, 0, 'car', '15', '10.3 km', 10.268, '18 mins', 18.2167, 49.02, 3, 1, NULL, NULL, NULL, NULL, 0, NULL, NULL, NULL, NULL, NULL);
INSERT INTO `client_requests` VALUES (469, 4, 37.00, 'R. Edésio de Moraes, 40 - Vila Quiera, Bragança - PA, 68606-000, Brazil', 'Caratateua, Bragança - PA, 68610-000, Brazil', NULL, NULL, NULL, NULL, ST_GeomFromText('POINT(-46.7521595768631 -1.03280088163846)'), ST_GeomFromText('POINT(-46.7218607 -0.9952703)'), 'EXPIRED', '2025-11-26 14:56:01', '2025-11-26 14:57:38', NULL, NULL, 'common', NULL, NULL, NULL, NULL, NULL, NULL, NULL, NULL, NULL, 'cash', NULL, NULL, NULL, NULL, 0, NULL, NULL, 0, 0, NULL, NULL, 'android', NULL, NULL, 'indefinido', 0, 0, NULL, NULL, NULL, NULL, NULL, NULL, 0, 0, NULL, 0, 'car', '15', '7.8 km', 7.758, '13 mins', 12.7833, 36.06, 3, 1, NULL, NULL, NULL, NULL, 0, NULL, NULL, NULL, NULL, NULL);
INSERT INTO `client_requests` VALUES (470, 4, 37.00, 'R. Edésio de Moraes, 40 - Vila Quiera, Bragança - PA, 68606-000, Brazil', 'Caratateua, Bragança - PA, 68610-000, Brazil', NULL, NULL, NULL, NULL, ST_GeomFromText('POINT(-46.7520492710173 -1.03302983801906)'), ST_GeomFromText('POINT(-46.7218607 -0.9952703)'), 'EXPIRED', '2025-11-26 16:39:12', '2025-11-26 16:39:41', NULL, NULL, 'common', NULL, NULL, NULL, NULL, NULL, NULL, NULL, NULL, NULL, 'cash', NULL, NULL, NULL, NULL, 0, NULL, NULL, 0, 0, NULL, NULL, 'android', NULL, NULL, 'indefinido', 0, 0, NULL, NULL, NULL, NULL, NULL, NULL, 0, 0, NULL, 0, 'car', '15', '7.8 km', 7.784, '13 mins', 12.85, 36.20, 3, 1, NULL, NULL, NULL, NULL, 0, NULL, NULL, NULL, NULL, NULL);
INSERT INTO `client_requests` VALUES (471, 4, 37.00, 'R. Edésio de Moraes, 40 - Vila Quiera, Bragança - PA, 68606-000, Brazil', 'Caratateua, Bragança - PA, 68610-000, Brazil', NULL, NULL, NULL, NULL, ST_GeomFromText('POINT(-46.7522075213492 -1.03271942277579)'), ST_GeomFromText('POINT(-46.7218607 -0.9952703)'), 'EXPIRED', '2025-11-26 17:14:25', '2025-11-26 17:17:31', NULL, NULL, 'common', NULL, NULL, NULL, NULL, NULL, NULL, NULL, NULL, NULL, 'cash', NULL, NULL, NULL, NULL, 0, NULL, NULL, 0, 0, NULL, NULL, 'android', NULL, NULL, 'indefinido', 0, 0, NULL, NULL, NULL, NULL, NULL, NULL, 0, 0, NULL, 0, 'car', '15', '7.7 km', 7.749, '13 mins', 12.75, 36.00, 3, 1, NULL, NULL, NULL, NULL, 0, NULL, NULL, NULL, NULL, NULL);
INSERT INTO `client_requests` VALUES (472, 4, 37.00, 'R. Edésio de Moraes, 40 - Vila Quiera, Bragança - PA, 68606-000, Brazil', 'Caratateua, Bragança - PA, 68610-000, Brazil', NULL, NULL, NULL, NULL, ST_GeomFromText('POINT(-46.7522075213492 -1.03271942277579)'), ST_GeomFromText('POINT(-46.7218607 -0.9952703)'), 'EXPIRED', '2025-11-26 17:40:56', '2025-11-26 17:42:16', NULL, NULL, 'common', NULL, NULL, NULL, NULL, NULL, NULL, NULL, NULL, NULL, 'cash', NULL, NULL, NULL, NULL, 0, NULL, NULL, 0, 0, NULL, NULL, 'android', NULL, NULL, 'indefinido', 0, 0, NULL, NULL, NULL, NULL, NULL, NULL, 0, 0, NULL, 0, 'car', '15', '7.7 km', 7.749, '13 mins', 12.75, 36.00, 3, 1, NULL, NULL, NULL, NULL, 0, NULL, NULL, NULL, NULL, NULL);
INSERT INTO `client_requests` VALUES (473, 4, 37.00, 'R. Edésio de Moraes, 40 - Vila Quiera, Bragança - PA, 68606-000, Brazil', 'Caratateua, Bragança - PA, 68610-000, Brazil', NULL, NULL, NULL, NULL, ST_GeomFromText('POINT(-46.7522075213492 -1.03271942277579)'), ST_GeomFromText('POINT(-46.7218607 -0.9952703)'), 'EXPIRED', '2025-11-26 17:44:18', '2025-11-26 17:47:26', NULL, NULL, 'common', NULL, NULL, NULL, NULL, NULL, NULL, NULL, NULL, NULL, 'cash', NULL, NULL, NULL, NULL, 0, NULL, NULL, 0, 0, NULL, NULL, 'android', NULL, NULL, 'indefinido', 0, 0, NULL, NULL, NULL, NULL, NULL, NULL, 0, 0, NULL, 0, 'car', '15', '7.7 km', 7.749, '13 mins', 12.75, 36.00, 3, 1, NULL, NULL, NULL, NULL, 0, NULL, NULL, NULL, NULL, NULL);
INSERT INTO `client_requests` VALUES (474, 4, 37.00, 'R. Edésio de Moraes, 40 - Vila Quiera, Bragança - PA, 68606-000, Brazil', 'Caratateua, Bragança - PA, 68610-000, Brazil', NULL, NULL, NULL, NULL, ST_GeomFromText('POINT(-46.7522075213492 -1.03271942277579)'), ST_GeomFromText('POINT(-46.7218607 -0.9952703)'), 'EXPIRED', '2025-11-26 17:49:01', '2025-11-26 17:49:29', NULL, NULL, 'common', NULL, NULL, NULL, NULL, NULL, NULL, NULL, NULL, NULL, 'cash', NULL, NULL, NULL, NULL, 0, NULL, NULL, 0, 0, NULL, NULL, 'android', NULL, NULL, 'indefinido', 0, 0, NULL, NULL, NULL, NULL, NULL, NULL, 0, 0, NULL, 0, 'car', '15', '7.7 km', 7.749, '13 mins', 12.75, 36.00, 3, 1, NULL, NULL, NULL, NULL, 0, NULL, NULL, NULL, NULL, NULL);
INSERT INTO `client_requests` VALUES (475, 4, 39.00, 'R. Edésio de Moraes, 40 - Vila Quiera, Bragança - PA, 68606-000, Brazil', 'Caratateua, Bragança - PA, 68610-000, Brazil', 3, 39, 4.00, 2.00, ST_GeomFromText('POINT(-46.7520465888083 -1.03302548013788)'), ST_GeomFromText('POINT(-46.7218607 -0.9952703)'), 'FINISHED', '2025-11-26 19:29:03', '2025-11-26 19:30:23', NULL, NULL, 'common', NULL, NULL, NULL, NULL, NULL, NULL, NULL, NULL, NULL, 'cash', NULL, NULL, NULL, NULL, 0, NULL, NULL, 0, 0, NULL, NULL, 'android', NULL, NULL, 'indefinido', 0, 0, NULL, NULL, NULL, NULL, NULL, NULL, 0, 0, NULL, 0, 'car', '15', '14.4 km', 14.42, '20 mins', 20.1667, 63.43, 3, 1, NULL, NULL, NULL, NULL, 0, NULL, NULL, NULL, NULL, NULL);
INSERT INTO `client_requests` VALUES (476, 4, 64.00, 'R. Av. Álvaro de Sousa, 60 - Vila Quiera, Bragança - PA, 68606-000, Brazil', 'Caratateua, Bragança - PA, 68610-000, Brazil', 3, 64, 4.00, 3.00, ST_GeomFromText('POINT(-46.7520103789866 -1.03306503628986)'), ST_GeomFromText('POINT(-46.7218607 -0.9952703)'), 'FINISHED', '2025-11-28 13:12:29', '2025-11-28 13:15:00', NULL, NULL, 'common', NULL, NULL, NULL, NULL, NULL, NULL, NULL, NULL, NULL, 'cash', NULL, NULL, NULL, NULL, 0, NULL, NULL, 0, 0, NULL, NULL, 'android', NULL, NULL, 'indefinido', 0, 0, NULL, NULL, NULL, NULL, NULL, NULL, 0, 0, NULL, 0, 'car', '15', '14.4 km', 14.424, '20 mins', 20.1667, 63.44, 3, 1, NULL, NULL, NULL, NULL, 0, NULL, NULL, NULL, NULL, NULL);
INSERT INTO `client_requests` VALUES (477, 4, 50.00, 'R. Av. Álvaro de Sousa, 60 - Vila Quiera, Bragança - PA, 68606-000, Brazil', 'Taíra, Bragança - PA, 68600-000, Brazil', 3, 50, 4.00, 2.00, ST_GeomFromText('POINT(-46.7520103789866 -1.0330647975159)'), ST_GeomFromText('POINT(-46.7792927 -1.0607989)'), 'FINISHED', '2025-11-28 13:16:37', '2025-11-28 13:18:45', NULL, NULL, 'common', NULL, NULL, NULL, NULL, NULL, NULL, NULL, NULL, NULL, 'cash', NULL, NULL, NULL, NULL, 0, NULL, NULL, 0, 0, NULL, NULL, 'android', NULL, NULL, 'indefinido', 0, 0, NULL, NULL, NULL, NULL, NULL, NULL, 0, 0, NULL, 0, 'car', '15', '10.3 km', 10.267, '18 mins', 18.2167, 49.02, 3, 1, NULL, NULL, NULL, NULL, 0, NULL, NULL, NULL, NULL, NULL);
INSERT INTO `client_requests` VALUES (478, 4, 64.00, 'R. Av. Álvaro de Sousa, 60 - Vila Quiera, Bragança - PA, 68606-000, Brazil', 'Caratateua, Bragança - PA, 68610-000, Brazil', 3, 64, 4.00, 2.00, ST_GeomFromText('POINT(-46.7520103789866 -1.03306503628986)'), ST_GeomFromText('POINT(-46.7218607 -0.9952703)'), 'FINISHED', '2025-11-28 13:19:38', '2025-11-28 13:21:08', NULL, NULL, 'common', NULL, NULL, NULL, NULL, NULL, NULL, NULL, NULL, NULL, 'cash', NULL, NULL, NULL, NULL, 0, NULL, NULL, 0, 0, NULL, NULL, 'android', NULL, NULL, 'indefinido', 0, 0, NULL, NULL, NULL, NULL, NULL, NULL, 0, 0, NULL, 0, 'car', '15', '14.4 km', 14.424, '20 mins', 20.1667, 63.44, 3, 1, NULL, NULL, NULL, NULL, 0, NULL, NULL, NULL, NULL, NULL);
INSERT INTO `client_requests` VALUES (479, 57, 64.00, 'R. Edésio de Moraes, 40 - Vila Quiera, Bragança - PA, 68606-000, Brazil', 'Caratateua, Bragança - PA, 68610-000, Brazil', NULL, NULL, NULL, NULL, ST_GeomFromText('POINT(-46.7520737461746 -1.03299866240744)'), ST_GeomFromText('POINT(-46.7218607 -0.9952703)'), 'EXPIRED', '2025-11-28 14:13:11', '2025-11-28 14:13:39', NULL, NULL, 'common', NULL, NULL, NULL, NULL, NULL, NULL, NULL, NULL, NULL, 'cash', NULL, NULL, NULL, NULL, 0, NULL, NULL, 0, 0, NULL, NULL, 'android', NULL, NULL, 'indefinido', 0, 0, NULL, NULL, NULL, NULL, NULL, NULL, 0, 0, NULL, 0, 'car', '15', '14.4 km', 14.413, '20 mins', 20.1333, 63.37, 3, 1, NULL, NULL, NULL, NULL, 0, NULL, NULL, NULL, NULL, NULL);
INSERT INTO `client_requests` VALUES (480, 57, 64.00, 'R. Edésio de Moraes, 40 - Vila Quiera, Bragança - PA, 68606-000, Brazil', 'Caratateua, Bragança - PA, 68610-000, Brazil', NULL, NULL, NULL, NULL, ST_GeomFromText('POINT(-46.7520737461746 -1.03299866240744)'), ST_GeomFromText('POINT(-46.7218607 -0.9952703)'), 'CREATED', '2025-11-28 14:15:15', '2025-11-28 14:15:15', NULL, NULL, 'common', NULL, NULL, NULL, NULL, NULL, NULL, NULL, NULL, NULL, 'cash', NULL, NULL, NULL, NULL, 0, NULL, NULL, 0, 0, NULL, NULL, 'android', NULL, NULL, 'indefinido', 0, 0, NULL, NULL, NULL, NULL, NULL, NULL, 0, 0, NULL, 0, 'car', '15', '14.4 km', 14.413, '20 mins', 20.1333, 63.37, 3, 1, NULL, NULL, NULL, NULL, 0, NULL, NULL, NULL, NULL, NULL);
INSERT INTO `client_requests` VALUES (481, 57, 64.00, 'W7RM+6V Tijoca, Bragança - PA, Brazil', 'Caratateua, Bragança - PA, 68610-000, Brazil', NULL, NULL, NULL, NULL, ST_GeomFromText('POINT(-46.715333852917 -1.05948182732912)'), ST_GeomFromText('POINT(-46.7218607 -0.9952703)'), 'EXPIRED', '2025-11-28 14:18:19', '2025-11-28 14:18:22', NULL, NULL, 'common', NULL, NULL, NULL, NULL, NULL, NULL, NULL, NULL, NULL, 'cash', NULL, NULL, NULL, NULL, 0, NULL, NULL, 0, 0, NULL, NULL, 'android', NULL, NULL, 'indefinido', 0, 0, NULL, NULL, NULL, NULL, NULL, NULL, 0, 0, NULL, 0, 'car', '15', '14.4 km', 14.413, '20 mins', 20.1333, 63.37, 3, 1, NULL, NULL, NULL, NULL, 0, NULL, NULL, NULL, NULL, NULL);
INSERT INTO `client_requests` VALUES (482, 57, 64.00, 'X77M+CJ Caratateua, Bragança - PA, Brazil', 'Caratateua, Bragança - PA, 68610-000, Brazil', NULL, NULL, NULL, NULL, ST_GeomFromText('POINT(-46.7159125395119 -1.03641119236988)'), ST_GeomFromText('POINT(-46.7218607 -0.9952703)'), 'EXPIRED', '2025-11-28 14:23:32', '2025-11-28 14:23:34', NULL, NULL, 'common', NULL, NULL, NULL, NULL, NULL, NULL, NULL, NULL, NULL, 'cash', NULL, NULL, NULL, NULL, 0, NULL, NULL, 0, 0, NULL, NULL, 'android', NULL, NULL, 'indefinido', 0, 0, NULL, NULL, NULL, NULL, NULL, NULL, 0, 0, NULL, 0, 'car', '15', '14.4 km', 14.413, '20 mins', 20.1333, 63.37, 3, 1, NULL, NULL, NULL, NULL, 0, NULL, NULL, NULL, NULL, NULL);
INSERT INTO `client_requests` VALUES (483, 57, 64.00, 'X77M+CJ Caratateua, Bragança - PA, Brazil', 'Caratateua, Bragança - PA, 68610-000, Brazil', NULL, NULL, NULL, NULL, ST_GeomFromText('POINT(-46.7159125395119 -1.03641119236988)'), ST_GeomFromText('POINT(-46.7218607 -0.9952703)'), 'EXPIRED', '2025-11-28 14:23:35', '2025-11-28 14:23:37', NULL, NULL, 'common', NULL, NULL, NULL, NULL, NULL, NULL, NULL, NULL, NULL, 'cash', NULL, NULL, NULL, NULL, 0, NULL, NULL, 0, 0, NULL, NULL, 'android', NULL, NULL, 'indefinido', 0, 0, NULL, NULL, NULL, NULL, NULL, NULL, 0, 0, NULL, 0, 'car', '15', '14.4 km', 14.413, '20 mins', 20.1333, 63.37, 3, 1, NULL, NULL, NULL, NULL, 0, NULL, NULL, NULL, NULL, NULL);
INSERT INTO `client_requests` VALUES (484, 3, 64.00, 'X789+M3 Caratateua, Bragança - PA, Brazil', 'Caratateua, Bragança - PA, 68610-000, Brazil', NULL, NULL, NULL, NULL, ST_GeomFromText('POINT(-46.7322585918009 -1.03335610589266)'), ST_GeomFromText('POINT(-46.7218607 -0.9952703)'), 'EXPIRED', '2025-11-28 14:30:21', '2025-11-28 14:30:23', NULL, NULL, 'common', NULL, NULL, NULL, NULL, NULL, NULL, NULL, NULL, NULL, 'cash', NULL, NULL, NULL, NULL, 0, NULL, NULL, 0, 0, NULL, NULL, 'android', NULL, NULL, 'indefinido', 0, 0, NULL, NULL, NULL, NULL, NULL, NULL, 0, 0, NULL, 0, 'car', '15', '14.4 km', 14.404, '20 mins', 20.1167, 63.33, 3, 1, NULL, NULL, NULL, NULL, 0, NULL, NULL, NULL, NULL, NULL);
INSERT INTO `client_requests` VALUES (485, 57, 64.00, 'R. Edésio de Moraes, 40 - Vila Quiera, Bragança - PA, 68606-000, Brazil', 'Caratateua, Bragança - PA, 68610-000, Brazil', NULL, NULL, NULL, NULL, ST_GeomFromText('POINT(-46.7520982213318 -1.03290144813271)'), ST_GeomFromText('POINT(-46.7218607 -0.9952703)'), 'EXPIRED', '2025-11-28 15:07:28', '2025-11-28 15:07:34', NULL, NULL, 'common', NULL, NULL, NULL, NULL, NULL, NULL, NULL, NULL, NULL, 'cash', NULL, NULL, NULL, NULL, 0, NULL, NULL, 0, 0, NULL, NULL, 'android', NULL, NULL, 'indefinido', 0, 0, NULL, NULL, NULL, NULL, NULL, NULL, 0, 0, NULL, 0, 'car', '15', '14.4 km', 14.403, '20 mins', 20.1167, 63.33, 3, 1, NULL, NULL, NULL, NULL, 0, NULL, NULL, NULL, NULL, NULL);
INSERT INTO `client_requests` VALUES (486, 57, 64.00, 'R. Edésio de Moraes, 40 - Vila Quiera, Bragança - PA, 68606-000, Brazil', 'Caratateua, Bragança - PA, 68610-000, Brazil', 3, 64, NULL, NULL, ST_GeomFromText('POINT(-46.7520982213318 -1.03290144813271)'), ST_GeomFromText('POINT(-46.7218607 -0.9952703)'), 'CANCELLED', '2025-11-28 15:07:39', '2025-11-28 15:12:28', NULL, NULL, 'common', NULL, NULL, NULL, NULL, NULL, NULL, NULL, NULL, NULL, 'cash', NULL, NULL, NULL, NULL, 0, NULL, NULL, 0, 0, NULL, NULL, 'android', NULL, NULL, 'indefinido', 0, 0, NULL, NULL, NULL, NULL, NULL, NULL, 0, 0, NULL, 0, 'motorcycle', '15', '14.4 km', 14.403, '20 mins', 20.1167, 48.92, 2, 1, NULL, NULL, NULL, NULL, 0, NULL, NULL, NULL, NULL, NULL);
INSERT INTO `client_requests` VALUES (487, 57, 64.00, 'R. Edésio de Moraes, 40 - Vila Quiera, Bragança - PA, 68606-000, Brazil', 'Caratateua, Bragança - PA, 68610-000, Brazil', NULL, NULL, NULL, NULL, ST_GeomFromText('POINT(-46.7520335130394 -1.03300167940212)'), ST_GeomFromText('POINT(-46.7218607 -0.9952703)'), 'EXPIRED', '2025-11-28 15:15:03', '2025-11-28 15:15:07', NULL, NULL, 'common', NULL, NULL, NULL, NULL, NULL, NULL, NULL, NULL, NULL, 'cash', NULL, NULL, NULL, NULL, 0, NULL, NULL, 0, 0, NULL, NULL, 'android', NULL, NULL, 'indefinido', 0, 0, NULL, NULL, NULL, NULL, NULL, NULL, 0, 0, NULL, 0, 'car', '15', '14.4 km', 14.412, '20 mins', 20.1333, 63.37, 3, 1, NULL, NULL, NULL, NULL, 0, NULL, NULL, NULL, NULL, NULL);
INSERT INTO `client_requests` VALUES (488, 57, 64.00, 'R. Edésio de Moraes, 40 - Vila Quiera, Bragança - PA, 68606-000, Brazil', 'Caratateua, Bragança - PA, 68610-000, Brazil', 3, 64, NULL, NULL, ST_GeomFromText('POINT(-46.7520335130394 -1.03300167940212)'), ST_GeomFromText('POINT(-46.7218607 -0.9952703)'), 'CANCELLED', '2025-11-28 15:15:10', '2025-11-28 15:18:29', NULL, NULL, 'common', NULL, NULL, NULL, NULL, NULL, NULL, NULL, NULL, NULL, 'cash', NULL, NULL, NULL, NULL, 0, NULL, NULL, 0, 0, NULL, NULL, 'android', NULL, NULL, 'indefinido', 0, 0, NULL, NULL, NULL, NULL, NULL, NULL, 0, 0, NULL, 0, 'motorcycle', '15', '14.4 km', 14.412, '20 mins', 20.1333, 48.96, 2, 1, NULL, NULL, NULL, NULL, 0, NULL, NULL, NULL, NULL, NULL);
INSERT INTO `client_requests` VALUES (489, 57, 64.00, 'R. Edésio de Moraes, 40 - Vila Quiera, Bragança - PA, 68606-000, Brazil', 'Caratateua, Bragança - PA, 68610-000, Brazil', NULL, NULL, NULL, NULL, ST_GeomFromText('POINT(-46.7520335130394 -1.03300167940212)'), ST_GeomFromText('POINT(-46.7218607 -0.9952703)'), 'EXPIRED', '2025-11-28 15:22:15', '2025-11-28 15:22:18', NULL, NULL, 'common', NULL, NULL, NULL, NULL, NULL, NULL, NULL, NULL, NULL, 'cash', NULL, NULL, NULL, NULL, 0, NULL, NULL, 0, 0, NULL, NULL, 'android', NULL, NULL, 'indefinido', 0, 0, NULL, NULL, NULL, NULL, NULL, NULL, 0, 0, NULL, 0, 'car', '15', '14.4 km', 14.412, '20 mins', 20.1333, 63.37, 3, 1, NULL, NULL, NULL, NULL, 0, NULL, NULL, NULL, NULL, NULL);
INSERT INTO `client_requests` VALUES (490, 57, 64.00, 'R. Edésio de Moraes, 40 - Vila Quiera, Bragança - PA, 68606-000, Brazil', 'Caratateua, Bragança - PA, 68610-000, Brazil', 3, 64, NULL, NULL, ST_GeomFromText('POINT(-46.7520335130394 -1.03300167940212)'), ST_GeomFromText('POINT(-46.7218607 -0.9952703)'), 'STARTED', '2025-11-28 15:22:21', '2025-11-28 15:22:47', NULL, NULL, 'common', NULL, NULL, NULL, NULL, NULL, NULL, NULL, NULL, NULL, 'cash', NULL, NULL, NULL, NULL, 0, NULL, NULL, 0, 0, NULL, NULL, 'android', NULL, NULL, 'indefinido', 0, 0, NULL, NULL, NULL, NULL, NULL, NULL, 0, 0, NULL, 0, 'motorcycle', '15', '14.4 km', 14.412, '20 mins', 20.1333, 48.96, 2, 1, NULL, NULL, NULL, NULL, 0, NULL, NULL, NULL, NULL, NULL);
INSERT INTO `client_requests` VALUES (491, 3, 63.00, 'Vila Que Era, 56 - Vila Quiera, Bragança - PA, 68600-000, Brazil', 'Caratateua, Bragança - PA, 68610-000, Brazil', 57, 63, 2.00, 4.00, ST_GeomFromText('POINT(-46.751004550606 -1.03667233020958)'), ST_GeomFromText('POINT(-46.7218607 -0.9952703)'), 'FINISHED', '2025-12-01 14:35:30', '2025-12-01 14:36:29', NULL, NULL, 'common', NULL, NULL, NULL, NULL, NULL, NULL, NULL, NULL, NULL, 'cash', NULL, NULL, NULL, NULL, 0, NULL, NULL, 0, 0, NULL, NULL, 'android', NULL, NULL, 'indefinido', 0, 0, NULL, NULL, NULL, NULL, NULL, NULL, 0, 0, NULL, 0, 'car', '15', '13.7 km', 13.745, '21 mins', 20.7667, 62.00, 3, 1, NULL, NULL, NULL, NULL, 0, NULL, NULL, NULL, NULL, NULL);
INSERT INTO `client_requests` VALUES (492, 57, 64.00, 'R. Edésio de Moraes, 40 - Vila Quiera, Bragança - PA, 68606-000, Brazil', 'Caratateua, Bragança - PA, 68610-000, Brazil', 3, 64, 5.00, 2.00, ST_GeomFromText('POINT(-46.7521099559963 -1.03288301094233)'), ST_GeomFromText('POINT(-46.7218607 -0.9952703)'), 'FINISHED', '2025-12-01 14:37:55', '2025-12-01 14:38:45', NULL, NULL, 'common', NULL, NULL, NULL, NULL, NULL, NULL, NULL, NULL, NULL, 'cash', NULL, NULL, NULL, NULL, 0, NULL, NULL, 0, 0, NULL, NULL, 'android', NULL, NULL, 'indefinido', 0, 0, NULL, NULL, NULL, NULL, NULL, NULL, 0, 0, NULL, 0, 'motorcycle', '15', '14.4 km', 14.401, '20 mins', 20.1, 48.90, 2, 1, NULL, NULL, NULL, NULL, 0, NULL, NULL, NULL, NULL, NULL);
INSERT INTO `client_requests` VALUES (493, 57, 50.00, 'R. Edésio de Moraes, 40 - Vila Quiera, Bragança - PA, 68606-000, Brazil', 'Caratateua, Bragança - PA, 68610-000, Brazil', 3, 50, 5.00, 2.00, ST_GeomFromText('POINT(-46.7521216906607 -1.03292323753937)'), ST_GeomFromText('POINT(-46.7218607 -0.9952703)'), 'FINISHED', '2025-12-01 14:49:13', '2025-12-01 14:50:17', NULL, NULL, 'common', NULL, NULL, NULL, NULL, NULL, NULL, NULL, NULL, NULL, 'cash', NULL, NULL, NULL, NULL, 0, NULL, NULL, 0, 0, NULL, NULL, 'android', NULL, NULL, 'indefinido', 0, 0, NULL, NULL, NULL, NULL, NULL, NULL, 0, 0, NULL, 0, 'motorcycle', '15', '14.4 km', 14.405, '20 mins', 20.1167, 48.93, 2, 1, NULL, NULL, NULL, NULL, 0, NULL, NULL, NULL, NULL, NULL);
INSERT INTO `client_requests` VALUES (494, 57, 50.00, 'R. Av. Álvaro de Sousa, 60 - Vila Quiera, Bragança - PA, 68606-000, Brazil', 'Caratateua, Bragança - PA, 68610-000, Brazil', 3, 50, NULL, NULL, ST_GeomFromText('POINT(-46.7520120553672 -1.03306838850612)'), ST_GeomFromText('POINT(-46.7218607 -0.9952703)'), 'CANCELLED', '2025-12-02 13:26:29', '2025-12-02 13:28:01', NULL, NULL, 'common', NULL, NULL, NULL, NULL, NULL, NULL, NULL, NULL, NULL, 'cash', NULL, NULL, NULL, NULL, 0, NULL, NULL, 0, 0, NULL, NULL, 'android', NULL, NULL, 'indefinido', 0, 0, NULL, NULL, NULL, NULL, NULL, NULL, 0, 0, NULL, 0, 'motorcycle', '15', '14.4 km', 14.424, '20 mins', 20.1667, 49.01, 2, 1, NULL, NULL, NULL, NULL, 0, NULL, NULL, NULL, NULL, NULL);
INSERT INTO `client_requests` VALUES (495, 57, 50.00, 'R. Av. Álvaro de Sousa, 60 - Vila Quiera, Bragança - PA, 68606-000, Brazil', 'Caratateua, Bragança - PA, 68610-000, Brazil', 3, 50, 5.00, 3.00, ST_GeomFromText('POINT(-46.7520120553672 -1.03306838850612)'), ST_GeomFromText('POINT(-46.7218607 -0.9952703)'), 'FINISHED', '2025-12-02 13:31:05', '2025-12-02 13:31:52', NULL, NULL, 'common', NULL, NULL, NULL, NULL, NULL, NULL, NULL, NULL, NULL, 'cash', NULL, NULL, NULL, NULL, 0, NULL, NULL, 0, 0, NULL, NULL, 'android', NULL, NULL, 'indefinido', 0, 0, NULL, NULL, NULL, NULL, NULL, NULL, 0, 0, NULL, 0, 'motorcycle', '15', '14.4 km', 14.424, '20 mins', 20.1667, 49.01, 2, 1, NULL, NULL, NULL, NULL, 0, NULL, NULL, NULL, NULL, NULL);
INSERT INTO `client_requests` VALUES (496, 57, 50.00, 'R. Av. Álvaro de Sousa, 60 - Vila Quiera, Bragança - PA, 68606-000, Brazil', 'Caratateua, Bragança - PA, 68610-000, Brazil', 3, 50, 4.00, 3.00, ST_GeomFromText('POINT(-46.7520120553672 -1.03306838850612)'), ST_GeomFromText('POINT(-46.7218607 -0.9952703)'), 'FINISHED', '2025-12-02 13:32:48', '2025-12-02 13:33:30', NULL, NULL, 'common', NULL, NULL, NULL, NULL, NULL, NULL, NULL, NULL, NULL, 'cash', NULL, NULL, NULL, NULL, 0, NULL, NULL, 0, 0, NULL, NULL, 'android', NULL, NULL, 'indefinido', 0, 0, NULL, NULL, NULL, NULL, NULL, NULL, 0, 0, NULL, 0, 'motorcycle', '15', '14.4 km', 14.424, '20 mins', 20.1667, 49.01, 2, 1, NULL, NULL, NULL, NULL, 0, NULL, NULL, NULL, NULL, NULL);
INSERT INTO `client_requests` VALUES (497, 57, 49.00, 'R. Av. Álvaro de Sousa, 60 - Vila Quiera, Bragança - PA, 68606-000, Brazil', 'Caratateua, Bragança - PA, 68610-000, Brazil', 3, 49, 5.00, 5.00, ST_GeomFromText('POINT(-46.7520435713232 -1.03304492299231)'), ST_GeomFromText('POINT(-46.7218607 -0.9952703)'), 'FINISHED', '2025-12-05 22:26:56', '2025-12-05 22:28:31', NULL, NULL, 'common', NULL, NULL, NULL, NULL, NULL, NULL, NULL, NULL, NULL, 'cash', NULL, NULL, NULL, NULL, 0, NULL, NULL, 0, 0, NULL, NULL, 'android', NULL, NULL, 'indefinido', 0, 0, NULL, NULL, NULL, NULL, NULL, NULL, 0, 0, NULL, 0, 'motorcycle', '15', '14.4 km', 14.422, '20 mins', 20.0667, 48.91, 2, 1, NULL, NULL, NULL, NULL, 0, NULL, NULL, NULL, NULL, NULL);
INSERT INTO `client_requests` VALUES (498, 57, 49.00, 'R. Av. Álvaro de Sousa, 60 - Vila Quiera, Bragança - PA, 68606-000, Brazil', 'Caratateua, Bragança - PA, 68610-000, Brazil', NULL, NULL, NULL, NULL, ST_GeomFromText('POINT(-46.7520247958601 -1.03306604195474)'), ST_GeomFromText('POINT(-46.7218607 -0.9952703)'), 'EXPIRED', '2025-12-05 22:32:52', '2025-12-05 22:32:58', NULL, NULL, 'delivery', NULL, NULL, NULL, NULL, NULL, NULL, NULL, NULL, NULL, 'cash', NULL, NULL, NULL, NULL, 0, NULL, NULL, 0, 0, NULL, NULL, 'android', NULL, NULL, 'indefinido', 0, 0, 'Denilson', '91987963236', 'Julia', '91985632336', NULL, NULL, 0, 0, NULL, 0, 'motorcycle', '15', '14.4 km', 14.424, '20 mins', 20.0667, 48.91, 2, 1, NULL, NULL, 'Teste', NULL, 0, '1kg a 5kg', '53636936965', NULL, NULL, NULL);
INSERT INTO `client_requests` VALUES (499, 57, 49.00, 'R. Av. Álvaro de Sousa, 60 - Vila Quiera, Bragança - PA, 68606-000, Brazil', 'Caratateua, Bragança - PA, 68610-000, Brazil', 3, 49, 4.00, 3.00, ST_GeomFromText('POINT(-46.7520247958601 -1.03306604195474)'), ST_GeomFromText('POINT(-46.7218607 -0.9952703)'), 'FINISHED', '2025-12-05 22:33:11', '2025-12-05 22:34:24', NULL, NULL, 'delivery', NULL, NULL, NULL, NULL, NULL, NULL, NULL, NULL, NULL, 'cash', NULL, NULL, NULL, NULL, 0, NULL, NULL, 0, 0, NULL, NULL, 'android', NULL, NULL, 'indefinido', 0, 0, 'Denilson', '91987963236', 'Julia', '91985632336', NULL, NULL, 0, 0, NULL, 0, 'motorcycle', '15', '14.4 km', 14.424, '20 mins', 20.0667, 48.91, 2, 1, NULL, NULL, 'Teste', NULL, 0, '1kg a 5kg', '53636936965', NULL, NULL, NULL);
INSERT INTO `client_requests` VALUES (500, 57, 49.00, 'R. Av. Álvaro de Sousa, 60 - Vila Quiera, Bragança - PA, 68606-000, Brazil', 'Caratateua, Bragança - PA, 68610-000, Brazil', NULL, NULL, NULL, NULL, ST_GeomFromText('POINT(-46.752014067024 -1.03305062175996)'), ST_GeomFromText('POINT(-46.7218607 -0.9952703)'), 'EXPIRED', '2025-12-08 14:14:09', '2025-12-08 14:14:17', NULL, NULL, 'delivery', NULL, NULL, NULL, NULL, NULL, NULL, NULL, NULL, NULL, 'cash', NULL, NULL, NULL, NULL, 0, NULL, NULL, 0, 0, NULL, NULL, 'android', NULL, NULL, 'caixa', 0, 0, 'Denilson', '91987963236', 'Silva', '91985633635', NULL, NULL, 0, 0, NULL, 0, 'motorcycle', '15', '14.4 km', 14.422, '20 mins', 20.0667, 48.91, 2, 1, NULL, NULL, 'Teste', NULL, 0, '1kg a 5kg', '53212312313', NULL, NULL, NULL);
INSERT INTO `client_requests` VALUES (501, 57, 49.00, 'R. Av. Álvaro de Sousa, 60 - Vila Quiera, Bragança - PA, 68606-000, Brazil', 'Caratateua, Bragança - PA, 68610-000, Brazil', 3, 49, NULL, NULL, ST_GeomFromText('POINT(-46.752014067024 -1.03305062175996)'), ST_GeomFromText('POINT(-46.7218607 -0.9952703)'), 'CANCELLED', '2025-12-08 14:14:30', '2025-12-08 14:20:05', NULL, NULL, 'delivery', NULL, NULL, NULL, NULL, NULL, NULL, NULL, NULL, NULL, 'cash', NULL, NULL, NULL, NULL, 0, NULL, NULL, 0, 0, NULL, NULL, 'android', NULL, NULL, 'caixa', 0, 0, 'Denilson', '91987963236', 'Silva', '91985633635', NULL, NULL, 0, 0, NULL, 0, 'motorcycle', '15', '14.4 km', 14.422, '20 mins', 20.0667, 48.91, 2, 1, NULL, NULL, 'Teste', NULL, 0, '1kg a 5kg', '53212312313', NULL, NULL, NULL);
INSERT INTO `client_requests` VALUES (502, 57, 40.00, 'R. Av. Álvaro de Sousa, 60 - Vila Quiera, Bragança - PA, 68606-000, Brazil', 'Taíra, Bragança - PA, 68600-000, Brazil', 3, 40, NULL, NULL, ST_GeomFromText('POINT(-46.752014067024 -1.03305038604456)'), ST_GeomFromText('POINT(-46.7792927 -1.0607989)'), 'CANCELLED', '2025-12-08 14:26:32', '2025-12-08 14:37:45', NULL, NULL, 'delivery', NULL, NULL, NULL, NULL, NULL, NULL, NULL, NULL, NULL, 'cash', NULL, NULL, NULL, NULL, 0, NULL, NULL, 0, 0, NULL, NULL, 'android', NULL, NULL, 'caixa', 0, 0, 'Denilson', '91987963236', 'Teste', '91985070053', NULL, NULL, 0, 0, NULL, 0, 'motorcycle', '15', '10.3 km', 10.265, '18 mins', 18.05, 38.58, 2, 1, NULL, NULL, 'Teste', NULL, 0, '1kg a 5kg', '53212312336', NULL, NULL, NULL);
INSERT INTO `client_requests` VALUES (503, 57, 49.00, 'R. Av. Álvaro de Sousa, 60 - Vila Quiera, Bragança - PA, 68606-000, Brazil', 'Caratateua, Bragança - PA, 68610-000, Brazil', 3, 49, NULL, NULL, ST_GeomFromText('POINT(-46.7520201019943 -1.03304257644092)'), ST_GeomFromText('POINT(-46.7218607 -0.9952703)'), 'CANCELLED', '2025-12-08 14:42:40', '2025-12-08 14:43:21', NULL, NULL, 'common', NULL, NULL, NULL, NULL, NULL, NULL, NULL, NULL, NULL, 'cash', NULL, NULL, NULL, NULL, 0, NULL, NULL, 0, 0, NULL, NULL, 'android', NULL, NULL, 'indefinido', 0, 0, NULL, NULL, NULL, NULL, NULL, NULL, 0, 0, NULL, 0, 'motorcycle', '15', '14.4 km', 14.422, '20 mins', 20.0667, 48.91, 2, 1, NULL, NULL, NULL, NULL, 0, NULL, NULL, NULL, NULL, NULL);
INSERT INTO `client_requests` VALUES (504, 57, 39.00, 'R. Edésio de Moraes, 40 - Vila Quiera, Bragança - PA, 68606-000, Brazil', 'Taíra, Bragança - PA, 68600-000, Brazil', 3, 39, NULL, NULL, ST_GeomFromText('POINT(-46.752058994025 -1.03298458309887)'), ST_GeomFromText('POINT(-46.7792927 -1.0607989)'), 'CANCELLED', '2025-12-08 14:46:53', '2025-12-08 14:47:06', NULL, NULL, 'delivery', NULL, NULL, NULL, NULL, NULL, NULL, NULL, NULL, NULL, 'cash', NULL, NULL, NULL, NULL, 0, NULL, NULL, 0, 0, NULL, NULL, 'android', NULL, NULL, 'caixa', 0, 0, 'Denilson', '91987963236', 'Teste', '91985633669', NULL, NULL, 0, 0, NULL, 0, 'motorcycle', '15', '10.3 km', 10.254, '18 mins', 18.0167, 38.52, 2, 1, NULL, NULL, 'Teste', NULL, 0, '1kg a 5kg', '53212313236', NULL, NULL, NULL);
INSERT INTO `client_requests` VALUES (505, 57, 49.00, 'R. Av. Álvaro de Sousa, 60 - Vila Quiera, Bragança - PA, 68606-000, Brazil', 'Caratateua, Bragança - PA, 68610-000, Brazil', 3, 49, NULL, NULL, ST_GeomFromText('POINT(-46.7520274780691 -1.0330724111656)'), ST_GeomFromText('POINT(-46.7218607 -0.9952703)'), 'CANCELLED', '2025-12-08 15:05:08', '2025-12-08 15:05:44', NULL, NULL, 'delivery', NULL, NULL, NULL, NULL, NULL, NULL, NULL, NULL, NULL, 'cash', NULL, NULL, NULL, NULL, 0, NULL, NULL, 0, 0, NULL, NULL, 'android', NULL, NULL, 'caixa', 0, 0, 'Denilson', '91987963236', 'Teste', '91996865326', NULL, NULL, 0, 0, NULL, 0, 'motorcycle', '15', '14.4 km', 14.425, '20 mins', 20.0833, 48.93, 2, 1, NULL, NULL, 'Teste', NULL, 0, '1kg a 5kg', '53223623656', NULL, NULL, NULL);
INSERT INTO `client_requests` VALUES (506, 57, 49.00, 'R. Edésio de Moraes, 40 - Vila Quiera, Bragança - PA, 68606-000, Brazil', 'Caratateua, Bragança - PA, 68610-000, Brazil', 3, 49, 4.00, 4.00, ST_GeomFromText('POINT(-46.7522712238133 -1.03261416317238)'), ST_GeomFromText('POINT(-46.7218607 -0.9952703)'), 'FINISHED', '2025-12-08 15:08:09', '2025-12-08 15:09:54', NULL, NULL, 'delivery', NULL, NULL, NULL, NULL, NULL, NULL, NULL, NULL, NULL, 'cash', NULL, NULL, NULL, NULL, 0, NULL, NULL, 0, 0, NULL, NULL, 'android', NULL, NULL, 'caixa', 0, 0, 'Denilson', '91987963236', 'Teste', '91986366965', NULL, NULL, 0, 0, NULL, 0, 'motorcycle', '15', '14.4 km', 14.374, '20 mins', 19.9333, 48.68, 2, 1, NULL, NULL, 'Teste', NULL, 0, '1kg a 5kg', '53214753636', NULL, NULL, NULL);
INSERT INTO `client_requests` VALUES (507, 57, 49.00, 'R. Edésio de Moraes, 40 - Vila Quiera, Bragança - PA, 68606-000, Brazil', 'Caratateua, Bragança - PA, 68610-000, Brazil', 3, 49, 4.00, 4.00, ST_GeomFromText('POINT(-46.7521914280951 -1.0328062451849)'), ST_GeomFromText('POINT(-46.7218607 -0.9952703)'), 'FINISHED', '2025-12-08 15:23:23', '2025-12-08 15:24:47', NULL, NULL, 'delivery', NULL, NULL, NULL, NULL, NULL, NULL, NULL, NULL, NULL, 'cash', NULL, NULL, NULL, NULL, 0, NULL, NULL, 0, 0, NULL, NULL, 'android', NULL, NULL, 'caixa', 0, 0, 'Denilson', '91987963236', 'Fulano de Tal', '91986365636', NULL, NULL, 0, 0, NULL, 0, 'motorcycle', '15', '14.4 km', 14.395, '20 mins', 20, 48.79, 2, 1, NULL, NULL, 'Teste', NULL, 0, 'Até 1kg', '53212314769', NULL, NULL, NULL);
INSERT INTO `client_requests` VALUES (508, 57, 49.00, 'R. Av. Álvaro de Sousa, 60 - Vila Quiera, Bragança - PA, 68606-000, Brazil', 'Caratateua, Bragança - PA, 68610-000, Brazil', 3, 49, 4.00, 3.00, ST_GeomFromText('POINT(-46.7520160786808 -1.03305397397622)'), ST_GeomFromText('POINT(-46.7218607 -0.9952703)'), 'FINISHED', '2025-12-08 15:26:03', '2025-12-08 15:27:34', NULL, NULL, 'delivery', NULL, NULL, NULL, NULL, NULL, NULL, NULL, NULL, NULL, 'cash', NULL, NULL, NULL, NULL, 0, NULL, NULL, 0, 0, NULL, NULL, 'android', NULL, NULL, 'caixa', 0, 0, 'Denilson', '91987963236', 'Testw', '91963363669', NULL, NULL, 0, 0, NULL, 0, 'motorcycle', '15', '14.4 km', 14.423, '20 mins', 20.0667, 48.91, 2, 1, NULL, NULL, '', NULL, 0, '1kg a 5kg', '53212423669', NULL, NULL, NULL);
INSERT INTO `client_requests` VALUES (509, 57, 49.00, 'R. Av. Álvaro de Sousa, 60 - Vila Quiera, Bragança - PA, 68606-000, Brazil', 'Caratateua, Bragança - PA, 68610-000, Brazil', 3, 49, 4.00, 3.00, ST_GeomFromText('POINT(-46.7520160786808 -1.03305397397622)'), ST_GeomFromText('POINT(-46.7218607 -0.9952703)'), 'FINISHED', '2025-12-08 15:30:35', '2025-12-08 15:31:54', NULL, NULL, 'delivery', NULL, NULL, NULL, NULL, NULL, NULL, NULL, NULL, NULL, 'cash', NULL, NULL, NULL, NULL, 0, NULL, NULL, 0, 0, NULL, NULL, 'android', NULL, NULL, 'caixa', 0, 0, 'Denilson', '91987963236', 'Teste', '91986963526', NULL, NULL, 0, 0, NULL, 0, 'motorcycle', '15', '14.4 km', 14.423, '20 mins', 20.0667, 48.91, 2, 1, NULL, NULL, 'Teste', NULL, 0, '1kg a 5kg', '53212445658', NULL, NULL, NULL);
INSERT INTO `client_requests` VALUES (510, 57, 49.00, 'R. Av. Álvaro de Sousa, 60 - Vila Quiera, Bragança - PA, 68606-000, Brazil', 'Caratateua, Bragança - PA, 68610-000, Brazil', 3, 49, 5.00, 1.00, ST_GeomFromText('POINT(-46.7520160786808 -1.03305397397622)'), ST_GeomFromText('POINT(-46.7218607 -0.9952703)'), 'FINISHED', '2025-12-08 15:33:53', '2025-12-08 15:34:21', NULL, NULL, 'common', NULL, NULL, NULL, NULL, NULL, NULL, NULL, NULL, NULL, 'cash', NULL, NULL, NULL, NULL, 0, NULL, NULL, 0, 0, NULL, NULL, 'android', NULL, NULL, 'indefinido', 0, 0, NULL, NULL, NULL, NULL, NULL, NULL, 0, 0, NULL, 0, 'motorcycle', '15', '14.4 km', 14.423, '20 mins', 20.0667, 48.91, 2, 1, NULL, NULL, NULL, NULL, 0, NULL, NULL, NULL, NULL, NULL);
INSERT INTO `client_requests` VALUES (511, 57, 39.00, 'R. Av. Álvaro de Sousa, 60 - Vila Quiera, Bragança - PA, 68606-000, Brazil', 'Taíra, Bragança - PA, 68600-000, Brazil', 3, 39, 5.00, 4.00, ST_GeomFromText('POINT(-46.7520147375762 -1.03304995131671)'), ST_GeomFromText('POINT(-46.7792927 -1.0607989)'), 'FINISHED', '2025-12-09 16:25:18', '2025-12-09 16:25:43', NULL, NULL, 'common', NULL, NULL, NULL, NULL, NULL, NULL, NULL, NULL, NULL, 'cash', NULL, NULL, NULL, NULL, 0, NULL, NULL, 0, 0, NULL, NULL, 'android', NULL, NULL, 'indefinido', 0, 0, NULL, NULL, NULL, NULL, NULL, NULL, 0, 0, NULL, 0, 'motorcycle', '15', '10.3 km', 10.265, '18 mins', 18.05, 38.58, 2, 1, NULL, NULL, NULL, NULL, 0, NULL, NULL, NULL, NULL, NULL);
INSERT INTO `client_requests` VALUES (512, 57, 40.00, 'R. Av. Álvaro de Sousa, 60 - Vila Quiera, Bragança - PA, 68606-000, Brazil', 'Taíra, Bragança - PA, 68600-000, Brazil', 3, 40, NULL, NULL, ST_GeomFromText('POINT(-46.7520043440163 -1.03304827520858)'), ST_GeomFromText('POINT(-46.7792927 -1.0607989)'), 'CANCELLED', '2025-12-09 17:30:20', '2025-12-09 17:37:18', NULL, NULL, 'delivery', NULL, NULL, NULL, NULL, NULL, NULL, NULL, NULL, NULL, 'cash', NULL, NULL, NULL, NULL, 0, NULL, NULL, 0, 0, NULL, NULL, 'android', NULL, NULL, 'caixa', 0, 0, 'Denilson', '91987963236', 'Teste', '91986366996', NULL, NULL, 0, 0, NULL, 0, 'motorcycle', '15', '10.3 km', 10.265, '18 mins', 18.05, 38.58, 2, 1, NULL, NULL, 'Teste', NULL, 0, '1kg a 5kg', '53212325856', NULL, NULL, NULL);
INSERT INTO `client_requests` VALUES (513, 57, 39.00, 'R. Av. Álvaro de Sousa, 60 - Vila Quiera, Bragança - PA, 68606-000, Brazil', 'Taíra, Bragança - PA, 68600-000, Brazil', 3, 39, NULL, NULL, ST_GeomFromText('POINT(-46.7520043440163 -1.03304827520858)'), ST_GeomFromText('POINT(-46.7792927 -1.0607989)'), 'CANCELLED', '2025-12-09 17:41:42', '2025-12-11 13:59:58', NULL, NULL, 'delivery', NULL, NULL, NULL, NULL, NULL, NULL, NULL, NULL, NULL, 'cash', NULL, NULL, NULL, NULL, 0, NULL, NULL, 0, 0, NULL, NULL, 'android', NULL, NULL, 'caixa', 0, 0, 'Denilson', '91987963236', 'Teste', '91986993635', NULL, NULL, 0, 0, NULL, 0, 'motorcycle', '15', '10.3 km', 10.265, '18 mins', 18.05, 38.58, 2, 1, NULL, NULL, '', 'https://firebasestorage.googleapis.com/v0/b/urbandrive-770f9.firebasestorage.app/o/_2f982322-5a81-49b6-8916-19dab3db3c5e.jpg?alt=media&token=468420c2-ea94-4600-9901-d23f06c0d63c', 0, '1kg a 5kg', '5322363696', NULL, NULL, NULL);
INSERT INTO `client_requests` VALUES (514, 57, 49.00, 'R. Edésio de Moraes, 40 - Vila Quiera, Bragança - PA, 68606-000, Brazil', 'Caratateua, Bragança - PA, 68610-000, Brazil', 3, 49, NULL, NULL, ST_GeomFromText('POINT(-46.7520935274661 -1.03303553678674)'), ST_GeomFromText('POINT(-46.7218607 -0.9952703)'), 'CANCELLED', '2025-12-11 14:07:07', '2025-12-11 14:11:38', NULL, NULL, 'delivery', NULL, NULL, NULL, NULL, NULL, NULL, NULL, NULL, NULL, 'cash', NULL, NULL, NULL, NULL, 0, NULL, NULL, 0, 0, NULL, NULL, 'android', NULL, NULL, 'caixa', 0, 0, 'Denilson', '91987963236', 'Teste', '91989963223', NULL, NULL, 0, 0, NULL, 0, 'motorcycle', '15', '14.4 km', 14.421, '20 mins', 20.0667, 48.91, 2, 1, NULL, NULL, '', NULL, 0, '1kg a 5kg', '56323623669', NULL, NULL, NULL);
INSERT INTO `client_requests` VALUES (515, 57, 39.00, 'R. Edésio de Moraes, 40 - Vila Quiera, Bragança - PA, 68606-000, Brazil', 'Taíra, Bragança - PA, 68600-000, Brazil', 3, 39, NULL, NULL, ST_GeomFromText('POINT(-46.7521019093692 -1.03302145747833)'), ST_GeomFromText('POINT(-46.7792927 -1.0607989)'), 'CANCELLED', '2025-12-11 14:16:26', '2025-12-11 14:21:18', NULL, NULL, 'delivery', NULL, NULL, NULL, NULL, NULL, NULL, NULL, NULL, NULL, 'cash', NULL, NULL, NULL, NULL, 0, NULL, NULL, 0, 0, NULL, NULL, 'android', NULL, NULL, 'caixa', 0, 0, 'Denilson', '91987963236', 'Teste', '91986699632', NULL, NULL, 0, 0, NULL, 0, 'motorcycle', '15', '10.3 km', 10.262, '18 mins', 18.0333, 38.56, 2, 1, NULL, NULL, '', NULL, 0, '1kg a 5kg', '53212325856', NULL, NULL, NULL);
INSERT INTO `client_requests` VALUES (516, 57, 39.00, 'R. Edésio de Moraes, 40 - Vila Quiera, Bragança - PA, 68606-000, Brazil', 'Taíra, Bragança - PA, 68600-000, Brazil', 3, 39, NULL, NULL, ST_GeomFromText('POINT(-46.7521019093692 -1.03302145747833)'), ST_GeomFromText('POINT(-46.7792927 -1.0607989)'), 'CANCELLED', '2025-12-11 14:23:45', '2025-12-11 14:27:44', NULL, NULL, 'delivery', NULL, NULL, NULL, NULL, NULL, NULL, NULL, NULL, NULL, 'cash', NULL, NULL, NULL, NULL, 0, NULL, NULL, 0, 0, NULL, NULL, 'android', NULL, NULL, 'caixa', 0, 0, 'Denilson', '91987963236', 'Teste', '91985552336', NULL, NULL, 0, 0, NULL, 0, 'motorcycle', '15', '10.3 km', 10.262, '18 mins', 18.0333, 38.56, 2, 1, NULL, NULL, '', NULL, 0, '1kg a 5kg', '53669889656', NULL, NULL, NULL);
INSERT INTO `client_requests` VALUES (517, 57, 39.00, 'R. Edésio de Moraes, 40 - Vila Quiera, Bragança - PA, 68606-000, Brazil', 'Taíra, Bragança - PA, 68600-000, Brazil', 3, 39, NULL, NULL, ST_GeomFromText('POINT(-46.7521585710347 -1.03286557941679)'), ST_GeomFromText('POINT(-46.7792927 -1.0607989)'), 'CANCELLED', '2025-12-11 14:29:57', '2025-12-11 14:36:10', NULL, NULL, 'delivery', NULL, NULL, NULL, NULL, NULL, NULL, NULL, NULL, NULL, 'cash', NULL, NULL, NULL, NULL, 0, NULL, NULL, 0, 0, NULL, NULL, 'android', NULL, NULL, 'caixa', 0, 0, 'Denilson', '91987963236', 'Teste', '91986366996', NULL, NULL, 0, 0, NULL, 0, 'motorcycle', '15', '10.2 km', 10.243, '18 mins', 17.9833, 38.47, 2, 1, NULL, NULL, '', NULL, 0, '1kg a 5kg', '56336956323', NULL, NULL, NULL);
INSERT INTO `client_requests` VALUES (518, 57, 39.00, 'R. Edésio de Moraes, 40 - Vila Quiera, Bragança - PA, 68606-000, Brazil', 'Taíra, Bragança - PA, 68600-000, Brazil', 3, 39, NULL, NULL, ST_GeomFromText('POINT(-46.7520941980183 -1.03303117890557)'), ST_GeomFromText('POINT(-46.7792927 -1.0607989)'), 'CANCELLED', '2025-12-11 14:37:28', '2025-12-11 14:44:23', NULL, NULL, 'delivery', NULL, NULL, NULL, NULL, NULL, NULL, NULL, NULL, NULL, 'cash', NULL, NULL, NULL, NULL, 0, NULL, NULL, 0, 0, NULL, NULL, 'android', NULL, NULL, 'caixa', 0, 0, 'Denilson', '91987963236', 'Teste', '91986699636', NULL, NULL, 0, 0, NULL, 0, 'motorcycle', '15', '10.3 km', 10.263, '18 mins', 18.0333, 38.56, 2, 1, NULL, NULL, '', NULL, 0, 'Até 1kg', '53669856323', NULL, NULL, NULL);
INSERT INTO `client_requests` VALUES (519, 57, 39.00, 'R. Edésio de Moraes, 40 - Vila Quiera, Bragança - PA, 68606-000, Brazil', 'Taíra, Bragança - PA, 68600-000, Brazil', 3, 39, NULL, NULL, ST_GeomFromText('POINT(-46.7520941980183 -1.03303117890557)'), ST_GeomFromText('POINT(-46.7792927 -1.0607989)'), 'CANCELLED', '2025-12-11 14:46:29', '2025-12-11 14:49:08', NULL, NULL, 'delivery', NULL, NULL, NULL, NULL, NULL, NULL, NULL, NULL, NULL, 'cash', NULL, NULL, NULL, NULL, 0, NULL, NULL, 0, 0, NULL, NULL, 'android', NULL, NULL, 'caixa', 0, 0, 'Denilson', '91987963236', 'Teste', '91985563636', NULL, NULL, 0, 0, NULL, 0, 'motorcycle', '15', '10.3 km', 10.263, '18 mins', 18.0333, 38.56, 2, 1, NULL, NULL, '', NULL, 0, '1kg a 5kg', '53663223669', NULL, NULL, NULL);
INSERT INTO `client_requests` VALUES (520, 57, 39.00, 'R. Edésio de Moraes, 40 - Vila Quiera, Bragança - PA, 68606-000, Brazil', 'Taíra, Bragança - PA, 68600-000, Brazil', 3, 39, NULL, NULL, ST_GeomFromText('POINT(-46.7520941980183 -1.03303117890557)'), ST_GeomFromText('POINT(-46.7792927 -1.0607989)'), 'CANCELLED', '2025-12-11 14:50:44', '2025-12-11 14:53:27', NULL, NULL, 'delivery', NULL, NULL, NULL, NULL, NULL, NULL, NULL, NULL, NULL, 'cash', NULL, NULL, NULL, NULL, 0, NULL, NULL, 0, 0, NULL, NULL, 'android', NULL, NULL, 'caixa', 0, 0, 'Denilson', '91987963236', 'Teste', '', NULL, NULL, 0, 0, NULL, 0, 'motorcycle', '15', '10.3 km', 10.263, '18 mins', 18.0333, 38.56, 2, 1, NULL, NULL, '', NULL, 0, 'Até 1kg', '', NULL, NULL, NULL);
INSERT INTO `client_requests` VALUES (521, 57, 39.00, 'R. Edésio de Moraes, 40 - Vila Quiera, Bragança - PA, 68606-000, Brazil', 'Taíra, Bragança - PA, 68600-000, Brazil', 3, 39, NULL, NULL, ST_GeomFromText('POINT(-46.7521049268544 -1.03302011659181)'), ST_GeomFromText('POINT(-46.7792927 -1.0607989)'), 'CANCELLED', '2025-12-11 14:58:30', '2025-12-11 14:59:45', NULL, NULL, 'delivery', NULL, NULL, NULL, NULL, NULL, NULL, NULL, NULL, NULL, 'cash', NULL, NULL, NULL, NULL, 0, NULL, NULL, 0, 0, NULL, NULL, 'android', NULL, NULL, 'caixa', 0, 0, 'Denilson', '91987963236', '', '', NULL, NULL, 0, 0, NULL, 0, 'motorcycle', '15', '10.3 km', 10.262, '18 mins', 18.0333, 38.56, 2, 1, NULL, NULL, '', NULL, 0, '1kg a 5kg', '', NULL, NULL, NULL);
INSERT INTO `client_requests` VALUES (522, 57, 39.00, 'R. Edésio de Moraes, 40 - Vila Quiera, Bragança - PA, 68606-000, Brazil', 'Taíra, Bragança - PA, 68600-000, Brazil', 3, 39, NULL, NULL, ST_GeomFromText('POINT(-46.7521055974066 -1.03301542348899)'), ST_GeomFromText('POINT(-46.7792927 -1.0607989)'), 'CANCELLED', '2025-12-11 15:03:12', '2025-12-11 15:03:49', NULL, NULL, 'delivery', NULL, NULL, NULL, NULL, NULL, NULL, NULL, NULL, NULL, 'cash', NULL, NULL, NULL, NULL, 0, NULL, NULL, 0, 0, NULL, NULL, 'android', NULL, NULL, 'caixa', 0, 0, 'Denilson', '91987963236', 'Teste', '', NULL, NULL, 0, 0, NULL, 0, 'motorcycle', '15', '10.3 km', 10.261, '18 mins', 18.0333, 38.56, 2, 1, NULL, NULL, '', NULL, 0, '1kg a 5kg', '53669856323', NULL, NULL, NULL);
INSERT INTO `client_requests` VALUES (523, 57, 39.00, 'R. Edésio de Moraes, 40 - Vila Quiera, Bragança - PA, 68606-000, Brazil', 'Taíra, Bragança - PA, 68600-000, Brazil', 3, 39, NULL, NULL, ST_GeomFromText('POINT(-46.7521055974066 -1.03301542348899)'), ST_GeomFromText('POINT(-46.7792927 -1.0607989)'), 'CANCELLED', '2025-12-11 15:05:47', '2025-12-11 15:10:33', NULL, NULL, 'delivery', NULL, NULL, NULL, NULL, NULL, NULL, NULL, NULL, NULL, 'cash', NULL, NULL, NULL, NULL, 0, NULL, NULL, 0, 0, NULL, NULL, 'android', NULL, NULL, 'caixa', 0, 0, 'Denilson', '91987963236', 'Teste', '', NULL, NULL, 0, 0, NULL, 0, 'motorcycle', '15', '10.3 km', 10.261, '18 mins', 18.0333, 38.56, 2, 1, NULL, NULL, '', NULL, 0, '1kg a 5kg', '', NULL, NULL, NULL);
INSERT INTO `client_requests` VALUES (524, 57, 39.00, 'R. Edésio de Moraes, 40 - Vila Quiera, Bragança - PA, 68606-000, Brazil', 'Taíra, Bragança - PA, 68600-000, Brazil', 3, 39, NULL, NULL, ST_GeomFromText('POINT(-46.7520992271602 -1.03302313358648)'), ST_GeomFromText('POINT(-46.7792927 -1.0607989)'), 'CANCELLED', '2025-12-11 15:14:55', '2025-12-11 15:17:01', NULL, NULL, 'delivery', NULL, NULL, NULL, NULL, NULL, NULL, NULL, NULL, NULL, 'cash', NULL, NULL, NULL, NULL, 0, NULL, NULL, 0, 0, NULL, NULL, 'android', NULL, NULL, 'caixa', 0, 0, 'Denilson', '91987963236', 'Teste', '91989963669', NULL, NULL, 0, 0, NULL, 0, 'motorcycle', '15', '10.3 km', 10.262, '18 mins', 18.0333, 38.56, 2, 1, NULL, NULL, '', NULL, 0, '1kg a 5kg', '12325856996', NULL, NULL, NULL);
INSERT INTO `client_requests` VALUES (525, 57, 39.00, 'R. Edésio de Moraes, 40 - Vila Quiera, Bragança - PA, 68606-000, Brazil', 'Taíra, Bragança - PA, 68600-000, Brazil', 3, 39, NULL, NULL, ST_GeomFromText('POINT(-46.7520992271602 -1.03302313358648)'), ST_GeomFromText('POINT(-46.7792927 -1.0607989)'), 'CANCELLED', '2025-12-11 15:18:56', '2025-12-11 15:19:56', NULL, NULL, 'delivery', NULL, NULL, NULL, NULL, NULL, NULL, NULL, NULL, NULL, 'cash', NULL, NULL, NULL, NULL, 0, NULL, NULL, 0, 0, NULL, NULL, 'android', NULL, NULL, 'caixa', 0, 0, 'Denilson', '91987963236', 'Teste', '97963322556', NULL, NULL, 0, 0, NULL, 0, 'motorcycle', '15', '10.3 km', 10.262, '18 mins', 18.0333, 38.56, 2, 1, NULL, NULL, '', NULL, 0, '1kg a 5kg', '56336965223', NULL, NULL, NULL);
INSERT INTO `client_requests` VALUES (526, 57, 39.00, 'R. Edésio de Moraes, 40 - Vila Quiera, Bragança - PA, 68606-000, Brazil', 'Taíra, Bragança - PA, 68600-000, Brazil', 3, 39, NULL, NULL, ST_GeomFromText('POINT(-46.752111967653 -1.03302313358648)'), ST_GeomFromText('POINT(-46.7792927 -1.0607989)'), 'CANCELLED', '2025-12-11 15:25:43', '2025-12-11 15:27:37', NULL, NULL, 'delivery', NULL, NULL, NULL, NULL, NULL, NULL, NULL, NULL, NULL, 'cash', NULL, NULL, NULL, NULL, 0, NULL, NULL, 0, 0, NULL, NULL, 'android', NULL, NULL, 'caixa', 0, 0, 'Denilson', '91987963236', 'Teste', '91989699636', NULL, NULL, 0, 0, NULL, 0, 'motorcycle', '15', '10.3 km', 10.262, '18 mins', 18.0333, 38.56, 2, 1, NULL, NULL, '', NULL, 0, '1kg a 5kg', '56336998745', NULL, NULL, NULL);
INSERT INTO `client_requests` VALUES (527, 57, 39.00, 'R. Edésio de Moraes, 40 - Vila Quiera, Bragança - PA, 68606-000, Brazil', 'Taíra, Bragança - PA, 68600-000, Brazil', 3, 39, NULL, NULL, ST_GeomFromText('POINT(-46.7521377839148 -1.03299329886133)'), ST_GeomFromText('POINT(-46.7792927 -1.0607989)'), 'ARRIVED', '2025-12-11 15:28:52', '2025-12-11 15:29:05', NULL, NULL, 'delivery', NULL, NULL, NULL, NULL, NULL, NULL, NULL, NULL, NULL, 'cash', NULL, NULL, NULL, NULL, 0, NULL, NULL, 0, 0, NULL, NULL, 'android', NULL, NULL, 'caixa', 0, 0, 'Denilson', '91987963236', 'Teste', '91989963669', NULL, NULL, 0, 0, NULL, 0, 'motorcycle', '15', '10.3 km', 10.256, '18 mins', 18.0167, 38.53, 2, 1, NULL, NULL, '', NULL, 0, '1kg a 5kg', '56336996332', NULL, NULL, NULL);
INSERT INTO `client_requests` VALUES (528, 57, 39.00, 'R. Edésio de Moraes, 40 - Vila Quiera, Bragança - PA, 68606-000, Brazil', 'Taíra, Bragança - PA, 68600-000, Brazil', 3, 39, NULL, NULL, ST_GeomFromText('POINT(-46.7522068507969 -1.03291586266328)'), ST_GeomFromText('POINT(-46.7792927 -1.0607989)'), 'CANCELLED', '2025-12-12 08:36:06', '2025-12-12 08:37:42', NULL, NULL, 'delivery', NULL, NULL, NULL, NULL, NULL, NULL, NULL, NULL, NULL, 'cash', NULL, NULL, NULL, NULL, 0, NULL, NULL, 0, 0, NULL, NULL, 'android', NULL, NULL, 'caixa', 0, 0, 'Denilson', '91987963236', 'Teste', '91986699632', NULL, NULL, 0, 0, NULL, 0, 'motorcycle', '15', '10.2 km', 10.249, '18 mins', 18, 38.50, 2, 1, NULL, NULL, '', 'https://firebasestorage.googleapis.com/v0/b/urbandrive-770f9.firebasestorage.app/o/6b13a8b2-5000-4766-b5a2-d9c6be7da521.jpeg?alt=media&token=5f7849a5-f62d-46c7-8436-df07c3bcd96a', 0, '1kg a 5kg', '45612312325', NULL, NULL, NULL);
INSERT INTO `client_requests` VALUES (529, 57, 39.00, 'R. Edésio de Moraes, 40 - Vila Quiera, Bragança - PA, 68606-000, Brazil', 'Taíra, Bragança - PA, 68600-000, Brazil', 3, 39, 4.00, 2.00, ST_GeomFromText('POINT(-46.7522014863789 -1.0328873688237)'), ST_GeomFromText('POINT(-46.7792927 -1.0607989)'), 'FINISHED', '2025-12-12 08:39:48', '2025-12-12 08:41:50', NULL, NULL, 'delivery', NULL, NULL, NULL, NULL, NULL, NULL, NULL, NULL, NULL, 'cash', NULL, NULL, NULL, NULL, 0, NULL, NULL, 0, 0, NULL, NULL, 'android', NULL, NULL, 'caixa', 0, 0, 'Denilson', '91987963236', 'Teste', '9189963556', NULL, NULL, 0, 0, NULL, 0, 'motorcycle', '15', '10.2 km', 10.246, '18 mins', 18, 38.49, 2, 1, NULL, NULL, '', 'https://firebasestorage.googleapis.com/v0/b/urbandrive-770f9.firebasestorage.app/o/2a446bc6-4f3f-4f8d-be5a-7c56c5bb3396.jpeg?alt=media&token=5f7849a5-f62d-46c7-8436-df07c3bcd96a', 0, 'Até 1kg', '53669885223', NULL, NULL, NULL);
INSERT INTO `client_requests` VALUES (530, 57, 39.00, 'R. Edésio de Moraes, 40 - Vila Quiera, Bragança - PA, 68606-000, Brazil', 'Taíra, Bragança - PA, 68600-000, Brazil', 3, 39, 4.00, 2.00, ST_GeomFromText('POINT(-46.752127725631 -1.03295240182191)'), ST_GeomFromText('POINT(-46.7792927 -1.0607989)'), 'FINISHED', '2025-12-12 08:44:20', '2025-12-12 08:44:46', NULL, NULL, 'common', NULL, NULL, NULL, NULL, NULL, NULL, NULL, NULL, NULL, 'cash', NULL, NULL, NULL, NULL, 0, NULL, NULL, 0, 0, NULL, NULL, 'android', NULL, NULL, 'indefinido', 0, 0, NULL, NULL, NULL, NULL, NULL, NULL, 0, 0, NULL, 0, 'motorcycle', '15', '10.3 km', 10.252, '18 mins', 18.0167, 38.52, 2, 1, NULL, NULL, NULL, NULL, 0, NULL, NULL, NULL, NULL, NULL);
INSERT INTO `client_requests` VALUES (531, 57, 39.00, 'R. Edésio de Moraes, 40 - Vila Quiera, Bragança - PA, 68606-000, Brazil', 'Taíra, Bragança - PA, 68600-000, Brazil', 3, 39, 3.00, 2.00, ST_GeomFromText('POINT(-46.7522480897605 -1.0328055747416)'), ST_GeomFromText('POINT(-46.7792927 -1.0607989)'), 'FINISHED', '2025-12-12 16:39:30', '2025-12-12 16:41:44', NULL, NULL, 'delivery', NULL, NULL, NULL, NULL, NULL, NULL, NULL, NULL, NULL, 'cash', NULL, NULL, NULL, NULL, 0, NULL, NULL, 0, 0, NULL, NULL, 'android', NULL, NULL, 'caixa', 0, 0, 'Denilson', '91987963236', 'Teste', '91986633669', NULL, NULL, 0, 0, NULL, 0, 'motorcycle', '15', '10.2 km', 10.238, '18 mins', 17.9667, 38.44, 2, 1, NULL, NULL, '', 'https://firebasestorage.googleapis.com/v0/b/urbandrive-770f9.firebasestorage.app/o/87b8bffb-f064-4daa-9126-42e0417c78b2.jpeg?alt=media&token=d29961af-8a50-4f89-b66f-9504b4f0e44d', 0, '1kg a 5kg', '23623323669', NULL, NULL, NULL);
INSERT INTO `client_requests` VALUES (532, 57, 40.00, 'R. Edésio de Moraes, 40 - Vila Quiera, Bragança - PA, 68606-000, Brazil', 'Taíra, Bragança - PA, 68600-000, Brazil', 3, 40, NULL, NULL, ST_GeomFromText('POINT(-46.7521055974066 -1.03302480969462)'), ST_GeomFromText('POINT(-46.7792927 -1.0607989)'), 'CANCELLED', '2025-12-12 16:43:36', '2025-12-12 16:48:16', NULL, NULL, 'delivery', NULL, NULL, NULL, NULL, NULL, NULL, NULL, NULL, NULL, 'cash', NULL, NULL, NULL, NULL, 0, NULL, NULL, 0, 0, NULL, NULL, 'android', NULL, NULL, 'caixa', 0, 0, 'Denilson', '91987963236', 'Teste', '91986699696', NULL, NULL, 0, 0, NULL, 0, 'motorcycle', '15', '10.3 km', 10.262, '18 mins', 18.0333, 38.56, 2, 1, NULL, NULL, '', 'https://firebasestorage.googleapis.com/v0/b/urbandrive-770f9.firebasestorage.app/o/19958cbe-2991-4a77-a6ab-619083346dbb.jpeg?alt=media&token=d29961af-8a50-4f89-b66f-9504b4f0e44d', 0, '1kg a 5kg', '86335745658', NULL, NULL, NULL);
INSERT INTO `client_requests` VALUES (533, 57, 40.00, 'R. Edésio de Moraes, 40 - Vila Quiera, Bragança - PA, 68606-000, Brazil', 'Taíra, Bragança - PA, 68600-000, Brazil', 3, 40, 4.00, 3.00, ST_GeomFromText('POINT(-46.7521159909666 -1.03301140082943)'), ST_GeomFromText('POINT(-46.7792927 -1.0607989)'), 'FINISHED', '2025-12-12 17:04:58', '2025-12-12 17:06:42', NULL, NULL, 'delivery', NULL, NULL, NULL, NULL, NULL, NULL, NULL, NULL, NULL, 'cash', NULL, NULL, NULL, NULL, 0, NULL, NULL, 0, 0, NULL, NULL, 'android', NULL, NULL, 'caixa', 0, 0, 'Denilson', '91987963236', 'Teste', '91986885325', NULL, NULL, 0, 0, NULL, 0, 'motorcycle', '15', '10.3 km', 10.261, '18 mins', 18.0333, 38.56, 2, 1, NULL, NULL, '', 'https://firebasestorage.googleapis.com/v0/b/urbandrive-770f9.firebasestorage.app/o/fc34e4f2-6485-4bb6-a67e-de7c95a645d9.jpeg?alt=media&token=d29961af-8a50-4f89-b66f-9504b4f0e44d', 0, 'Até 1kg', '75325895112', 'https://firebasestorage.googleapis.com/v0/b/urbandrive-770f9.firebasestorage.app/o/60f60b8d-3fd5-44a5-9513-103dc122fdc9.jpeg?alt=media&token=d29961af-8a50-4f89-b66f-9504b4f0e44d', NULL, NULL);
INSERT INTO `client_requests` VALUES (534, 57, 40.00, 'R. Edésio de Moraes, 40 - Vila Quiera, Bragança - PA, 68606-000, Brazil', 'Taíra, Bragança - PA, 68600-000, Brazil', 3, 40, 5.00, 2.00, ST_GeomFromText('POINT(-46.7521159909666 -1.03301140082943)'), ST_GeomFromText('POINT(-46.7792927 -1.0607989)'), 'FINISHED', '2025-12-12 17:08:58', '2025-12-12 17:09:46', NULL, NULL, 'common', NULL, NULL, NULL, NULL, NULL, NULL, NULL, NULL, NULL, 'cash', NULL, NULL, NULL, NULL, 0, NULL, NULL, 0, 0, NULL, NULL, 'android', NULL, NULL, 'indefinido', 0, 0, NULL, NULL, NULL, NULL, NULL, NULL, 0, 0, NULL, 0, 'motorcycle', '15', '10.3 km', 10.261, '18 mins', 18.0333, 38.56, 2, 1, NULL, NULL, NULL, NULL, 0, NULL, NULL, NULL, NULL, NULL);
INSERT INTO `client_requests` VALUES (535, 57, 39.00, 'R. Edésio de Moraes, 40 - Vila Quiera, Bragança - PA, 68606-000, Brazil', 'Taíra, Bragança - PA, 68600-000, Brazil', 3, 39, 2.00, 3.00, ST_GeomFromText('POINT(-46.7521156556904 -1.03301743481877)'), ST_GeomFromText('POINT(-46.7792927 -1.0607989)'), 'FINISHED', '2025-12-12 17:21:25', '2025-12-12 17:22:02', NULL, NULL, 'common', NULL, NULL, NULL, NULL, NULL, NULL, NULL, NULL, NULL, 'cash', NULL, NULL, NULL, NULL, 0, NULL, NULL, 0, 0, NULL, NULL, 'android', NULL, NULL, 'indefinido', 0, 0, NULL, NULL, NULL, NULL, NULL, NULL, 0, 0, NULL, 0, 'motorcycle', '15', '10.3 km', 10.262, '18 mins', 18.0333, 38.56, 2, 1, NULL, NULL, NULL, NULL, 0, NULL, NULL, NULL, NULL, NULL);
INSERT INTO `client_requests` VALUES (536, 57, 40.00, 'R. Edésio de Moraes, 40 - Vila Quiera, Bragança - PA, 68606-000, Brazil', 'Taíra, Bragança - PA, 68600-000, Brazil', 3, 40, 3.00, 2.00, ST_GeomFromText('POINT(-46.7520968802273 -1.03301810526203)'), ST_GeomFromText('POINT(-46.7792927 -1.0607989)'), 'FINISHED', '2025-12-12 17:23:12', '2025-12-12 17:24:29', NULL, NULL, 'common', NULL, NULL, NULL, NULL, NULL, NULL, NULL, NULL, NULL, 'cash', NULL, NULL, NULL, NULL, 0, NULL, NULL, 0, 0, NULL, NULL, 'android', NULL, NULL, 'indefinido', 0, 0, NULL, NULL, NULL, NULL, NULL, NULL, 0, 0, NULL, 0, 'motorcycle', '15', '10.3 km', 10.262, '18 mins', 18.0333, 38.56, 2, 1, NULL, NULL, NULL, NULL, 0, NULL, NULL, NULL, NULL, NULL);
INSERT INTO `client_requests` VALUES (537, 57, 39.00, 'R. Edésio de Moraes, 40 - Vila Quiera, Bragança - PA, 68606-000, Brazil', 'Taíra, Bragança - PA, 68600-000, Brazil', 3, 39, 4.00, 2.00, ST_GeomFromText('POINT(-46.7522055096924 -1.03277171735454)'), ST_GeomFromText('POINT(-46.7792927 -1.0607989)'), 'FINISHED', '2025-12-12 17:25:24', '2025-12-12 17:26:14', NULL, NULL, 'common', NULL, NULL, NULL, NULL, NULL, NULL, NULL, NULL, NULL, 'cash', NULL, NULL, NULL, NULL, 0, NULL, NULL, 0, 0, NULL, NULL, 'android', NULL, NULL, 'indefinido', 0, 0, NULL, NULL, NULL, NULL, NULL, NULL, 0, 0, NULL, 0, 'motorcycle', '15', '10.2 km', 10.234, '18 mins', 17.9667, 38.43, 2, 1, NULL, NULL, NULL, NULL, 0, NULL, NULL, NULL, NULL, NULL);
INSERT INTO `client_requests` VALUES (538, 57, 39.00, 'R. Edésio de Moraes, 40 - Vila Quiera, Bragança - PA, 68606-000, Brazil', 'Taíra, Bragança - PA, 68600-000, Brazil', 3, 39, 4.00, 3.00, ST_GeomFromText('POINT(-46.7522055096924 -1.03277171735454)'), ST_GeomFromText('POINT(-46.7792927 -1.0607989)'), 'FINISHED', '2025-12-12 17:28:04', '2025-12-12 17:29:38', NULL, NULL, 'delivery', NULL, NULL, NULL, NULL, NULL, NULL, NULL, NULL, NULL, 'cash', NULL, NULL, NULL, NULL, 0, NULL, NULL, 0, 0, NULL, NULL, 'android', NULL, NULL, 'caixa', 0, 0, 'Denilson', '91987963236', 'Teste', '91986663535', NULL, NULL, 0, 0, NULL, 0, 'motorcycle', '15', '10.2 km', 10.234, '18 mins', 17.9667, 38.43, 2, 1, NULL, NULL, 'Teste', 'https://firebasestorage.googleapis.com/v0/b/urbandrive-770f9.firebasestorage.app/o/4a0d86f7-735a-48f6-a701-63cacb9bdc13.jpeg?alt=media&token=d29961af-8a50-4f89-b66f-9504b4f0e44d', 0, '1kg a 5kg', '56336956336', 'https://firebasestorage.googleapis.com/v0/b/urbandrive-770f9.firebasestorage.app/o/8eaca916-7c4c-4a40-8f9a-c5e1e6cb3486.jpeg?alt=media&token=d29961af-8a50-4f89-b66f-9504b4f0e44d', NULL, NULL);
INSERT INTO `client_requests` VALUES (539, 57, 39.00, 'R. Edésio de Moraes, 40 - Vila Quiera, Bragança - PA, 68606-000, Brazil', 'Taíra, Bragança - PA, 68600-000, Brazil', 3, 39, 4.00, 2.00, ST_GeomFromText('POINT(-46.7521887458861 -1.03278277966916)'), ST_GeomFromText('POINT(-46.7792927 -1.0607989)'), 'FINISHED', '2025-12-13 11:04:54', '2025-12-13 11:07:34', NULL, NULL, 'delivery', NULL, NULL, NULL, NULL, NULL, NULL, NULL, NULL, NULL, 'cash', NULL, NULL, NULL, NULL, 0, NULL, NULL, 0, 0, NULL, NULL, 'android', NULL, NULL, 'caixa', 0, 0, 'Denilson', '91987963236', 'Teste', '91986699635', NULL, NULL, 0, 0, NULL, 0, 'motorcycle', '15', '10.2 km', 10.235, '18 mins', 17.9667, 38.44, 2, 1, NULL, NULL, '', 'https://firebasestorage.googleapis.com/v0/b/urbandrive-770f9.firebasestorage.app/o/6cc8d6fe-b25e-4b2d-89f2-24ae0fdd4811.jpeg?alt=media&token=c416c011-c9ab-4973-aa5e-f3707429367f', 0, '1kg a 5kg', '12325854745', 'https://firebasestorage.googleapis.com/v0/b/urbandrive-770f9.firebasestorage.app/o/867e0759-4c1f-4b96-b54c-d071a009a759.jpeg?alt=media&token=c416c011-c9ab-4973-aa5e-f3707429367f', '913227', '913227');
INSERT INTO `client_requests` VALUES (540, 57, 39.00, 'R. Edésio de Moraes, 40 - Vila Quiera, Bragança - PA, 68606-000, Brazil', 'Taíra, Bragança - PA, 68600-000, Brazil', 3, 39, 4.00, 2.00, ST_GeomFromText('POINT(-46.7521887458861 -1.03278277966916)'), ST_GeomFromText('POINT(-46.7792927 -1.0607989)'), 'FINISHED', '2025-12-13 11:08:52', '2025-12-13 11:10:08', NULL, NULL, 'delivery', NULL, NULL, NULL, NULL, NULL, NULL, NULL, NULL, NULL, 'cash', NULL, NULL, NULL, NULL, 0, NULL, NULL, 0, 0, NULL, NULL, 'android', NULL, NULL, 'caixa', 0, 0, 'Denilson', '91987963236', 'Teste', '91986699635', NULL, NULL, 0, 0, NULL, 0, 'motorcycle', '15', '10.2 km', 10.235, '18 mins', 17.9667, 38.44, 2, 1, NULL, NULL, 'Teste', 'https://firebasestorage.googleapis.com/v0/b/urbandrive-770f9.firebasestorage.app/o/5c9cc608-2145-4c4d-8552-68a9454237be.jpeg?alt=media&token=c416c011-c9ab-4973-aa5e-f3707429367f', 0, '1kg a 5kg', '78936965223', 'https://firebasestorage.googleapis.com/v0/b/urbandrive-770f9.firebasestorage.app/o/3f0837f1-562f-4ca0-bd46-9a21361ec6ad.jpeg?alt=media&token=c416c011-c9ab-4973-aa5e-f3707429367f', '554476', '554476');
INSERT INTO `client_requests` VALUES (541, 57, 39.00, 'R. Edésio de Moraes, 40 - Vila Quiera, Bragança - PA, 68606-000, Brazil', 'Taíra, Bragança - PA, 68600-000, Brazil', NULL, NULL, NULL, NULL, ST_GeomFromText('POINT(-46.752180699259 -1.0328897153752)'), ST_GeomFromText('POINT(-46.7792927 -1.0607989)'), 'EXPIRED', '2025-12-13 11:19:15', '2025-12-13 11:19:18', NULL, NULL, 'delivery', NULL, NULL, NULL, NULL, NULL, NULL, NULL, NULL, NULL, 'cash', NULL, NULL, NULL, NULL, 0, NULL, NULL, 0, 0, NULL, NULL, 'android', NULL, NULL, 'caixa', 0, 0, 'Denilson', '91987963236', 'Teste', '91985552556', NULL, NULL, 0, 0, NULL, 0, 'motorcycle', '15', '10.2 km', 10.246, '18 mins', 18, 38.49, 2, 1, NULL, NULL, '', NULL, 0, '1kg a 5kg', '45612335785', NULL, '758199', NULL);
INSERT INTO `client_requests` VALUES (542, 57, 39.00, 'R. Edésio de Moraes, 40 - Vila Quiera, Bragança - PA, 68606-000, Brazil', 'Taíra, Bragança - PA, 68600-000, Brazil', 3, 39, 4.00, 2.00, ST_GeomFromText('POINT(-46.752180699259 -1.0328897153752)'), ST_GeomFromText('POINT(-46.7792927 -1.0607989)'), 'FINISHED', '2025-12-13 11:19:30', '2025-12-13 11:21:48', NULL, NULL, 'delivery', NULL, NULL, NULL, NULL, NULL, NULL, NULL, NULL, NULL, 'cash', NULL, NULL, NULL, NULL, 0, NULL, NULL, 0, 0, NULL, NULL, 'android', NULL, NULL, 'caixa', 0, 0, 'Denilson', '91987963236', 'Teste', '91985552556', NULL, NULL, 0, 0, NULL, 0, 'motorcycle', '15', '10.2 km', 10.246, '18 mins', 18, 38.49, 2, 1, NULL, NULL, '', 'https://firebasestorage.googleapis.com/v0/b/urbandrive-770f9.firebasestorage.app/o/61fcc112-b295-4afc-9c85-2835a59f0817.jpeg?alt=media&token=53888347-53db-4970-b599-36d9f506a0a5', 0, '1kg a 5kg', '45612335785', 'https://firebasestorage.googleapis.com/v0/b/urbandrive-770f9.firebasestorage.app/o/ca042228-198e-4e47-8de9-8529a7db5610.jpeg?alt=media&token=53888347-53db-4970-b599-36d9f506a0a5', '732239', '732239');
INSERT INTO `client_requests` VALUES (543, 57, 39.00, 'R. Edésio de Moraes, 40 - Vila Quiera, Bragança - PA, 68606-000, Brazil', 'Taíra, Bragança - PA, 68600-000, Brazil', 3, 39, 4.00, 4.00, ST_GeomFromText('POINT(-46.7522403784096 -1.03268455972282)'), ST_GeomFromText('POINT(-46.7792927 -1.0607989)'), 'FINISHED', '2025-12-13 11:25:03', '2025-12-13 11:25:25', NULL, NULL, 'common', NULL, NULL, NULL, NULL, NULL, NULL, NULL, NULL, NULL, 'cash', NULL, NULL, NULL, NULL, 0, NULL, NULL, 0, 0, NULL, NULL, 'android', NULL, NULL, 'indefinido', 0, 0, NULL, NULL, NULL, NULL, NULL, NULL, 0, 0, NULL, 0, 'motorcycle', '15', '10.2 km', 10.224, '18 mins', 17.9333, 38.38, 2, 1, NULL, NULL, NULL, NULL, 0, NULL, NULL, NULL, NULL, NULL);
INSERT INTO `client_requests` VALUES (544, 57, 39.00, 'R. Edésio de Moraes, 40 - Vila Quiera, Bragança - PA, 68606-000, Brazil', 'Taíra, Bragança - PA, 68600-000, Brazil', 3, 39, NULL, NULL, ST_GeomFromText('POINT(-46.7521294020116 -1.03299631585602)'), ST_GeomFromText('POINT(-46.7792927 -1.0607989)'), 'CANCELLED', '2025-12-15 12:41:28', '2025-12-15 13:35:05', NULL, NULL, 'common', NULL, NULL, NULL, NULL, NULL, NULL, NULL, NULL, NULL, 'cash', NULL, NULL, NULL, NULL, 0, NULL, NULL, 0, 0, NULL, NULL, 'android', NULL, NULL, 'indefinido', 0, 0, NULL, NULL, NULL, NULL, NULL, NULL, 0, 0, NULL, 0, 'motorcycle', '15', '10.3 km', 10.259, '18 mins', 18.0333, 38.55, 2, 1, NULL, NULL, NULL, NULL, 0, NULL, NULL, NULL, NULL, NULL);
INSERT INTO `client_requests` VALUES (545, 57, 39.00, 'R. Edésio de Moraes, 40 - Vila Quiera, Bragança - PA, 68606-000, Brazil', 'Taíra, Bragança - PA, 68600-000, Brazil', 3, 39, NULL, NULL, ST_GeomFromText('POINT(-46.7522423900664 -1.03273920085375)'), ST_GeomFromText('POINT(-46.7792927 -1.0607989)'), 'CANCELLED', '2025-12-15 13:39:38', '2025-12-15 13:39:51', NULL, NULL, 'delivery', NULL, NULL, NULL, NULL, NULL, NULL, NULL, NULL, NULL, 'cash', NULL, NULL, NULL, NULL, 0, NULL, NULL, 0, 0, NULL, NULL, 'android', NULL, NULL, 'indefinido', 0, 0, 'Denilson', '91987963236', 'Teste', '91986696563', NULL, NULL, 0, 0, NULL, 0, 'motorcycle', '15', '10.2 km', 10.23, '18 mins', 17.95, 38.41, 2, 1, NULL, NULL, 'Teste', NULL, 0, 'Até 1kg', '75315935858', NULL, '600238', NULL);
INSERT INTO `client_requests` VALUES (546, 57, 39.00, 'R. Edésio de Moraes, 40 - Vila Quiera, Bragança - PA, 68606-000, Brazil', 'Taíra, Bragança - PA, 68600-000, Brazil', 3, 39, NULL, NULL, ST_GeomFromText('POINT(-46.7520978860557 -1.03302782668929)'), ST_GeomFromText('POINT(-46.7792927 -1.0607989)'), 'CANCELLED', '2025-12-15 15:30:04', '2025-12-15 15:50:11', NULL, NULL, 'common', NULL, NULL, NULL, NULL, NULL, NULL, NULL, NULL, NULL, 'cash', NULL, NULL, NULL, NULL, 0, NULL, NULL, 0, 0, NULL, NULL, 'android', NULL, NULL, 'indefinido', 0, 0, NULL, NULL, NULL, NULL, NULL, NULL, 0, 0, NULL, 0, 'motorcycle', '15', '10.3 km', 10.263, '18 mins', 18.0333, 38.56, 2, 1, NULL, NULL, NULL, NULL, 0, NULL, NULL, NULL, NULL, NULL);
INSERT INTO `client_requests` VALUES (547, 57, 39.00, 'R. Edésio de Moraes, 40 - Vila Quiera, Bragança - PA, 68606-000, Brazil', 'Taíra, Bragança - PA, 68600-000, Brazil', 3, 39, 3.00, NULL, ST_GeomFromText('POINT(-46.7521401308477 -1.03298156610417)'), ST_GeomFromText('POINT(-46.7792927 -1.0607989)'), 'FINISHED', '2025-12-15 16:00:42', '2025-12-15 16:11:48', NULL, NULL, 'common', NULL, NULL, NULL, NULL, NULL, NULL, NULL, NULL, NULL, 'cash', NULL, NULL, NULL, NULL, 0, NULL, NULL, 0, 0, NULL, NULL, 'android', NULL, NULL, 'indefinido', 0, 0, NULL, NULL, NULL, NULL, NULL, NULL, 0, 0, NULL, 0, 'motorcycle', '15', '10.3 km', 10.255, '18 mins', 18.0167, 38.53, 2, 1, 'Teste', NULL, NULL, NULL, 0, NULL, NULL, NULL, NULL, NULL);
INSERT INTO `client_requests` VALUES (548, 57, 39.00, 'R. Edésio de Moraes, 40 - Vila Quiera, Bragança - PA, 68606-000, Brazil', 'Taíra, Bragança - PA, 68600-000, Brazil', 3, 39, 2.00, NULL, ST_GeomFromText('POINT(-46.7520958743989 -1.03303050846232)'), ST_GeomFromText('POINT(-46.7792927 -1.0607989)'), 'FINISHED', '2025-12-16 12:14:13', '2025-12-16 12:16:24', NULL, NULL, 'common', NULL, NULL, NULL, NULL, NULL, NULL, NULL, NULL, NULL, 'cash', NULL, NULL, NULL, NULL, 0, NULL, NULL, 0, 0, NULL, NULL, 'android', NULL, NULL, 'indefinido', 0, 0, NULL, NULL, NULL, NULL, NULL, NULL, 0, 0, NULL, 0, 'motorcycle', '15', '10.3 km', 10.263, '18 mins', 18.0333, 38.56, 2, 1, NULL, NULL, NULL, NULL, 0, NULL, NULL, NULL, NULL, NULL);
INSERT INTO `client_requests` VALUES (549, 57, 31.00, 'R. Edésio de Moraes, 40 - Vila Quiera, Bragança - PA, 68606-000, Brazil', 'Taíra, Bragança - PA, 68600-000, Brazil', 3, 31, 4.00, 2.00, ST_GeomFromText('POINT(-46.7521052621305 -1.0330234688081)'), ST_GeomFromText('POINT(-46.7792927 -1.0607989)'), 'FINISHED', '2025-12-16 14:22:00', '2025-12-16 14:22:37', NULL, NULL, 'common', NULL, NULL, NULL, NULL, NULL, NULL, NULL, NULL, NULL, 'cash', NULL, NULL, NULL, NULL, 0, NULL, NULL, 0, 0, NULL, NULL, 'android', NULL, NULL, 'indefinido', 0, 0, NULL, NULL, NULL, NULL, NULL, NULL, 0, 0, NULL, 0, 'motorcycle', '15', '10.3 km', 10.262, '18 mins', 18.0333, 38.56, 2, 1, NULL, NULL, NULL, NULL, 0, NULL, NULL, NULL, NULL, NULL);
INSERT INTO `client_requests` VALUES (550, 57, 37.00, 'R. Edésio de Moraes, 40 - Vila Quiera, Bragança - PA, 68606-000, Brazil', 'Taíra, Bragança - PA, 68600-000, Brazil', 3, 37, 5.00, 4.00, ST_GeomFromText('POINT(-46.75217801705 -1.03293832251312)'), ST_GeomFromText('POINT(-46.7792927 -1.0607989)'), 'FINISHED', '2025-12-16 14:31:46', '2025-12-16 14:32:12', NULL, NULL, 'common', NULL, NULL, NULL, NULL, NULL, NULL, NULL, NULL, NULL, 'cash', NULL, NULL, NULL, NULL, 0, NULL, NULL, 0, 0, NULL, NULL, 'android', NULL, NULL, 'indefinido', 0, 0, NULL, NULL, NULL, NULL, NULL, NULL, 0, 0, NULL, 0, 'motorcycle', '15', '10.3 km', 10.251, '18 mins', 18, 38.50, 2, 1, NULL, NULL, NULL, NULL, 0, NULL, NULL, NULL, NULL, NULL);
INSERT INTO `client_requests` VALUES (551, 57, 45.00, 'R. Edésio de Moraes, 40 - Vila Quiera, Bragança - PA, 68606-000, Brazil', 'Taíra, Bragança - PA, 68600-000, Brazil', 3, 45, NULL, NULL, ST_GeomFromText('POINT(-46.7521257139742 -1.03302078703508)'), ST_GeomFromText('POINT(-46.7792927 -1.0607989)'), 'CANCELLED', '2025-12-16 15:02:50', '2025-12-16 15:14:02', NULL, NULL, 'delivery', NULL, NULL, NULL, NULL, NULL, NULL, NULL, NULL, NULL, 'cash', NULL, NULL, NULL, NULL, 0, NULL, NULL, 0, 0, NULL, NULL, 'android', NULL, NULL, 'caixa', 0, 0, 'Denilson', '91987963236', 'Teste', '', NULL, NULL, 0, 0, NULL, 0, 'motorcycle', '15', '10.3 km', 10.262, '18 mins', 18.0333, 38.56, 2, 1, NULL, NULL, '', NULL, 0, '1kg a 5kg', '', NULL, '737241', NULL);
INSERT INTO `client_requests` VALUES (552, 57, 37.00, 'R. Edésio de Moraes, 40 - Vila Quiera, Bragança - PA, 68606-000, Brazil', 'Taíra, Bragança - PA, 68600-000, Brazil', 3, 37, 4.00, 2.00, ST_GeomFromText('POINT(-46.7521602474153 -1.03296078236281)'), ST_GeomFromText('POINT(-46.7792927 -1.0607989)'), 'FINISHED', '2025-12-16 15:14:59', '2025-12-16 15:16:37', NULL, NULL, 'delivery', NULL, NULL, NULL, NULL, NULL, NULL, NULL, NULL, NULL, 'cash', NULL, NULL, NULL, NULL, 0, NULL, NULL, 0, 0, NULL, NULL, 'android', NULL, NULL, 'caixa', 0, 0, 'Denilson', '91987963236', 'Teste', '', NULL, NULL, 0, 0, NULL, 0, 'motorcycle', '15', '10.3 km', 10.253, '18 mins', 18.0167, 38.52, 2, 1, NULL, NULL, '', 'https://firebasestorage.googleapis.com/v0/b/urbandrive-770f9.firebasestorage.app/o/d07958a9-6c92-4d1e-91b9-97c3437eca04.jpeg?alt=media&token=f0f3ed88-a2eb-4bf1-b435-f620a398bbe2', 0, '1kg a 5kg', '', 'https://firebasestorage.googleapis.com/v0/b/urbandrive-770f9.firebasestorage.app/o/804a23a0-760c-489c-af2f-9ca8114f0ffb.jpeg?alt=media&token=f0f3ed88-a2eb-4bf1-b435-f620a398bbe2', '153318', '153318');
INSERT INTO `client_requests` VALUES (553, 57, 43.00, 'R. Edésio de Moraes, 40 - Vila Quiera, Bragança - PA, 68606-000, Brazil', 'Taíra, Bragança - PA, 68600-000, Brazil', 3, 43, 4.00, 3.00, ST_GeomFromText('POINT(-46.7520962096751 -1.0330315141272)'), ST_GeomFromText('POINT(-46.7792927 -1.0607989)'), 'FINISHED', '2025-12-17 12:28:28', '2025-12-17 12:30:14', NULL, NULL, 'common', NULL, NULL, NULL, NULL, NULL, NULL, NULL, NULL, NULL, 'cash', NULL, NULL, NULL, NULL, 0, NULL, NULL, 0, 0, NULL, NULL, 'android', NULL, NULL, 'indefinido', 0, 0, NULL, NULL, NULL, NULL, NULL, NULL, 0, 0, NULL, 0, 'motorcycle', '15', '10.3 km', 10.263, '18 mins', 18.0333, 38.56, 2, 1, NULL, NULL, NULL, NULL, 0, NULL, NULL, NULL, NULL, NULL);
INSERT INTO `client_requests` VALUES (554, 57, 45.00, 'R. Edésio de Moraes, 40 - Vila Quiera, Bragança - PA, 68606-000, Brazil', 'Taíra, Bragança - PA, 68600-000, Brazil', 3, 45, 4.00, 4.00, ST_GeomFromText('POINT(-46.7521823756397 -1.03289874236146)'), ST_GeomFromText('POINT(-46.7792927 -1.0607989)'), 'FINISHED', '2025-12-17 14:03:50', '2025-12-17 14:04:21', NULL, NULL, 'common', NULL, NULL, NULL, NULL, NULL, NULL, NULL, NULL, NULL, 'cash', NULL, NULL, NULL, NULL, 0, NULL, NULL, 0, 0, NULL, NULL, 'android', NULL, NULL, 'indefinido', 0, 0, NULL, NULL, NULL, NULL, NULL, NULL, 0, 0, NULL, 0, 'motorcycle', '15', '10.2 km', 10.247, '18 mins', 18, 38.49, 2, 1, NULL, NULL, NULL, NULL, 0, NULL, NULL, NULL, NULL, NULL);
INSERT INTO `client_requests` VALUES (555, 57, 36.00, 'R. Edésio de Moraes, 40 - Vila Quiera, Bragança - PA, 68606-000, Brazil', 'Taíra, Bragança - PA, 68600-000, Brazil', 3, 36, NULL, NULL, ST_GeomFromText('POINT(-46.7521072737873 -1.03301774603955)'), ST_GeomFromText('POINT(-46.7792927 -1.0607989)'), 'CANCELLED', '2025-12-17 14:50:10', '2025-12-17 14:50:41', NULL, NULL, 'common', NULL, NULL, NULL, NULL, NULL, NULL, NULL, NULL, NULL, 'cash', NULL, NULL, NULL, NULL, 0, NULL, NULL, 0, 0, NULL, NULL, 'android', NULL, NULL, 'indefinido', 0, 0, NULL, NULL, NULL, NULL, NULL, NULL, 0, 0, NULL, 0, 'motorcycle', '15', '10.3 km', 10.262, '18 mins', 18.0333, 38.56, 2, 1, NULL, NULL, NULL, NULL, 0, NULL, NULL, NULL, NULL, NULL);
INSERT INTO `client_requests` VALUES (556, 57, 20.00, 'Av. Nazeazeno Ferreira, 402 - Centro, Bragança - PA, 68600-000, Brazil', 'Taíra, Bragança - PA, 68600-000, Brazil', NULL, NULL, NULL, NULL, ST_GeomFromText('POINT(-46.7648709006608 -1.06094447733257)'), ST_GeomFromText('POINT(-46.7792927 -1.0607989)'), 'EXPIRED', '2025-12-18 10:35:13', '2025-12-18 10:35:23', NULL, NULL, 'common', NULL, NULL, NULL, NULL, NULL, NULL, NULL, NULL, NULL, 'cash', NULL, NULL, NULL, NULL, 0, NULL, NULL, 0, 0, NULL, NULL, 'android', NULL, NULL, 'indefinido', 0, 0, NULL, NULL, NULL, NULL, NULL, NULL, 0, 0, NULL, 0, 'car', '15', '2.0 km', 1.981, '5 mins', 4.95, 10.89, 3, 1, NULL, NULL, NULL, NULL, 0, NULL, NULL, NULL, NULL, NULL);
INSERT INTO `client_requests` VALUES (557, 57, 20.00, 'Av. Nazeazeno Ferreira, 402 - Centro, Bragança - PA, 68600-000, Brazil', 'Taíra, Bragança - PA, 68600-000, Brazil', 3, 20, 2.00, 4.00, ST_GeomFromText('POINT(-46.7648709006608 -1.06094447733257)'), ST_GeomFromText('POINT(-46.7792927 -1.0607989)'), 'FINISHED', '2025-12-18 10:35:38', '2025-12-18 10:36:21', NULL, NULL, 'common', NULL, NULL, NULL, NULL, NULL, NULL, NULL, NULL, NULL, 'cash', NULL, NULL, NULL, NULL, 0, NULL, NULL, 0, 0, NULL, NULL, 'android', NULL, NULL, 'indefinido', 0, 0, NULL, NULL, NULL, NULL, NULL, NULL, 0, 0, NULL, 0, 'motorcycle', '15', '2.0 km', 1.981, '5 mins', 4.95, 10.89, 3, 1, NULL, NULL, NULL, NULL, 0, NULL, NULL, NULL, NULL, NULL);
INSERT INTO `client_requests` VALUES (558, 57, 36.00, 'R. Edésio de Moraes, 40 - Vila Quiera, Bragança - PA, 68606-000, Brazil', 'Taíra, Bragança - PA, 68600-000, Brazil', 3, 36, 2.00, 2.00, ST_GeomFromText('POINT(-46.7522028274834 -1.03272241577674)'), ST_GeomFromText('POINT(-46.7792927 -1.0607989)'), 'FINISHED', '2025-12-18 13:18:43', '2025-12-18 13:19:35', NULL, NULL, 'common', NULL, NULL, NULL, NULL, NULL, NULL, NULL, NULL, NULL, 'cash', NULL, NULL, NULL, NULL, 0, NULL, NULL, 0, 0, NULL, NULL, 'android', NULL, NULL, 'indefinido', 0, 0, NULL, NULL, NULL, NULL, NULL, NULL, 0, 0, NULL, 0, 'motorcycle', '15', '10.2 km', 10.228, '18 mins', 17.95, 38.41, 2, 1, NULL, NULL, NULL, NULL, 0, NULL, NULL, NULL, NULL, NULL);
INSERT INTO `client_requests` VALUES (559, 57, 37.00, 'R. Edésio de Moraes, 40 - Vila Quiera, Bragança - PA, 68606-000, Brazil', 'Taíra, Bragança - PA, 68600-000, Brazil', 3, 37, NULL, NULL, ST_GeomFromText('POINT(-46.7521384544671 -1.03295908225514)'), ST_GeomFromText('POINT(-46.7792927 -1.0607989)'), 'CANCELLED', '2025-12-18 13:20:29', '2025-12-18 13:21:26', NULL, NULL, 'common', NULL, NULL, NULL, NULL, NULL, NULL, NULL, NULL, NULL, 'cash', NULL, NULL, NULL, NULL, 0, NULL, NULL, 0, 0, NULL, NULL, 'android', NULL, NULL, 'indefinido', 0, 0, NULL, NULL, NULL, NULL, NULL, NULL, 0, 0, NULL, 0, 'motorcycle', '15', '10.3 km', 10.253, '18 mins', 18.0167, 38.52, 2, 1, NULL, NULL, NULL, NULL, 0, NULL, NULL, NULL, NULL, NULL);
INSERT INTO `client_requests` VALUES (560, 57, 39.00, 'R. Edésio de Moraes, 40 - Vila Quiera, Bragança - PA, 68606-000, Brazil', 'Taíra, Bragança - PA, 68600-000, Brazil', 3, 39, 5.00, 4.00, ST_GeomFromText('POINT(-46.7521384544671 -1.03295908225514)'), ST_GeomFromText('POINT(-46.7792927 -1.0607989)'), 'FINISHED', '2025-12-18 13:22:08', '2025-12-18 13:22:53', NULL, NULL, 'common', NULL, NULL, NULL, NULL, NULL, NULL, NULL, NULL, NULL, 'cash', NULL, NULL, NULL, NULL, 0, NULL, NULL, 0, 0, NULL, NULL, 'android', NULL, NULL, 'indefinido', 0, 0, NULL, NULL, NULL, NULL, NULL, NULL, 0, 0, NULL, 0, 'motorcycle', '15', '10.3 km', 10.253, '18 mins', 18.0167, 38.52, 2, 1, NULL, NULL, NULL, NULL, 0, NULL, NULL, NULL, NULL, NULL);
INSERT INTO `client_requests` VALUES (561, 57, 39.00, 'R. Edésio de Moraes, 40 - Vila Quiera, Bragança - PA, 68606-000, Brazil', 'Taíra, Bragança - PA, 68600-000, Brazil', 3, 39, 4.00, 2.00, ST_GeomFromText('POINT(-46.7521853931248 -1.03281124951362)'), ST_GeomFromText('POINT(-46.7792927 -1.0607989)'), 'FINISHED', '2025-12-18 13:55:43', '2025-12-18 13:57:45', NULL, NULL, 'common', NULL, NULL, NULL, NULL, NULL, NULL, NULL, NULL, NULL, 'cash', NULL, NULL, NULL, NULL, 0, NULL, NULL, 0, 0, NULL, NULL, 'android', NULL, NULL, 'indefinido', 0, 0, NULL, NULL, NULL, NULL, NULL, NULL, 0, 0, NULL, 0, 'motorcycle', '15', '10.2 km', 10.238, '18 mins', 17.9667, 38.44, 2, 1, NULL, NULL, NULL, NULL, 0, NULL, NULL, NULL, NULL, NULL);
INSERT INTO `client_requests` VALUES (562, 57, 36.00, 'R. Edésio de Moraes, 40 - Vila Quiera, Bragança - PA, 68606-000, Brazil', 'Taíra, Bragança - PA, 68600-000, Brazil', 3, 36, NULL, NULL, ST_GeomFromText('POINT(-46.7521853931248 -1.03281124951362)'), ST_GeomFromText('POINT(-46.7792927 -1.0607989)'), 'CANCELLED', '2025-12-18 14:05:49', '2025-12-18 14:06:33', NULL, NULL, 'common', NULL, NULL, NULL, NULL, NULL, NULL, NULL, NULL, NULL, 'cash', NULL, NULL, NULL, NULL, 0, NULL, NULL, 0, 0, NULL, NULL, 'android', NULL, NULL, 'indefinido', 0, 0, NULL, NULL, NULL, NULL, NULL, NULL, 0, 0, NULL, 0, 'motorcycle', '15', '10.2 km', 10.238, '18 mins', 17.9667, 38.44, 2, 1, NULL, NULL, NULL, NULL, 0, NULL, NULL, NULL, NULL, NULL);
INSERT INTO `client_requests` VALUES (563, 57, 36.00, 'R. Edésio de Moraes, 40 - Vila Quiera, Bragança - PA, 68606-000, Brazil', 'Taíra, Bragança - PA, 68600-000, Brazil', 3, 36, 4.00, 4.00, ST_GeomFromText('POINT(-46.7521183378994 -1.03300333150977)'), ST_GeomFromText('POINT(-46.7792927 -1.0607989)'), 'FINISHED', '2025-12-18 14:29:05', '2025-12-18 14:29:56', NULL, NULL, 'common', NULL, NULL, NULL, NULL, NULL, NULL, NULL, NULL, NULL, 'cash', NULL, NULL, NULL, NULL, 0, NULL, NULL, 0, 0, NULL, NULL, 'android', NULL, NULL, 'indefinido', 0, 0, NULL, NULL, NULL, NULL, NULL, NULL, 0, 0, NULL, 0, 'motorcycle', '15', '10.3 km', 10.26, '18 mins', 18.0333, 38.55, 2, 1, NULL, NULL, NULL, NULL, 0, NULL, NULL, NULL, NULL, NULL);
INSERT INTO `client_requests` VALUES (565, 57, 36.00, 'R. Edésio de Moraes, 40 - Vila Quiera, Bragança - PA, 68606-000, Brazil', 'Taíra, Bragança - PA, 68600-000, Brazil', NULL, NULL, NULL, NULL, ST_GeomFromText('POINT(-46.7521183378994 -1.03300333150977)'), ST_GeomFromText('POINT(-46.7792927 -1.0607989)'), 'EXPIRED', '2025-12-18 14:33:35', '2025-12-18 14:34:30', NULL, NULL, 'common', NULL, NULL, NULL, NULL, NULL, NULL, NULL, NULL, NULL, 'cash', NULL, NULL, NULL, NULL, 0, NULL, NULL, 0, 0, NULL, NULL, 'android', NULL, NULL, 'indefinido', 0, 0, NULL, NULL, NULL, NULL, NULL, NULL, 0, 0, NULL, 0, 'motorcycle', '15', '10.3 km', 10.26, '18 mins', 18.0333, 38.55, 2, 1, NULL, NULL, NULL, NULL, 0, NULL, NULL, NULL, NULL, NULL);
INSERT INTO `client_requests` VALUES (566, 57, 36.00, 'R. Edésio de Moraes, 40 - Vila Quiera, Bragança - PA, 68606-000, Brazil', 'Taíra, Bragança - PA, 68600-000, Brazil', NULL, NULL, NULL, NULL, ST_GeomFromText('POINT(-46.7521183378994 -1.03300333150977)'), ST_GeomFromText('POINT(-46.7792927 -1.0607989)'), 'EXPIRED', '2025-12-18 14:36:05', '2025-12-18 14:36:10', NULL, NULL, 'common', NULL, NULL, NULL, NULL, NULL, NULL, NULL, NULL, NULL, 'cash', NULL, NULL, NULL, NULL, 0, NULL, NULL, 0, 0, NULL, NULL, 'android', NULL, NULL, 'indefinido', 0, 0, NULL, NULL, NULL, NULL, NULL, NULL, 0, 0, NULL, 0, 'motorcycle', '15', '10.3 km', 10.26, '18 mins', 18.0333, 38.55, 2, 1, NULL, NULL, NULL, NULL, 0, NULL, NULL, NULL, NULL, NULL);
INSERT INTO `client_requests` VALUES (567, 57, 36.00, 'R. Edésio de Moraes, 40 - Vila Quiera, Bragança - PA, 68606-000, Brazil', 'Taíra, Bragança - PA, 68600-000, Brazil', NULL, NULL, NULL, NULL, ST_GeomFromText('POINT(-46.7521183378994 -1.03300333150977)'), ST_GeomFromText('POINT(-46.7792927 -1.0607989)'), 'EXPIRED', '2025-12-18 14:36:36', '2025-12-18 14:36:40', NULL, NULL, 'common', NULL, NULL, NULL, NULL, NULL, NULL, NULL, NULL, NULL, 'cash', NULL, NULL, NULL, NULL, 0, NULL, NULL, 0, 0, NULL, NULL, 'android', NULL, NULL, 'indefinido', 0, 0, NULL, NULL, NULL, NULL, NULL, NULL, 0, 0, NULL, 0, 'motorcycle', '15', '10.3 km', 10.26, '18 mins', 18.0333, 38.55, 2, 1, NULL, NULL, NULL, NULL, 0, NULL, NULL, NULL, NULL, NULL);
INSERT INTO `client_requests` VALUES (568, 57, 36.00, 'R. Edésio de Moraes, 40 - Vila Quiera, Bragança - PA, 68606-000, Brazil', 'Taíra, Bragança - PA, 68600-000, Brazil', NULL, NULL, NULL, NULL, ST_GeomFromText('POINT(-46.7521149851382 -1.03301338815845)'), ST_GeomFromText('POINT(-46.7792927 -1.0607989)'), 'EXPIRED', '2025-12-18 15:12:39', '2025-12-18 15:12:57', NULL, NULL, 'common', NULL, NULL, NULL, NULL, NULL, NULL, NULL, NULL, NULL, 'cash', NULL, NULL, NULL, NULL, 0, NULL, NULL, 0, 0, NULL, NULL, 'android', NULL, NULL, 'indefinido', 0, 0, NULL, NULL, NULL, NULL, NULL, NULL, 0, 0, NULL, 0, 'motorcycle', '15', '1.8 km', 1.813, '4 mins', 4.48333, 9.92, 3, 1, NULL, NULL, NULL, NULL, 0, NULL, NULL, NULL, NULL, NULL);
INSERT INTO `client_requests` VALUES (569, 57, 39.00, 'R. Edésio de Moraes, 40 - Vila Quiera, Bragança - PA, 68606-000, Brazil', 'Taíra, Bragança - PA, 68600-000, Brazil', 3, 39, NULL, NULL, ST_GeomFromText('POINT(-46.7522159032524 -1.03269933350971)'), ST_GeomFromText('POINT(-46.7792927 -1.0607989)'), 'ACCEPTED', '2025-12-18 15:14:40', '2025-12-18 15:14:51', NULL, NULL, 'common', NULL, NULL, NULL, NULL, NULL, NULL, NULL, NULL, NULL, 'cash', NULL, NULL, NULL, NULL, 0, NULL, NULL, 0, 0, NULL, NULL, 'android', NULL, NULL, 'indefinido', 0, 0, NULL, NULL, NULL, NULL, NULL, NULL, 0, 0, NULL, 0, 'motorcycle', '15', '10.2 km', 10.227, '18 mins', 17.95, 38.40, 2, 1, NULL, NULL, NULL, NULL, 0, NULL, NULL, NULL, NULL, NULL);
INSERT INTO `client_requests` VALUES (570, 57, 39.00, 'R. Edésio de Moraes, 40 - Vila Quiera, Bragança - PA, 68606-000, Brazil', 'Taíra, Bragança - PA, 68600-000, Brazil', 3, 39, 4.00, 3.00, ST_GeomFromText('POINT(-46.7522159032524 -1.03270934213224)'), ST_GeomFromText('POINT(-46.7792927 -1.0607989)'), 'FINISHED', '2025-12-18 15:23:57', '2025-12-18 15:24:49', NULL, NULL, 'common', NULL, NULL, NULL, NULL, NULL, NULL, NULL, NULL, NULL, 'cash', NULL, NULL, NULL, NULL, 0, NULL, NULL, 0, 0, NULL, NULL, 'android', NULL, NULL, 'indefinido', 0, 0, NULL, NULL, NULL, NULL, NULL, NULL, 0, 0, NULL, 0, 'motorcycle', '15', '10.2 km', 10.227, '18 mins', 17.95, 38.40, 2, 1, NULL, NULL, NULL, NULL, 0, NULL, NULL, NULL, NULL, NULL);
INSERT INTO `client_requests` VALUES (571, 57, 36.00, 'R. Edésio de Moraes, 40 - Vila Quiera, Bragança - PA, 68606-000, Brazil', 'Taíra, Bragança - PA, 68600-000, Brazil', 3, 36, NULL, NULL, ST_GeomFromText('POINT(-46.7522159032524 -1.03270934213224)'), ST_GeomFromText('POINT(-46.7792927 -1.0607989)'), 'CANCELLED', '2025-12-18 15:32:39', '2025-12-18 15:34:09', NULL, NULL, 'common', NULL, NULL, NULL, NULL, NULL, NULL, NULL, NULL, NULL, 'cash', NULL, NULL, NULL, NULL, 0, NULL, NULL, 0, 0, NULL, NULL, 'android', NULL, NULL, 'indefinido', 0, 0, NULL, NULL, NULL, NULL, NULL, NULL, 0, 0, NULL, 0, 'motorcycle', '15', '10.2 km', 10.227, '18 mins', 17.95, 38.40, 2, 1, NULL, NULL, NULL, NULL, 0, NULL, NULL, NULL, NULL, NULL);
INSERT INTO `client_requests` VALUES (572, 57, 37.00, 'R. Edésio de Moraes, 40 - Vila Quiera, Bragança - PA, 68606-000, Brazil', 'Taíra, Bragança - PA, 68600-000, Brazil', 3, 37, NULL, NULL, ST_GeomFromText('POINT(-46.7521739937365 -1.03286354408964)'), ST_GeomFromText('POINT(-46.7792927 -1.0607989)'), 'CANCELLED', '2025-12-18 15:35:21', '2025-12-18 15:39:01', NULL, NULL, 'common', NULL, NULL, NULL, NULL, NULL, NULL, NULL, NULL, NULL, 'cash', NULL, NULL, NULL, NULL, 0, NULL, NULL, 0, 0, NULL, NULL, 'android', NULL, NULL, 'indefinido', 0, 0, NULL, NULL, NULL, NULL, NULL, NULL, 0, 0, NULL, 0, 'motorcycle', '15', '10.2 km', 10.243, '18 mins', 17.9833, 38.47, 2, 1, NULL, NULL, NULL, NULL, 0, NULL, NULL, NULL, NULL, NULL);
INSERT INTO `client_requests` VALUES (573, 57, 39.00, 'R. Edésio de Moraes, 40 - Vila Quiera, Bragança - PA, 68606-000, Brazil', 'Taíra, Bragança - PA, 68600-000, Brazil', 3, 39, 5.00, 3.00, ST_GeomFromText('POINT(-46.7521669529378 -1.03295743014645)'), ST_GeomFromText('POINT(-46.7792927 -1.0607989)'), 'FINISHED', '2025-12-18 17:06:38', '2025-12-18 17:09:25', NULL, NULL, 'delivery', NULL, NULL, NULL, NULL, NULL, NULL, NULL, NULL, NULL, 'cash', NULL, NULL, NULL, NULL, 0, NULL, NULL, 0, 0, NULL, NULL, 'android', NULL, NULL, 'caixa', 0, 0, 'Denilson', '91987963236', '', '', NULL, NULL, 0, 0, NULL, 0, 'motorcycle', '15', '10.3 km', 10.253, '18 mins', 18.0167, 38.52, 2, 1, NULL, NULL, '', 'https://firebasestorage.googleapis.com/v0/b/urbandrive-770f9.firebasestorage.app/o/24e38a2c-c7d6-490c-9554-3f1eb162f20b.jpeg?alt=media&token=58d0aca7-ccb7-4cd9-8f27-4bc29019e766', 0, '1kg a 5kg', '', 'https://firebasestorage.googleapis.com/v0/b/urbandrive-770f9.firebasestorage.app/o/08d66bd1-0fc3-4a7b-9fbb-e2df1948195e.jpeg?alt=media&token=58d0aca7-ccb7-4cd9-8f27-4bc29019e766', '441484', '441484');
INSERT INTO `client_requests` VALUES (574, 57, 41.00, 'R. Edésio de Moraes, 40 - Vila Quiera, Bragança - PA, 68606-000, Brazil', 'Taíra, Bragança - PA, 68600-000, Brazil', 3, 41, 4.00, 2.00, ST_GeomFromText('POINT(-46.7521827109158 -1.03286622586274)'), ST_GeomFromText('POINT(-46.7792927 -1.0607989)'), 'FINISHED', '2025-12-18 17:14:33', '2025-12-18 17:15:13', NULL, NULL, 'common', NULL, NULL, NULL, NULL, NULL, NULL, NULL, NULL, NULL, 'cash', NULL, NULL, NULL, NULL, 0, NULL, NULL, 0, 0, NULL, NULL, 'android', NULL, NULL, 'indefinido', 0, 0, NULL, NULL, NULL, NULL, NULL, NULL, 0, 0, NULL, 0, 'motorcycle', '15', '10.2 km', 10.243, '18 mins', 17.9833, 38.47, 2, 1, NULL, NULL, NULL, NULL, 0, NULL, NULL, NULL, NULL, NULL);
INSERT INTO `client_requests` VALUES (575, 57, 39.00, 'R. Edésio de Moraes, 40 - Vila Quiera, Bragança - PA, 68606-000, Brazil', 'Taíra, Bragança - PA, 68600-000, Brazil', 63, 39, 4.00, 4.00, ST_GeomFromText('POINT(-46.7521263845265 -1.03297047979048)'), ST_GeomFromText('POINT(-46.7792927 -1.0607989)'), 'FINISHED', '2025-12-19 13:12:55', '2025-12-19 13:13:25', NULL, NULL, 'common', NULL, NULL, NULL, NULL, NULL, NULL, NULL, NULL, NULL, 'cash', NULL, NULL, NULL, NULL, 0, NULL, NULL, 0, 0, NULL, NULL, 'android', NULL, NULL, 'indefinido', 0, 0, NULL, NULL, NULL, NULL, NULL, NULL, 0, 0, NULL, 0, 'motorcycle', '15', '10.3 km', 10.254, '18 mins', 18.0167, 38.52, 2, 1, NULL, NULL, NULL, NULL, 0, NULL, NULL, NULL, NULL, NULL);
INSERT INTO `client_requests` VALUES (576, 57, 39.00, 'R. Edésio de Moraes, 40 - Vila Quiera, Bragança - PA, 68606-000, Brazil', 'Taíra, Bragança - PA, 68600-000, Brazil', 63, 39, 5.00, 2.00, ST_GeomFromText('POINT(-46.7521069385111 -1.03302143347739)'), ST_GeomFromText('POINT(-46.7792927 -1.0607989)'), 'FINISHED', '2025-12-19 13:55:09', '2025-12-19 13:55:36', NULL, NULL, 'common', NULL, NULL, NULL, NULL, NULL, NULL, NULL, NULL, NULL, 'cash', NULL, NULL, NULL, NULL, 0, NULL, NULL, 0, 0, NULL, NULL, 'android', NULL, NULL, 'indefinido', 0, 0, NULL, NULL, NULL, NULL, NULL, NULL, 0, 0, NULL, 0, 'motorcycle', '15', '10.3 km', 10.262, '18 mins', 18.0333, 38.56, 2, 1, NULL, NULL, NULL, NULL, 0, NULL, NULL, NULL, NULL, NULL);
INSERT INTO `client_requests` VALUES (577, 57, 39.00, 'R. Edésio de Moraes, 40 - Vila Quiera, Bragança - PA, 68606-000, Brazil', 'Taíra, Bragança - PA, 68600-000, Brazil', 63, 39, 4.00, 2.00, ST_GeomFromText('POINT(-46.752148848027 -1.03294030984389)'), ST_GeomFromText('POINT(-46.7792927 -1.0607989)'), 'FINISHED', '2025-12-19 15:00:41', '2025-12-19 15:01:52', NULL, NULL, 'common', NULL, NULL, NULL, NULL, NULL, NULL, NULL, NULL, NULL, 'cash', NULL, NULL, NULL, NULL, 0, NULL, NULL, 0, 0, NULL, NULL, 'android', NULL, NULL, 'indefinido', 0, 0, NULL, NULL, NULL, NULL, NULL, NULL, 0, 0, NULL, 0, 'motorcycle', '15', '10.3 km', 10.251, '18 mins', 18, 38.50, 2, 1, NULL, NULL, NULL, NULL, 0, NULL, NULL, NULL, NULL, NULL);
INSERT INTO `client_requests` VALUES (578, 3, 39.00, 'R. Edésio de Moraes, 40 - Vila Quiera, Bragança - PA, 68606-000, Brazil', 'Taíra, Bragança - PA, 68600-000, Brazil', 57, 39, 5.00, 2.00, ST_GeomFromText('POINT(-46.7521760053933 -1.03286790212032)'), ST_GeomFromText('POINT(-46.7792927 -1.0607989)'), 'FINISHED', '2025-12-20 21:09:40', '2025-12-20 21:10:58', NULL, NULL, 'common', NULL, NULL, NULL, NULL, NULL, NULL, NULL, NULL, NULL, 'cash', NULL, NULL, NULL, NULL, 0, NULL, NULL, 0, 0, NULL, NULL, 'android', NULL, NULL, 'indefinido', 0, 0, NULL, NULL, NULL, NULL, NULL, NULL, 0, 0, NULL, 0, 'motorcycle', '15', '10.2 km', 10.243, '18 mins', 17.9833, 38.47, 2, 1, NULL, NULL, NULL, NULL, 0, NULL, NULL, NULL, NULL, NULL);
INSERT INTO `client_requests` VALUES (579, 3, 39.00, 'R. Edésio de Moraes, 40 - Vila Quiera, Bragança - PA, 68606-000, Brazil', 'Taíra, Bragança - PA, 68600-000, Brazil', 57, 39, 5.00, 3.00, ST_GeomFromText('POINT(-46.7521760053933 -1.03286790212032)'), ST_GeomFromText('POINT(-46.7792927 -1.0607989)'), 'FINISHED', '2025-12-20 21:15:41', '2025-12-20 21:17:16', NULL, NULL, 'common', NULL, NULL, NULL, NULL, NULL, NULL, NULL, NULL, NULL, 'cash', NULL, NULL, NULL, NULL, 0, NULL, NULL, 0, 0, NULL, NULL, 'android', NULL, NULL, 'indefinido', 0, 0, NULL, NULL, NULL, NULL, NULL, NULL, 0, 0, NULL, 0, 'motorcycle', '15', '10.2 km', 10.243, '18 mins', 17.9833, 38.47, 2, 1, NULL, NULL, NULL, NULL, 0, NULL, NULL, NULL, NULL, NULL);
INSERT INTO `client_requests` VALUES (580, 3, 39.00, 'R. Av. Álvaro de Sousa, 60 - Vila Quiera, Bragança - PA, 68606-000, Brazil', 'Taíra, Bragança - PA, 68600-000, Brazil', 57, 39, NULL, NULL, ST_GeomFromText('POINT(-46.7521086148918 -1.03308412006945)'), ST_GeomFromText('POINT(-46.7792927 -1.0607989)'), 'CANCELLED', '2025-12-21 09:00:15', '2025-12-21 09:16:26', NULL, NULL, 'common', NULL, NULL, NULL, NULL, NULL, NULL, NULL, NULL, NULL, 'cash', NULL, NULL, NULL, NULL, 0, NULL, NULL, 0, 0, NULL, NULL, 'android', NULL, NULL, 'indefinido', 0, 0, NULL, NULL, NULL, NULL, NULL, NULL, 0, 0, NULL, 0, 'motorcycle', '15', '10.3 km', 10.269, '18 mins', 18.05, 38.59, 2, 1, NULL, NULL, NULL, NULL, 0, NULL, NULL, NULL, NULL, NULL);
INSERT INTO `client_requests` VALUES (581, 3, 39.00, 'R. Edésio de Moraes, 40 - Vila Quiera, Bragança - PA, 68606-000, Brazil', 'Taíra, Bragança - PA, 68600-000, Brazil', 57, 39, 4.00, 4.00, ST_GeomFromText('POINT(-46.752217579633 -1.03277873316337)'), ST_GeomFromText('POINT(-46.7792927 -1.0607989)'), 'FINISHED', '2025-12-21 09:17:04', '2025-12-21 09:18:12', NULL, NULL, 'common', NULL, NULL, NULL, NULL, NULL, NULL, NULL, NULL, NULL, 'cash', NULL, NULL, NULL, NULL, 0, NULL, NULL, 0, 0, NULL, NULL, 'android', NULL, NULL, 'indefinido', 0, 0, NULL, NULL, NULL, NULL, NULL, NULL, 0, 0, NULL, 0, 'motorcycle', '15', '10.2 km', 10.235, '18 mins', 17.9667, 38.44, 2, 1, NULL, NULL, NULL, NULL, 0, NULL, NULL, NULL, NULL, NULL);
INSERT INTO `client_requests` VALUES (582, 3, 39.00, 'R. Edésio de Moraes, 40 - Vila Quiera, Bragança - PA, 68606-000, Brazil', 'Taíra, Bragança - PA, 68600-000, Brazil', 57, 39, 4.00, 4.00, ST_GeomFromText('POINT(-46.752217579633 -1.03277875706442)'), ST_GeomFromText('POINT(-46.7792927 -1.0607989)'), 'FINISHED', '2025-12-21 09:19:55', '2025-12-21 09:22:13', NULL, NULL, 'delivery', NULL, NULL, NULL, NULL, NULL, NULL, NULL, NULL, NULL, 'cash', NULL, NULL, NULL, NULL, 0, NULL, NULL, 0, 0, NULL, NULL, 'android', NULL, NULL, 'caixa', 0, 0, 'Ivanc', '91985070024', 'Teste', '91985086636', NULL, NULL, 0, 0, NULL, 0, 'motorcycle', '15', '10.2 km', 10.235, '18 mins', 17.9667, 38.44, 2, 1, NULL, NULL, '', 'https://firebasestorage.googleapis.com/v0/b/urbandrive-770f9.firebasestorage.app/o/49a311b4-9647-4477-ac37-36f4103c51fe.jpeg?alt=media&token=fccd3cc5-f30f-400b-a2f6-ca45c19cb38e', 0, '5kg a 10kg', '', 'https://firebasestorage.googleapis.com/v0/b/urbandrive-770f9.firebasestorage.app/o/7e809bc6-de8e-42d5-8f0a-f042d30cb394.jpeg?alt=media&token=fccd3cc5-f30f-400b-a2f6-ca45c19cb38e', '987327', '987327');
INSERT INTO `client_requests` VALUES (583, 3, 37.00, 'R. Edésio de Moraes, 40 - Vila Quiera, Bragança - PA, 68606-000, Brazil', 'Taíra, Bragança - PA, 68600-000, Brazil', 57, 37, NULL, NULL, ST_GeomFromText('POINT(-46.752217579633 -1.03277873316337)'), ST_GeomFromText('POINT(-46.7792927 -1.0607989)'), 'CANCELLED', '2025-12-21 09:24:11', '2025-12-21 09:27:22', NULL, NULL, 'common', NULL, NULL, NULL, NULL, NULL, NULL, NULL, NULL, NULL, 'cash', NULL, NULL, NULL, NULL, 0, NULL, NULL, 0, 0, NULL, NULL, 'android', NULL, NULL, 'indefinido', 0, 0, NULL, NULL, NULL, NULL, NULL, NULL, 0, 0, NULL, 0, 'motorcycle', '15', '10.2 km', 10.235, '18 mins', 17.9667, 38.44, 2, 1, NULL, NULL, NULL, NULL, 0, NULL, NULL, NULL, NULL, NULL);
INSERT INTO `client_requests` VALUES (584, 3, 39.00, 'R. Edésio de Moraes, 40 - Vila Quiera, Bragança - PA, 68606-000, Brazil', 'Taíra, Bragança - PA, 68600-000, Brazil', 57, 39, NULL, NULL, ST_GeomFromText('POINT(-46.752217579633 -1.03277873316337)'), ST_GeomFromText('POINT(-46.7792927 -1.0607989)'), 'CANCELLED', '2025-12-21 09:53:47', '2025-12-21 09:54:56', NULL, NULL, 'common', NULL, NULL, NULL, NULL, NULL, NULL, NULL, NULL, NULL, 'cash', NULL, NULL, NULL, NULL, 0, NULL, NULL, 0, 0, NULL, NULL, 'android', NULL, NULL, 'indefinido', 0, 0, NULL, NULL, NULL, NULL, NULL, NULL, 0, 0, NULL, 0, 'motorcycle', '15', '10.2 km', 10.235, '18 mins', 17.9667, 38.44, 2, 1, NULL, NULL, NULL, NULL, 0, NULL, NULL, NULL, NULL, NULL);
INSERT INTO `client_requests` VALUES (585, 3, 39.00, 'R. Edésio de Moraes, 40 - Vila Quiera, Bragança - PA, 68606-000, Brazil', 'Taíra, Bragança - PA, 68600-000, Brazil', 57, 39, NULL, NULL, ST_GeomFromText('POINT(-46.752217579633 -1.03277873316337)'), ST_GeomFromText('POINT(-46.7792927 -1.0607989)'), 'CANCELLED', '2025-12-21 09:58:47', '2025-12-21 10:00:56', NULL, NULL, 'common', NULL, NULL, NULL, NULL, NULL, NULL, NULL, NULL, NULL, 'cash', NULL, NULL, NULL, NULL, 0, NULL, NULL, 0, 0, NULL, NULL, 'android', NULL, NULL, 'indefinido', 0, 0, NULL, NULL, NULL, NULL, NULL, NULL, 0, 0, NULL, 0, 'motorcycle', '15', '10.2 km', 10.235, '18 mins', 17.9667, 38.44, 2, 1, NULL, NULL, NULL, NULL, 0, NULL, NULL, NULL, NULL, NULL);
INSERT INTO `client_requests` VALUES (586, 3, 39.00, 'R. Edésio de Moraes, 40 - Vila Quiera, Bragança - PA, 68606-000, Brazil', 'Taíra, Bragança - PA, 68600-000, Brazil', 57, 39, 5.00, 2.00, ST_GeomFromText('POINT(-46.752217579633 -1.03277873316337)'), ST_GeomFromText('POINT(-46.7792927 -1.0607989)'), 'FINISHED', '2025-12-21 10:01:28', '2025-12-21 10:03:32', NULL, NULL, 'common', NULL, NULL, NULL, NULL, NULL, NULL, NULL, NULL, NULL, 'cash', NULL, NULL, NULL, NULL, 0, NULL, NULL, 0, 0, NULL, NULL, 'android', NULL, NULL, 'indefinido', 0, 0, NULL, NULL, NULL, NULL, NULL, NULL, 0, 0, NULL, 0, 'motorcycle', '15', '10.2 km', 10.235, '18 mins', 17.9667, 38.44, 2, 1, NULL, NULL, NULL, NULL, 0, NULL, NULL, NULL, NULL, NULL);
INSERT INTO `client_requests` VALUES (587, 3, 38.44, 'R. Edésio de Moraes, 40 - Vila Quiera, Bragança - PA, 68606-000, Brazil', 'Taíra, Bragança - PA, 68600-000, Brazil', 57, 38, 5.00, 2.00, ST_GeomFromText('POINT(-46.752217579633 -1.03277873316337)'), ST_GeomFromText('POINT(-46.7792927 -1.0607989)'), 'FINISHED', '2025-12-21 11:48:21', '2025-12-21 11:48:57', NULL, NULL, 'common', NULL, NULL, NULL, NULL, NULL, NULL, NULL, NULL, NULL, 'cash', NULL, NULL, NULL, NULL, 0, NULL, NULL, 0, 0, NULL, NULL, 'android', NULL, NULL, 'indefinido', 0, 0, NULL, NULL, NULL, NULL, NULL, NULL, 0, 0, NULL, 0, 'motorcycle', '15', '10.2 km', 10.235, '18 mins', 17.9667, 38.44, 2, 1, NULL, NULL, NULL, NULL, 0, NULL, NULL, NULL, NULL, NULL);
INSERT INTO `client_requests` VALUES (588, 3, 40.00, 'R. Edésio de Moraes, 40 - Vila Quiera, Bragança - PA, 68606-000, Brazil', 'Taíra, Bragança - PA, 68600-000, Brazil', 57, 40, 5.00, 2.00, ST_GeomFromText('POINT(-46.752217579633 -1.03277873316337)'), ST_GeomFromText('POINT(-46.7792927 -1.0607989)'), 'FINISHED', '2025-12-21 11:49:57', '2025-12-21 11:50:33', NULL, NULL, 'common', NULL, NULL, NULL, NULL, NULL, NULL, NULL, NULL, NULL, 'cash', NULL, NULL, NULL, NULL, 0, NULL, NULL, 0, 0, NULL, NULL, 'android', NULL, NULL, 'indefinido', 0, 0, NULL, NULL, NULL, NULL, NULL, NULL, 0, 0, NULL, 0, 'motorcycle', '15', '10.2 km', 10.235, '18 mins', 17.9667, 38.44, 2, 1, NULL, NULL, NULL, NULL, 0, NULL, NULL, NULL, NULL, NULL);
INSERT INTO `client_requests` VALUES (589, 3, 38.44, 'R. Edésio de Moraes, 40 - Vila Quiera, Bragança - PA, 68606-000, Brazil', 'Taíra, Bragança - PA, 68600-000, Brazil', 57, 38, 5.00, 2.00, ST_GeomFromText('POINT(-46.752217579633 -1.03277873316337)'), ST_GeomFromText('POINT(-46.7792927 -1.0607989)'), 'FINISHED', '2025-12-21 11:50:58', '2025-12-21 11:51:37', NULL, NULL, 'common', NULL, NULL, NULL, NULL, NULL, NULL, NULL, NULL, NULL, 'cash', NULL, NULL, NULL, NULL, 0, NULL, NULL, 0, 0, NULL, NULL, 'android', NULL, NULL, 'indefinido', 0, 0, NULL, NULL, NULL, NULL, NULL, NULL, 0, 0, NULL, 0, 'motorcycle', '15', '10.2 km', 10.235, '18 mins', 17.9667, 38.44, 2, 1, NULL, NULL, NULL, NULL, 0, NULL, NULL, NULL, NULL, NULL);
INSERT INTO `client_requests` VALUES (590, 57, 38.58, 'R. Edésio de Moraes, 40 - Vila Quiera, Bragança - PA, 68606-000, Brazil', 'Taíra, Bragança - PA, 68600-000, Brazil', NULL, NULL, NULL, NULL, ST_GeomFromText('POINT(-46.7520962096751 -1.0330395354449)'), ST_GeomFromText('POINT(-46.7792927 -1.0607989)'), 'EXPIRED', '2025-12-21 13:48:02', '2025-12-21 13:48:07', NULL, NULL, 'delivery', NULL, NULL, NULL, NULL, NULL, NULL, NULL, NULL, NULL, 'cash', NULL, NULL, NULL, NULL, 0, NULL, NULL, 0, 0, NULL, NULL, 'android', NULL, NULL, 'caixa', 0, 0, 'Denilson', '91987963236', 'Teste', '91985552336', NULL, NULL, 0, 0, NULL, 0, 'motorcycle', '15', '10.3 km', 10.264, '18 mins', 18.05, 38.58, 2, 1, NULL, NULL, '', NULL, 0, '1kg a 5kg', '', NULL, '388059', NULL);
INSERT INTO `client_requests` VALUES (591, 3, 36.00, 'R. Edésio de Moraes, 40 - Vila Quiera, Bragança - PA, 68606-000, Brazil', 'Taíra, Bragança - PA, 68600-000, Brazil', 57, 36, NULL, NULL, ST_GeomFromText('POINT(-46.7520915158093 -1.03302713239436)'), ST_GeomFromText('POINT(-46.7792927 -1.0607989)'), 'ACCEPTED', '2025-12-22 11:45:43', '2025-12-22 19:32:09', '', '', 'scheduled', '2025-12-27 05:00:00', NULL, NULL, NULL, NULL, NULL, NULL, NULL, NULL, 'cash', NULL, NULL, NULL, NULL, 0, NULL, NULL, 0, 0, NULL, NULL, 'android', NULL, NULL, 'indefinido', 0, 0, NULL, NULL, NULL, NULL, NULL, NULL, 0, 0, NULL, 0, 'motorcycle', '15', '10.3 km', 10.263, '18 mins', 18.0333, 38.56, 2, 1, NULL, NULL, NULL, NULL, 0, NULL, NULL, NULL, NULL, NULL);
INSERT INTO `client_requests` VALUES (592, 57, 38.58, 'R. Edésio de Moraes, 40 - Vila Quiera, Bragança - PA, 68606-000, Brazil', 'Taíra, Bragança - PA, 68600-000, Brazil', 3, 39, NULL, NULL, ST_GeomFromText('POINT(-46.7521102912724 -1.03303685367195)'), ST_GeomFromText('POINT(-46.7792927 -1.0607989)'), 'FINISHED', '2025-12-22 12:47:01', '2025-12-22 12:47:07', NULL, NULL, 'common', NULL, NULL, NULL, NULL, NULL, NULL, NULL, NULL, NULL, 'cash', NULL, NULL, NULL, NULL, 0, NULL, NULL, 0, 0, NULL, NULL, 'android', NULL, NULL, 'indefinido', 0, 0, NULL, NULL, NULL, NULL, NULL, NULL, 0, 0, NULL, 0, 'motorcycle', '15', '10.3 km', 10.264, '18 mins', 18.05, 38.58, 2, 1, NULL, NULL, NULL, NULL, 0, NULL, NULL, NULL, NULL, NULL);
INSERT INTO `client_requests` VALUES (593, 57, 38.47, 'R. Edésio de Moraes, 40 - Vila Quiera, Bragança - PA, 68606-000, Brazil', 'Taíra, Bragança - PA, 68600-000, Brazil', 3, 38, NULL, NULL, ST_GeomFromText('POINT(-46.7521679587662 -1.0328675667493)'), ST_GeomFromText('POINT(-46.7792927 -1.0607989)'), 'CANCELLED', '2025-12-22 13:16:03', '2025-12-22 13:16:47', NULL, NULL, 'common', NULL, NULL, NULL, NULL, NULL, NULL, NULL, NULL, NULL, 'cash', NULL, NULL, NULL, NULL, 0, NULL, NULL, 0, 0, NULL, NULL, 'android', NULL, NULL, 'indefinido', 0, 0, NULL, NULL, NULL, NULL, NULL, NULL, 0, 0, NULL, 0, 'motorcycle', '15', '10.2 km', 10.243, '18 mins', 17.9833, 38.47, 2, 1, NULL, NULL, NULL, NULL, 0, NULL, NULL, NULL, NULL, NULL);
INSERT INTO `client_requests` VALUES (594, 3, 38.50, 'R. Edésio de Moraes, 40 - Vila Quiera, Bragança - PA, 68606-000, Brazil', 'Taíra, Bragança - PA, 68600-000, Brazil', 57, 39, 4.00, 2.00, ST_GeomFromText('POINT(-46.7521310783923 -1.0329295829011)'), ST_GeomFromText('POINT(-46.7792927 -1.0607989)'), 'FINISHED', '2025-12-22 13:47:28', '2025-12-22 13:50:56', NULL, NULL, 'common', NULL, NULL, NULL, NULL, NULL, NULL, NULL, NULL, NULL, 'cash', NULL, NULL, NULL, NULL, 0, NULL, NULL, 0, 0, NULL, NULL, 'android', NULL, NULL, 'indefinido', 0, 0, NULL, NULL, NULL, NULL, NULL, NULL, 0, 0, NULL, 0, 'motorcycle', '15', '10.2 km', 10.249, '18 mins', 18, 38.50, 2, 1, NULL, NULL, NULL, NULL, 0, NULL, NULL, NULL, NULL, NULL);
INSERT INTO `client_requests` VALUES (595, 3, 38.50, 'R. Edésio de Moraes, 40 - Vila Quiera, Bragança - PA, 68606-000, Brazil', 'Taíra, Bragança - PA, 68600-000, Brazil', 57, 39, NULL, NULL, ST_GeomFromText('POINT(-46.7521310783923 -1.0329295829011)'), ST_GeomFromText('POINT(-46.7792927 -1.0607989)'), 'CANCELLED', '2025-12-22 14:00:54', '2025-12-22 14:05:32', NULL, NULL, 'common', NULL, NULL, NULL, NULL, NULL, NULL, NULL, NULL, NULL, 'cash', NULL, NULL, NULL, NULL, 0, NULL, NULL, 0, 0, NULL, NULL, 'android', NULL, NULL, 'indefinido', 0, 0, NULL, NULL, NULL, NULL, NULL, NULL, 0, 0, NULL, 0, 'motorcycle', '15', '10.2 km', 10.249, '18 mins', 18, 38.50, 2, 1, NULL, NULL, NULL, NULL, 0, NULL, NULL, NULL, NULL, NULL);
INSERT INTO `client_requests` VALUES (596, 3, 38.50, 'R. Edésio de Moraes, 40 - Vila Quiera, Bragança - PA, 68606-000, Brazil', 'Taíra, Bragança - PA, 68600-000, Brazil', 57, 39, NULL, NULL, ST_GeomFromText('POINT(-46.7521310783923 -1.0329295829011)'), ST_GeomFromText('POINT(-46.7792927 -1.0607989)'), 'CANCELLED', '2025-12-22 14:06:24', '2025-12-22 14:10:08', NULL, NULL, 'common', NULL, NULL, NULL, NULL, NULL, NULL, NULL, NULL, NULL, 'cash', NULL, NULL, NULL, NULL, 0, NULL, NULL, 0, 0, NULL, NULL, 'android', NULL, NULL, 'indefinido', 0, 0, NULL, NULL, NULL, NULL, NULL, NULL, 0, 0, NULL, 0, 'motorcycle', '15', '10.2 km', 10.249, '18 mins', 18, 38.50, 2, 1, NULL, NULL, NULL, NULL, 0, NULL, NULL, NULL, NULL, NULL);
INSERT INTO `client_requests` VALUES (597, 3, 38.50, 'R. Edésio de Moraes, 40 - Vila Quiera, Bragança - PA, 68606-000, Brazil', 'Taíra, Bragança - PA, 68600-000, Brazil', 57, 39, NULL, NULL, ST_GeomFromText('POINT(-46.7521310783923 -1.0329295829011)'), ST_GeomFromText('POINT(-46.7792927 -1.0607989)'), 'CANCELLED', '2025-12-22 14:15:10', '2025-12-22 14:32:52', NULL, NULL, 'common', NULL, NULL, NULL, NULL, NULL, NULL, NULL, NULL, NULL, 'cash', NULL, NULL, NULL, NULL, 0, NULL, NULL, 0, 0, NULL, NULL, 'android', NULL, NULL, 'indefinido', 0, 0, NULL, NULL, NULL, NULL, NULL, NULL, 0, 0, NULL, 0, 'motorcycle', '15', '10.2 km', 10.249, '18 mins', 18, 38.50, 2, 1, NULL, NULL, NULL, NULL, 0, NULL, NULL, NULL, NULL, NULL);
INSERT INTO `client_requests` VALUES (598, 3, 38.53, 'R. Edésio de Moraes, 40 - Vila Quiera, Bragança - PA, 68606-000, Brazil', 'Taíra, Bragança - PA, 68600-000, Brazil', 57, 39, NULL, NULL, ST_GeomFromText('POINT(-46.7521880753338 -1.03298388880494)'), ST_GeomFromText('POINT(-46.7792927 -1.0607989)'), 'CANCELLED', '2025-12-22 19:00:18', '2025-12-22 19:04:45', NULL, NULL, 'common', NULL, NULL, NULL, NULL, NULL, NULL, NULL, NULL, NULL, 'cash', NULL, NULL, NULL, NULL, 0, NULL, NULL, 0, 0, NULL, NULL, 'android', NULL, NULL, 'indefinido', 0, 0, NULL, NULL, NULL, NULL, NULL, NULL, 0, 0, NULL, 0, 'motorcycle', '15', '10.3 km', 10.256, '18 mins', 18.0167, 38.53, 2, 1, NULL, NULL, NULL, NULL, 0, NULL, NULL, NULL, NULL, NULL);
INSERT INTO `client_requests` VALUES (599, 3, 38.53, 'R. Edésio de Moraes, 40 - Vila Quiera, Bragança - PA, 68606-000, Brazil', 'Taíra, Bragança - PA, 68600-000, Brazil', 57, 39, NULL, NULL, ST_GeomFromText('POINT(-46.7521880753338 -1.03298388880494)'), ST_GeomFromText('POINT(-46.7792927 -1.0607989)'), 'CANCELLED', '2025-12-22 19:08:31', '2025-12-22 19:11:38', NULL, NULL, 'common', NULL, NULL, NULL, NULL, NULL, NULL, NULL, NULL, NULL, 'cash', NULL, NULL, NULL, NULL, 0, NULL, NULL, 0, 0, NULL, NULL, 'android', NULL, NULL, 'indefinido', 0, 0, NULL, NULL, NULL, NULL, NULL, NULL, 0, 0, NULL, 0, 'motorcycle', '15', '10.3 km', 10.256, '18 mins', 18.0167, 38.53, 2, 1, NULL, NULL, NULL, NULL, 0, NULL, NULL, NULL, NULL, NULL);
INSERT INTO `client_requests` VALUES (600, 3, 38.53, 'R. Edésio de Moraes, 40 - Vila Quiera, Bragança - PA, 68606-000, Brazil', 'Taíra, Bragança - PA, 68600-000, Brazil', 57, 39, NULL, NULL, ST_GeomFromText('POINT(-46.7521880753338 -1.03298388880494)'), ST_GeomFromText('POINT(-46.7792927 -1.0607989)'), 'CANCELLED', '2025-12-22 19:16:42', '2025-12-22 19:18:07', NULL, NULL, 'common', NULL, NULL, NULL, NULL, NULL, NULL, NULL, NULL, NULL, 'cash', NULL, NULL, NULL, NULL, 0, NULL, NULL, 0, 0, NULL, NULL, 'android', NULL, NULL, 'indefinido', 0, 0, NULL, NULL, NULL, NULL, NULL, NULL, 0, 0, NULL, 0, 'motorcycle', '15', '10.3 km', 10.256, '18 mins', 18.0167, 38.53, 2, 1, NULL, NULL, NULL, NULL, 0, NULL, NULL, NULL, NULL, NULL);
INSERT INTO `client_requests` VALUES (601, 3, 38.53, 'R. Edésio de Moraes, 40 - Vila Quiera, Bragança - PA, 68606-000, Brazil', 'Taíra, Bragança - PA, 68600-000, Brazil', 57, 39, NULL, NULL, ST_GeomFromText('POINT(-46.7521880753338 -1.03298388880494)'), ST_GeomFromText('POINT(-46.7792927 -1.0607989)'), 'CANCELLED', '2025-12-22 19:19:50', '2025-12-22 19:21:04', NULL, NULL, 'common', NULL, NULL, NULL, NULL, NULL, NULL, NULL, NULL, NULL, 'cash', NULL, NULL, NULL, NULL, 0, NULL, NULL, 0, 0, NULL, NULL, 'android', NULL, NULL, 'indefinido', 0, 0, NULL, NULL, NULL, NULL, NULL, NULL, 0, 0, NULL, 0, 'motorcycle', '15', '10.3 km', 10.256, '18 mins', 18.0167, 38.53, 2, 1, NULL, NULL, NULL, NULL, 0, NULL, NULL, NULL, NULL, NULL);
INSERT INTO `client_requests` VALUES (602, 3, 38.55, 'R. Edésio de Moraes, 40 - Vila Quiera, Bragança - PA, 68606-000, Brazil', 'Taíra, Bragança - PA, 68600-000, Brazil', 57, 39, NULL, NULL, ST_GeomFromText('POINT(-46.7521035857499 -1.03300064988618)'), ST_GeomFromText('POINT(-46.7792927 -1.0607989)'), 'CANCELLED', '2025-12-22 20:22:24', '2025-12-22 20:42:14', NULL, NULL, 'common', NULL, NULL, NULL, NULL, NULL, NULL, NULL, NULL, NULL, 'cash', NULL, NULL, NULL, NULL, 0, NULL, NULL, 0, 0, NULL, NULL, 'android', NULL, NULL, 'indefinido', 0, 0, NULL, NULL, NULL, NULL, NULL, NULL, 0, 0, NULL, 0, 'motorcycle', '15', '10.3 km', 10.26, '18 mins', 18.0333, 38.55, 2, 1, NULL, NULL, NULL, NULL, 0, NULL, NULL, NULL, NULL, NULL);
INSERT INTO `client_requests` VALUES (603, 3, 38.55, 'R. Edésio de Moraes, 40 - Vila Quiera, Bragança - PA, 68606-000, Brazil', 'Taíra, Bragança - PA, 68600-000, Brazil', 57, 39, NULL, NULL, ST_GeomFromText('POINT(-46.7521035857499 -1.03300064988618)'), ST_GeomFromText('POINT(-46.7792927 -1.0607989)'), 'CANCELLED', '2025-12-22 20:46:31', '2025-12-22 20:46:59', NULL, NULL, 'common', NULL, NULL, NULL, NULL, NULL, NULL, NULL, NULL, NULL, 'cash', NULL, NULL, NULL, NULL, 0, NULL, NULL, 0, 0, NULL, NULL, 'android', NULL, NULL, 'indefinido', 0, 0, NULL, NULL, NULL, NULL, NULL, NULL, 0, 0, NULL, 0, 'motorcycle', '15', '10.3 km', 10.26, '18 mins', 18.0333, 38.55, 2, 1, NULL, NULL, NULL, NULL, 0, NULL, NULL, NULL, NULL, NULL);
INSERT INTO `client_requests` VALUES (604, 57, 38.52, 'R. Edésio de Moraes, 40 - Vila Quiera, Bragança - PA, 68606-000, Brazil', 'Taíra, Bragança - PA, 68600-000, Brazil', 3, 39, 4.00, 2.00, ST_GeomFromText('POINT(-46.7521361075342 -1.03296176402816)'), ST_GeomFromText('POINT(-46.7792927 -1.0607989)'), 'FINISHED', '2026-01-04 13:16:48', '2026-01-04 13:18:22', NULL, NULL, 'common', NULL, NULL, NULL, NULL, NULL, NULL, NULL, NULL, NULL, 'cash', NULL, NULL, NULL, NULL, 0, NULL, NULL, 0, 0, NULL, NULL, 'android', NULL, NULL, 'indefinido', 0, 0, NULL, NULL, NULL, NULL, NULL, NULL, 0, 0, NULL, 0, 'motorcycle', '15', '10.3 km', 10.253, '18 mins', 18.0167, 38.52, 2, 1, NULL, NULL, NULL, NULL, 0, NULL, NULL, NULL, NULL, NULL);
INSERT INTO `client_requests` VALUES (605, 57, 38.53, 'R. Edésio de Moraes, 40 - Vila Quiera, Bragança - PA, 68606-000, Brazil', 'Taíra, Bragança - PA, 68600-000, Brazil', 3, 39, 5.00, 2.00, ST_GeomFromText('POINT(-46.7522997222841 -1.03295371870908)'), ST_GeomFromText('POINT(-46.7792927 -1.0607989)'), 'FINISHED', '2026-01-04 13:29:45', '2026-01-04 13:31:36', NULL, NULL, 'delivery', NULL, NULL, NULL, NULL, NULL, NULL, NULL, NULL, NULL, 'cash', NULL, NULL, NULL, NULL, 0, NULL, NULL, 0, 0, NULL, NULL, 'android', NULL, NULL, 'envelope', 0, 0, 'Denilson', '91987963236', 'Carlos', '91986696335', NULL, NULL, 0, 0, NULL, 0, 'motorcycle', '15', '10.3 km', 10.255, '18 mins', 18.0167, 38.53, 2, 1, NULL, NULL, '', 'https://firebasestorage.googleapis.com/v0/b/urbandrive-770f9.firebasestorage.app/o/52fbd4cc-2804-41f8-84a6-eb6a4b0538a0.jpeg?alt=media&token=5c469eac-0560-4101-8eb8-adf6a7f27a23', 0, '1kg a 5kg', '', 'https://firebasestorage.googleapis.com/v0/b/urbandrive-770f9.firebasestorage.app/o/c386b600-49d4-4191-b9bb-876db884f4ec.jpeg?alt=media&token=5c469eac-0560-4101-8eb8-adf6a7f27a23', '374081', '374081');
INSERT INTO `client_requests` VALUES (606, 4, 38.52, 'Passagem Argentina Pereira, 1245 - Riozinho, Bragança - PA, 68600-000, Brazil', 'Taíra, Bragança - PA, 68600-000, Brazil', 3, 39, NULL, NULL, ST_GeomFromText('POINT(-46.7590548656881 -1.07191676547283)'), ST_GeomFromText('POINT(-46.7792927 -1.0607989)'), 'ACCEPTED', '2026-01-05 11:29:23', '2026-01-05 11:29:32', '', '', 'scheduled', '2026-01-10 05:30:00', NULL, NULL, NULL, NULL, NULL, NULL, NULL, NULL, 'cash', NULL, NULL, NULL, NULL, 0, NULL, NULL, 0, 0, NULL, NULL, 'android', NULL, NULL, 'indefinido', 0, 0, NULL, NULL, NULL, NULL, NULL, NULL, 0, 0, NULL, 0, 'motorcycle', '15', '10.3 km', 10.254, '18 mins', 18.0167, 38.52, 2, 1, NULL, NULL, NULL, NULL, 0, NULL, NULL, NULL, NULL, NULL);
INSERT INTO `client_requests` VALUES (607, 4, 38.52, 'R. Edésio de Moraes, 40 - Vila Quiera, Bragança - PA, 68606-000, Brazil', 'Taíra, Bragança - PA, 68600-000, Brazil', 3, 39, 5.00, 5.00, ST_GeomFromText('POINT(-46.7521253786981 -1.03295908225514)'), ST_GeomFromText('POINT(-46.7792927 -1.0607989)'), 'FINISHED', '2026-01-05 12:08:47', '2026-01-05 12:09:37', NULL, NULL, 'common', NULL, NULL, NULL, NULL, NULL, NULL, NULL, NULL, NULL, 'cash', NULL, NULL, NULL, NULL, 0, NULL, NULL, 0, 0, NULL, NULL, 'android', NULL, NULL, 'indefinido', 0, 0, NULL, NULL, NULL, NULL, NULL, NULL, 0, 0, NULL, 0, 'motorcycle', '15', '10.3 km', 10.252, '18 mins', 18.0167, 38.52, 2, 1, NULL, NULL, NULL, NULL, 0, NULL, NULL, NULL, NULL, NULL);
INSERT INTO `client_requests` VALUES (608, 4, 38.52, 'R. Edésio de Moraes, 40 - Vila Quiera, Bragança - PA, 68606-000, Brazil', 'Taíra, Bragança - PA, 68600-000, Brazil', 3, 39, 5.00, 4.00, ST_GeomFromText('POINT(-46.7521253786981 -1.03295908225514)'), ST_GeomFromText('POINT(-46.7792927 -1.0607989)'), 'FINISHED', '2026-01-05 12:12:08', '2026-01-05 12:12:45', NULL, NULL, 'common', NULL, NULL, NULL, NULL, NULL, NULL, NULL, NULL, NULL, 'cash', NULL, NULL, NULL, NULL, 0, NULL, NULL, 0, 0, NULL, NULL, 'android', NULL, NULL, 'indefinido', 0, 0, NULL, NULL, NULL, NULL, NULL, NULL, 0, 0, NULL, 0, 'motorcycle', '15', '10.3 km', 10.252, '18 mins', 18.0167, 38.52, 2, 1, NULL, NULL, NULL, NULL, 0, NULL, NULL, NULL, NULL, NULL);
INSERT INTO `client_requests` VALUES (609, 4, 38.50, 'R. Edésio de Moraes, 40 - Vila Quiera, Bragança - PA, 68606-000, Brazil', 'Taíra, Bragança - PA, 68600-000, Brazil', NULL, NULL, NULL, NULL, ST_GeomFromText('POINT(-46.7522330023348 -1.03291516822153)'), ST_GeomFromText('POINT(-46.7792927 -1.0607989)'), 'EXPIRED', '2026-01-05 12:58:04', '2026-01-05 12:58:08', NULL, NULL, 'common', NULL, NULL, NULL, NULL, NULL, NULL, NULL, NULL, NULL, 'cash', NULL, NULL, NULL, NULL, 0, NULL, NULL, 0, 0, NULL, NULL, 'android', NULL, NULL, 'indefinido', 0, 0, NULL, NULL, NULL, NULL, NULL, NULL, 0, 0, NULL, 0, 'motorcycle', '15', '10.2 km', 10.249, '18 mins', 18, 38.50, 2, 1, NULL, NULL, NULL, NULL, 0, NULL, NULL, NULL, NULL, NULL);
INSERT INTO `client_requests` VALUES (610, 4, 38.50, 'R. Edésio de Moraes, 40 - Vila Quiera, Bragança - PA, 68606-000, Brazil', 'Taíra, Bragança - PA, 68600-000, Brazil', 3, 39, 4.00, 3.00, ST_GeomFromText('POINT(-46.7521270550787 -1.03292153743254)'), ST_GeomFromText('POINT(-46.7792927 -1.0607989)'), 'FINISHED', '2026-01-05 14:03:55', '2026-01-05 14:05:15', NULL, NULL, 'common', NULL, NULL, NULL, NULL, NULL, NULL, NULL, NULL, NULL, 'cash', NULL, NULL, NULL, NULL, 0, NULL, NULL, 0, 0, NULL, NULL, 'android', NULL, NULL, 'indefinido', 0, 0, NULL, NULL, NULL, NULL, NULL, NULL, 0, 0, NULL, 0, 'motorcycle', '15', '10.2 km', 10.248, '18 mins', 18, 38.50, 2, 1, NULL, NULL, NULL, NULL, 0, NULL, NULL, NULL, NULL, NULL);
INSERT INTO `client_requests` VALUES (611, 4, 38.56, 'R. Av. Álvaro de Sousa, 60 - Vila Quiera, Bragança - PA, 68606-000, Brazil', 'Taíra, Bragança - PA, 68600-000, Brazil', 3, 39, 5.00, 4.00, ST_GeomFromText('POINT(-46.7521974630654 -1.03303149012603)'), ST_GeomFromText('POINT(-46.7792927 -1.0607989)'), 'FINISHED', '2026-01-05 15:10:27', '2026-01-05 15:12:05', NULL, NULL, 'common', NULL, NULL, NULL, NULL, NULL, NULL, NULL, NULL, NULL, 'cash', NULL, NULL, NULL, NULL, 0, NULL, NULL, 0, 0, NULL, NULL, 'android', NULL, NULL, 'indefinido', 0, 0, NULL, NULL, NULL, NULL, NULL, NULL, 0, 0, NULL, 0, 'motorcycle', '15', '10.3 km', 10.263, '18 mins', 18.0333, 38.56, 2, 1, NULL, NULL, NULL, NULL, 0, NULL, NULL, NULL, NULL, NULL);
INSERT INTO `client_requests` VALUES (612, 3, 48.89, 'R. Av. Álvaro de Sousa, 60 - Vila Quiera, Bragança - PA, 68606-000, Brazil', 'Taíra, Bragança - PA, 68600-000, Brazil', NULL, NULL, NULL, NULL, ST_GeomFromText('POINT(-46.7520898394287 -1.03304154692404)'), ST_GeomFromText('POINT(-46.7792927 -1.0607989)'), 'EXPIRED', '2026-01-08 13:51:29', '2026-01-08 13:51:33', NULL, NULL, 'common', NULL, NULL, NULL, NULL, NULL, NULL, NULL, NULL, NULL, 'cash', NULL, NULL, NULL, NULL, 0, NULL, NULL, 0, 0, NULL, NULL, 'android', NULL, NULL, 'indefinido', 0, 0, NULL, NULL, NULL, NULL, NULL, NULL, 0, 0, NULL, 0, 'car', '15', '10.3 km', 10.264, '18 mins', 18.1, 48.89, 3, 1, NULL, NULL, NULL, NULL, 0, NULL, NULL, NULL, NULL, NULL);
INSERT INTO `client_requests` VALUES (613, 57, 38.46, 'R. Av. Álvaro de Sousa, 60 - Vila Quiera, Bragança - PA, 68606-000, Brazil', 'Taíra, Bragança - PA, 68600-000, Brazil', 3, 38, 4.00, 2.00, ST_GeomFromText('POINT(-46.75208279863 -1.03301409933373)'), ST_GeomFromText('POINT(-46.7792927 -1.0607989)'), 'FINISHED', '2026-01-18 13:40:06', '2026-01-18 13:40:57', NULL, NULL, 'common', NULL, NULL, NULL, NULL, NULL, NULL, NULL, NULL, NULL, 'cash', NULL, NULL, NULL, NULL, 0, NULL, NULL, 0, 0, NULL, NULL, 'android', NULL, NULL, 'indefinido', 0, 0, NULL, NULL, NULL, NULL, NULL, NULL, 0, 0, NULL, 0, 'motorcycle', '15', '10.3 km', 10.261, '18 mins', 17.9333, 38.46, 2, 1, NULL, NULL, NULL, NULL, 0, NULL, NULL, NULL, NULL, NULL);
INSERT INTO `client_requests` VALUES (614, 57, 38.48, 'R. Edésio de Moraes, 40 - Vila Quiera, Bragança - PA, 68606-000, Brazil', 'Taíra, Bragança - PA, 68600-000, Brazil', 3, 38, 4.00, 2.00, ST_GeomFromText('POINT(-46.7521096207201 -1.03299566214968)'), ST_GeomFromText('POINT(-46.7792927 -1.0607989)'), 'FINISHED', '2026-01-29 13:19:38', '2026-01-29 13:21:03', NULL, NULL, 'common', NULL, NULL, NULL, NULL, NULL, NULL, NULL, NULL, NULL, 'cash', NULL, NULL, NULL, NULL, 0, NULL, NULL, 0, 0, NULL, NULL, 'android', NULL, NULL, 'indefinido', 0, 0, NULL, NULL, NULL, NULL, NULL, NULL, 0, 0, NULL, 0, 'motorcycle', '15', '10.3 km', 10.256, '18 mins', 17.9667, 38.48, 2, 1, NULL, NULL, NULL, NULL, 0, NULL, NULL, NULL, NULL, NULL);
INSERT INTO `client_requests` VALUES (615, 57, 38.45, 'R. Edésio de Moraes, 40 - Vila Quiera, Bragança - PA, 68606-000, Brazil', 'Taíra, Bragança - PA, 68600-000, Brazil', 3, 38, 4.00, 2.00, ST_GeomFromText('POINT(-46.752193775028 -1.03294574508922)'), ST_GeomFromText('POINT(-46.7792927 -1.0607989)'), 'FINISHED', '2026-01-29 13:32:29', '2026-01-29 13:33:08', NULL, NULL, 'common', NULL, NULL, NULL, NULL, NULL, NULL, NULL, NULL, NULL, 'cash', NULL, NULL, NULL, NULL, 0, NULL, NULL, 0, 0, NULL, NULL, 'android', NULL, NULL, 'indefinido', 0, 0, NULL, NULL, NULL, NULL, NULL, NULL, 0, 0, NULL, 0, 'motorcycle', '15', '10.3 km', 10.252, '18 mins', 17.95, 38.45, 2, 1, NULL, NULL, NULL, NULL, 0, NULL, NULL, NULL, NULL, NULL);
INSERT INTO `client_requests` VALUES (616, 57, 38.51, 'R. Av. Álvaro de Sousa, 60 - Vila Quiera, Bragança - PA, 68606-000, Brazil', 'Taíra, Bragança - PA, 68600-000, Brazil', 3, 39, NULL, NULL, ST_GeomFromText('POINT(-46.7521558888257 -1.03304221721787)'), ST_GeomFromText('POINT(-46.7792927 -1.0607989)'), 'CANCELLED', '2026-01-29 13:35:49', '2026-01-29 14:39:25', NULL, NULL, 'common', NULL, NULL, NULL, NULL, NULL, NULL, NULL, NULL, NULL, 'cash', NULL, NULL, NULL, NULL, 0, NULL, NULL, 0, 0, NULL, NULL, 'android', NULL, NULL, 'indefinido', 0, 0, NULL, NULL, NULL, NULL, NULL, NULL, 0, 0, NULL, 0, 'motorcycle', '15', '10.3 km', 10.264, '18 mins', 17.9833, 38.51, 2, 1, NULL, NULL, NULL, NULL, 0, NULL, NULL, NULL, NULL, NULL);
INSERT INTO `client_requests` VALUES (617, 57, 38.51, 'R. Edésio de Moraes, 40 - Vila Quiera, Bragança - PA, 68606-000, Brazil', 'Taíra, Bragança - PA, 68600-000, Brazil', 3, 39, NULL, NULL, ST_GeomFromText('POINT(-46.7521273903549 -1.03303622395443)'), ST_GeomFromText('POINT(-46.7792927 -1.0607989)'), 'ACCEPTED', '2026-01-29 14:40:08', '2026-01-29 14:40:11', NULL, NULL, 'common', NULL, NULL, NULL, NULL, NULL, NULL, NULL, NULL, NULL, 'cash', NULL, NULL, NULL, NULL, 0, NULL, NULL, 0, 0, NULL, NULL, 'android', NULL, NULL, 'indefinido', 0, 0, NULL, NULL, NULL, NULL, NULL, NULL, 0, 0, NULL, 0, 'motorcycle', '15', '10.3 km', 10.264, '18 mins', 17.9833, 38.51, 2, 1, NULL, NULL, NULL, NULL, 0, NULL, NULL, NULL, NULL, NULL);
INSERT INTO `client_requests` VALUES (618, 57, 38.51, 'R. Av. Álvaro de Sousa, 60 - Vila Quiera, Bragança - PA, 68606-000, Brazil', 'Taíra, Bragança - PA, 68600-000, Brazil', 3, 39, NULL, NULL, ST_GeomFromText('POINT(-46.7522289790213 -1.03303220129613)'), ST_GeomFromText('POINT(-46.7792927 -1.0607989)'), 'CANCELLED', '2026-01-29 14:52:26', '2026-01-29 15:05:57', NULL, NULL, 'common', NULL, NULL, NULL, NULL, NULL, NULL, NULL, NULL, NULL, 'cash', NULL, NULL, NULL, NULL, 0, NULL, NULL, 0, 0, NULL, NULL, 'android', NULL, NULL, 'indefinido', 0, 0, NULL, NULL, NULL, NULL, NULL, NULL, 0, 0, NULL, 0, 'motorcycle', '15', '10.3 km', 10.263, '18 mins', 17.9833, 38.51, 2, 1, NULL, NULL, NULL, NULL, 0, NULL, NULL, NULL, NULL, NULL);
INSERT INTO `client_requests` VALUES (619, 57, 38.45, 'R. Edésio de Moraes, 40 - Vila Quiera, Bragança - PA, 68606-000, Brazil', 'Taíra, Bragança - PA, 68600-000, Brazil', 3, 38, NULL, NULL, ST_GeomFromText('POINT(-46.7521169967949 -1.03294806069223)'), ST_GeomFromText('POINT(-46.7792927 -1.0607989)'), 'CANCELLED', '2026-01-29 15:07:23', '2026-01-29 15:13:55', NULL, NULL, 'common', NULL, NULL, NULL, NULL, NULL, NULL, NULL, NULL, NULL, 'cash', NULL, NULL, NULL, NULL, 0, NULL, NULL, 0, 0, NULL, NULL, 'android', NULL, NULL, 'indefinido', 0, 0, NULL, NULL, NULL, NULL, NULL, NULL, 0, 0, NULL, 0, 'motorcycle', '15', '10.3 km', 10.251, '18 mins', 17.95, 38.45, 2, 1, NULL, NULL, NULL, NULL, 0, NULL, NULL, NULL, NULL, NULL);
INSERT INTO `client_requests` VALUES (620, 57, 38.45, 'R. Edésio de Moraes, 40 - Vila Quiera, Bragança - PA, 68606-000, Brazil', 'Taíra, Bragança - PA, 68600-000, Brazil', 3, 38, NULL, NULL, ST_GeomFromText('POINT(-46.7521136440337 -1.03296113433202)'), ST_GeomFromText('POINT(-46.7792927 -1.0607989)'), 'CANCELLED', '2026-01-29 15:14:25', '2026-01-29 15:19:20', NULL, NULL, 'common', NULL, NULL, NULL, NULL, NULL, NULL, NULL, NULL, NULL, 'cash', NULL, NULL, NULL, NULL, 0, NULL, NULL, 0, 0, NULL, NULL, 'android', NULL, NULL, 'indefinido', 0, 0, NULL, NULL, NULL, NULL, NULL, NULL, 0, 0, NULL, 0, 'motorcycle', '15', '10.3 km', 10.252, '18 mins', 17.95, 38.45, 2, 1, NULL, NULL, NULL, NULL, 0, NULL, NULL, NULL, NULL, NULL);
INSERT INTO `client_requests` VALUES (621, 57, 38.45, 'R. Edésio de Moraes, 40 - Vila Quiera, Bragança - PA, 68606-000, Brazil', 'Taíra, Bragança - PA, 68600-000, Brazil', 3, 38, NULL, NULL, ST_GeomFromText('POINT(-46.7521136440337 -1.03296113433202)'), ST_GeomFromText('POINT(-46.7792927 -1.0607989)'), 'CANCELLED', '2026-01-29 15:19:48', '2026-01-29 15:27:34', NULL, NULL, 'common', NULL, NULL, NULL, NULL, NULL, NULL, NULL, NULL, NULL, 'cash', NULL, NULL, NULL, NULL, 0, NULL, NULL, 0, 0, NULL, NULL, 'android', NULL, NULL, 'indefinido', 0, 0, NULL, NULL, NULL, NULL, NULL, NULL, 0, 0, NULL, 0, 'motorcycle', '15', '10.3 km', 10.252, '18 mins', 17.95, 38.45, 2, 1, NULL, NULL, NULL, NULL, 0, NULL, NULL, NULL, NULL, NULL);
INSERT INTO `client_requests` VALUES (622, 57, 38.45, 'R. Edésio de Moraes, 40 - Vila Quiera, Bragança - PA, 68606-000, Brazil', 'Taíra, Bragança - PA, 68600-000, Brazil', 3, 38, NULL, NULL, ST_GeomFromText('POINT(-46.7521136440337 -1.03296113433202)'), ST_GeomFromText('POINT(-46.7792927 -1.0607989)'), 'CANCELLED', '2026-01-29 15:28:00', '2026-01-29 15:30:57', NULL, NULL, 'common', NULL, NULL, NULL, NULL, NULL, NULL, NULL, NULL, NULL, 'cash', NULL, NULL, NULL, NULL, 0, NULL, NULL, 0, 0, NULL, NULL, 'android', NULL, NULL, 'indefinido', 0, 0, NULL, NULL, NULL, NULL, NULL, NULL, 0, 0, NULL, 0, 'motorcycle', '15', '10.3 km', 10.252, '18 mins', 17.95, 38.45, 2, 1, NULL, NULL, NULL, NULL, 0, NULL, NULL, NULL, NULL, NULL);
INSERT INTO `client_requests` VALUES (623, 57, 38.40, 'R. Edésio de Moraes, 40 - Vila Quiera, Bragança - PA, 68606-000, Brazil', 'Taíra, Bragança - PA, 68600-000, Brazil', 3, 38, NULL, NULL, ST_GeomFromText('POINT(-46.7522088624537 -1.03284280112884)'), ST_GeomFromText('POINT(-46.7792927 -1.0607989)'), 'CANCELLED', '2026-01-29 15:33:01', '2026-01-29 15:34:03', NULL, NULL, 'common', NULL, NULL, NULL, NULL, NULL, NULL, NULL, NULL, NULL, 'cash', NULL, NULL, NULL, NULL, 0, NULL, NULL, 0, 0, NULL, NULL, 'android', NULL, NULL, 'indefinido', 0, 0, NULL, NULL, NULL, NULL, NULL, NULL, 0, 0, NULL, 0, 'motorcycle', '15', '10.2 km', 10.241, '18 mins', 17.9167, 38.40, 2, 1, NULL, NULL, NULL, NULL, 0, NULL, NULL, NULL, NULL, NULL);
INSERT INTO `client_requests` VALUES (624, 57, 38.46, 'R. Edésio de Moraes, 40 - Vila Quiera, Bragança - PA, 68606-000, Brazil', 'Taíra, Bragança - PA, 68600-000, Brazil', 3, 38, NULL, NULL, ST_GeomFromText('POINT(-46.7521052621305 -1.03297152619951)'), ST_GeomFromText('POINT(-46.7792927 -1.0607989)'), 'CANCELLED', '2026-01-29 15:35:13', '2026-01-29 15:35:52', NULL, NULL, 'common', NULL, NULL, NULL, NULL, NULL, NULL, NULL, NULL, NULL, 'cash', NULL, NULL, NULL, NULL, 0, NULL, NULL, 0, 0, NULL, NULL, 'android', NULL, NULL, 'indefinido', 0, 0, NULL, NULL, NULL, NULL, NULL, NULL, 0, 0, NULL, 0, 'motorcycle', '15', '10.3 km', 10.253, '18 mins', 17.95, 38.46, 2, 1, NULL, NULL, NULL, NULL, 0, NULL, NULL, NULL, NULL, NULL);
INSERT INTO `client_requests` VALUES (625, 57, 38.49, 'R. Edésio de Moraes, 40 - Vila Quiera, Bragança - PA, 68606-000, Brazil', 'Taíra, Bragança - PA, 68600-000, Brazil', 3, 38, NULL, NULL, ST_GeomFromText('POINT(-46.7521874047816 -1.03300370746637)'), ST_GeomFromText('POINT(-46.7792927 -1.0607989)'), 'CANCELLED', '2026-01-29 15:38:08', '2026-01-29 15:39:15', NULL, NULL, 'common', NULL, NULL, NULL, NULL, NULL, NULL, NULL, NULL, NULL, 'cash', NULL, NULL, NULL, NULL, 0, NULL, NULL, 0, 0, NULL, NULL, 'android', NULL, NULL, 'indefinido', 0, 0, NULL, NULL, NULL, NULL, NULL, NULL, 0, 0, NULL, 0, 'motorcycle', '15', '10.3 km', 10.26, '18 mins', 17.9667, 38.49, 2, 1, NULL, NULL, NULL, NULL, 0, NULL, NULL, NULL, NULL, NULL);
INSERT INTO `client_requests` VALUES (626, 3, 38.48, 'R. Edésio de Moraes, 40 - Vila Quiera, Bragança - PA, 68606-000, Brazil', 'Taíra, Bragança - PA, 68600-000, Brazil', 57, 38, NULL, NULL, ST_GeomFromText('POINT(-46.7521230317652 -1.03299298037259)'), ST_GeomFromText('POINT(-46.7792927 -1.0607989)'), 'CANCELLED', '2026-01-29 18:40:07', '2026-01-29 18:40:47', NULL, NULL, 'common', NULL, NULL, NULL, NULL, NULL, NULL, NULL, NULL, NULL, 'cash', NULL, NULL, NULL, NULL, 0, NULL, NULL, 0, 0, NULL, NULL, 'android', NULL, NULL, 'indefinido', 0, 0, NULL, NULL, NULL, NULL, NULL, NULL, 0, 0, NULL, 0, 'motorcycle', '15', '10.3 km', 10.256, '18 mins', 17.9667, 38.48, 2, 1, NULL, NULL, NULL, NULL, 0, NULL, NULL, NULL, NULL, NULL);
INSERT INTO `client_requests` VALUES (627, 3, 38.48, 'R. Edésio de Moraes, 40 - Vila Quiera, Bragança - PA, 68606-000, Brazil', 'Taíra, Bragança - PA, 68600-000, Brazil', 57, 38, 3.00, 3.00, ST_GeomFromText('POINT(-46.7521230317652 -1.03299298037259)'), ST_GeomFromText('POINT(-46.7792927 -1.0607989)'), 'FINISHED', '2026-01-29 18:49:50', '2026-01-29 18:50:42', NULL, NULL, 'common', NULL, NULL, NULL, NULL, NULL, NULL, NULL, NULL, NULL, 'cash', NULL, NULL, NULL, NULL, 0, NULL, NULL, 0, 0, NULL, NULL, 'android', NULL, NULL, 'indefinido', 0, 0, NULL, NULL, NULL, NULL, NULL, NULL, 0, 0, NULL, 0, 'motorcycle', '15', '10.3 km', 10.256, '18 mins', 17.9667, 38.48, 2, 1, NULL, NULL, NULL, NULL, 0, NULL, NULL, NULL, NULL, NULL);
INSERT INTO `client_requests` VALUES (628, 3, 38.48, 'R. Edésio de Moraes, 40 - Vila Quiera, Bragança - PA, 68606-000, Brazil', 'Taíra, Bragança - PA, 68600-000, Brazil', NULL, NULL, NULL, NULL, ST_GeomFromText('POINT(-46.7521230317652 -1.03299298037259)'), ST_GeomFromText('POINT(-46.7792927 -1.0607989)'), 'EXPIRED', '2026-01-29 19:22:49', '2026-01-29 19:22:54', NULL, NULL, 'common', NULL, NULL, NULL, NULL, NULL, NULL, NULL, NULL, NULL, 'cash', NULL, NULL, NULL, NULL, 0, NULL, NULL, 0, 0, NULL, NULL, 'android', NULL, NULL, 'indefinido', 0, 0, NULL, NULL, NULL, NULL, NULL, NULL, 0, 0, NULL, 0, 'motorcycle', '15', '10.3 km', 10.256, '18 mins', 17.9667, 38.48, 2, 1, NULL, NULL, NULL, NULL, 0, NULL, NULL, NULL, NULL, NULL);
INSERT INTO `client_requests` VALUES (629, 3, 38.48, 'R. Edésio de Moraes, 40 - Vila Quiera, Bragança - PA, 68606-000, Brazil', 'Taíra, Bragança - PA, 68600-000, Brazil', 57, 38, NULL, NULL, ST_GeomFromText('POINT(-46.7521230317652 -1.03299298037259)'), ST_GeomFromText('POINT(-46.7792927 -1.0607989)'), 'CANCELLED', '2026-01-29 19:23:10', '2026-01-29 19:27:52', NULL, NULL, 'common', NULL, NULL, NULL, NULL, NULL, NULL, NULL, NULL, NULL, 'cash', NULL, NULL, NULL, NULL, 0, NULL, NULL, 0, 0, NULL, NULL, 'android', NULL, NULL, 'indefinido', 0, 0, NULL, NULL, NULL, NULL, NULL, NULL, 0, 0, NULL, 0, 'motorcycle', '15', '10.3 km', 10.256, '18 mins', 17.9667, 38.48, 2, 1, NULL, NULL, NULL, NULL, 0, NULL, NULL, NULL, NULL, NULL);
INSERT INTO `client_requests` VALUES (630, 3, 38.48, 'R. Edésio de Moraes, 40 - Vila Quiera, Bragança - PA, 68606-000, Brazil', 'Taíra, Bragança - PA, 68600-000, Brazil', 57, 38, NULL, NULL, ST_GeomFromText('POINT(-46.7521230317652 -1.03299298037259)'), ST_GeomFromText('POINT(-46.7792927 -1.0607989)'), 'ACCEPTED', '2026-01-29 19:28:25', '2026-01-29 19:28:28', NULL, NULL, 'common', NULL, NULL, NULL, NULL, NULL, NULL, NULL, NULL, NULL, 'cash', NULL, NULL, NULL, NULL, 0, NULL, NULL, 0, 0, NULL, NULL, 'android', NULL, NULL, 'indefinido', 0, 0, NULL, NULL, NULL, NULL, NULL, NULL, 0, 0, NULL, 0, 'motorcycle', '15', '10.3 km', 10.256, '18 mins', 17.9667, 38.48, 2, 1, NULL, NULL, NULL, NULL, 0, NULL, NULL, NULL, NULL, NULL);
INSERT INTO `client_requests` VALUES (631, 3, 38.48, 'R. Edésio de Moraes, 40 - Vila Quiera, Bragança - PA, 68606-000, Brazil', 'Taíra, Bragança - PA, 68600-000, Brazil', 57, 38, 2.00, 4.00, ST_GeomFromText('POINT(-46.7521230317652 -1.03299298037259)'), ST_GeomFromText('POINT(-46.7792927 -1.0607989)'), 'FINISHED', '2026-01-29 19:30:31', '2026-01-29 19:31:53', NULL, NULL, 'common', NULL, NULL, NULL, NULL, NULL, NULL, NULL, NULL, NULL, 'cash', NULL, NULL, NULL, NULL, 0, NULL, NULL, 0, 0, NULL, NULL, 'android', NULL, NULL, 'indefinido', 0, 0, NULL, NULL, NULL, NULL, NULL, NULL, 0, 0, NULL, 0, 'motorcycle', '15', '10.3 km', 10.256, '18 mins', 17.9667, 38.48, 2, 1, NULL, NULL, NULL, NULL, 0, NULL, NULL, NULL, NULL, NULL);
INSERT INTO `client_requests` VALUES (632, 3, 38.48, 'R. Edésio de Moraes, 40 - Vila Quiera, Bragança - PA, 68606-000, Brazil', 'Taíra, Bragança - PA, 68600-000, Brazil', 57, 38, NULL, NULL, ST_GeomFromText('POINT(-46.7521230317652 -1.03299293978882)'), ST_GeomFromText('POINT(-46.7792927 -1.0607989)'), 'CANCELLED', '2026-01-29 19:50:37', '2026-01-29 19:51:12', NULL, NULL, 'delivery', NULL, NULL, NULL, NULL, NULL, NULL, NULL, NULL, NULL, 'cash', NULL, NULL, NULL, NULL, 0, NULL, NULL, 0, 0, NULL, NULL, 'android', NULL, NULL, 'outro', 0, 0, 'Ivanc', '91985070024', 'Teste', '91985552791', NULL, NULL, 0, 0, NULL, 0, 'motorcycle', '15', '10.3 km', 10.256, '18 mins', 17.9667, 38.48, 2, 1, NULL, NULL, '', NULL, 0, '1kg a 5kg', '', NULL, '788349', NULL);

-- ----------------------------
-- Table structure for driver_car_info
-- ----------------------------
DROP TABLE IF EXISTS `driver_car_info`;
CREATE TABLE `driver_car_info`  (
  `id_driver` int(0) NOT NULL,
  `brand` varchar(255) CHARACTER SET utf8 COLLATE utf8_general_ci NOT NULL,
  `plate` varchar(255) CHARACTER SET utf8 COLLATE utf8_general_ci NOT NULL,
  `color` varchar(255) CHARACTER SET utf8 COLLATE utf8_general_ci NOT NULL,
  PRIMARY KEY (`id_driver`) USING BTREE,
  CONSTRAINT `FK_ccc71afed65750bf70443d2cddc` FOREIGN KEY (`id_driver`) REFERENCES `users` (`id`) ON DELETE RESTRICT ON UPDATE RESTRICT
) ENGINE = InnoDB CHARACTER SET = utf8 COLLATE = utf8_general_ci ROW_FORMAT = Dynamic;

-- ----------------------------
-- Records of driver_car_info
-- ----------------------------

-- ----------------------------
-- Table structure for driver_trip_offers
-- ----------------------------
DROP TABLE IF EXISTS `driver_trip_offers`;
CREATE TABLE `driver_trip_offers`  (
  `id` int(0) NOT NULL AUTO_INCREMENT,
  `id_driver` int(0) NOT NULL,
  `id_client_request` int(0) NOT NULL,
  `fare_offered` decimal(10, 2) NOT NULL,
  `time` decimal(10, 2) NOT NULL,
  `distance` decimal(10, 2) NOT NULL,
  `created_at` datetime(0) NOT NULL DEFAULT CURRENT_TIMESTAMP(0),
  `updated_at` datetime(0) NOT NULL DEFAULT CURRENT_TIMESTAMP(0),
  PRIMARY KEY (`id`) USING BTREE,
  INDEX `FK_f93c361ad4f9a2bec318b6b4a56`(`id_driver`) USING BTREE,
  INDEX `FK_cb73baa1fe928b5720329e072ec`(`id_client_request`) USING BTREE,
  CONSTRAINT `FK_cb73baa1fe928b5720329e072ec` FOREIGN KEY (`id_client_request`) REFERENCES `client_requests` (`id`) ON DELETE CASCADE ON UPDATE CASCADE,
  CONSTRAINT `FK_f93c361ad4f9a2bec318b6b4a56` FOREIGN KEY (`id_driver`) REFERENCES `users` (`id`) ON DELETE RESTRICT ON UPDATE RESTRICT
) ENGINE = InnoDB AUTO_INCREMENT = 472 CHARACTER SET = utf8 COLLATE = utf8_general_ci ROW_FORMAT = Dynamic;

-- ----------------------------
-- Records of driver_trip_offers
-- ----------------------------
INSERT INTO `driver_trip_offers` VALUES (298, 3, 415, 41.00, 0.02, 0.01, '2025-11-08 20:43:05', '2025-11-08 20:43:05');
INSERT INTO `driver_trip_offers` VALUES (299, 3, 415, 41.00, 0.02, 0.01, '2025-11-08 20:44:11', '2025-11-08 20:44:11');
INSERT INTO `driver_trip_offers` VALUES (300, 3, 416, 50.00, 0.02, 0.00, '2025-11-08 20:54:57', '2025-11-08 20:54:57');
INSERT INTO `driver_trip_offers` VALUES (301, 3, 417, 49.00, 0.00, 0.00, '2025-11-08 21:04:36', '2025-11-08 21:04:36');
INSERT INTO `driver_trip_offers` VALUES (302, 3, 418, 37.00, 0.02, 0.00, '2025-11-08 21:07:18', '2025-11-08 21:07:18');
INSERT INTO `driver_trip_offers` VALUES (303, 3, 419, 50.00, 0.08, 0.03, '2025-11-08 21:24:29', '2025-11-08 21:24:29');
INSERT INTO `driver_trip_offers` VALUES (304, 3, 420, 50.00, 0.08, 0.03, '2025-11-08 21:30:31', '2025-11-08 21:30:31');
INSERT INTO `driver_trip_offers` VALUES (305, 3, 421, 51.00, 0.08, 0.03, '2025-11-08 21:31:32', '2025-11-08 21:31:32');
INSERT INTO `driver_trip_offers` VALUES (306, 3, 422, 50.00, 0.08, 0.03, '2025-11-08 21:34:35', '2025-11-08 21:34:35');
INSERT INTO `driver_trip_offers` VALUES (307, 3, 423, 50.00, 0.05, 0.02, '2025-11-08 21:35:51', '2025-11-08 21:35:51');
INSERT INTO `driver_trip_offers` VALUES (308, 3, 425, 37.00, 0.07, 0.03, '2025-11-09 18:05:26', '2025-11-09 18:05:26');
INSERT INTO `driver_trip_offers` VALUES (309, 3, 426, 45.00, 0.05, 0.02, '2025-11-11 12:36:45', '2025-11-11 12:36:45');
INSERT INTO `driver_trip_offers` VALUES (310, 3, 431, 38.00, 0.08, 0.04, '2025-11-14 13:50:31', '2025-11-14 13:50:31');
INSERT INTO `driver_trip_offers` VALUES (311, 3, 436, 55.00, 0.00, 0.00, '2025-11-15 23:40:24', '2025-11-15 23:40:24');
INSERT INTO `driver_trip_offers` VALUES (312, 3, 438, 55.00, 0.02, 0.00, '2025-11-15 23:41:58', '2025-11-15 23:41:58');
INSERT INTO `driver_trip_offers` VALUES (313, 3, 440, 55.00, 0.02, 0.00, '2025-11-15 23:50:17', '2025-11-15 23:50:17');
INSERT INTO `driver_trip_offers` VALUES (314, 3, 441, 37.00, 0.08, 0.04, '2025-11-16 00:03:59', '2025-11-16 00:03:59');
INSERT INTO `driver_trip_offers` VALUES (315, 3, 442, 36.00, 0.05, 0.02, '2025-11-16 00:17:06', '2025-11-16 00:17:06');
INSERT INTO `driver_trip_offers` VALUES (316, 3, 443, 37.00, 0.08, 0.03, '2025-11-16 00:19:53', '2025-11-16 00:19:53');
INSERT INTO `driver_trip_offers` VALUES (317, 3, 444, 37.00, 0.10, 0.04, '2025-11-16 00:22:28', '2025-11-16 00:22:28');
INSERT INTO `driver_trip_offers` VALUES (318, 3, 445, 49.00, 0.05, 0.02, '2025-11-16 00:25:05', '2025-11-16 00:25:05');
INSERT INTO `driver_trip_offers` VALUES (319, 3, 446, 37.00, 0.08, 0.04, '2025-11-16 00:38:09', '2025-11-16 00:38:09');
INSERT INTO `driver_trip_offers` VALUES (320, 3, 447, 35.00, 0.08, 0.04, '2025-11-16 00:40:50', '2025-11-16 00:40:50');
INSERT INTO `driver_trip_offers` VALUES (321, 3, 448, 45.00, 0.08, 0.04, '2025-11-16 00:42:21', '2025-11-16 00:42:21');
INSERT INTO `driver_trip_offers` VALUES (322, 3, 449, 55.00, 0.08, 0.04, '2025-11-16 00:44:23', '2025-11-16 00:44:23');
INSERT INTO `driver_trip_offers` VALUES (323, 3, 451, 39.00, 0.02, 0.01, '2025-11-17 20:34:51', '2025-11-17 20:34:51');
INSERT INTO `driver_trip_offers` VALUES (324, 3, 452, 49.00, 0.05, 0.02, '2025-11-17 20:36:46', '2025-11-17 20:36:46');
INSERT INTO `driver_trip_offers` VALUES (325, 3, 453, 45.00, 0.05, 0.02, '2025-11-17 20:38:25', '2025-11-17 20:38:25');
INSERT INTO `driver_trip_offers` VALUES (326, 3, 450, 50.00, 0.10, 0.04, '2025-11-17 21:15:39', '2025-11-17 21:15:39');
INSERT INTO `driver_trip_offers` VALUES (327, 3, 454, 37.00, 0.05, 0.02, '2025-11-17 21:22:15', '2025-11-17 21:22:15');
INSERT INTO `driver_trip_offers` VALUES (328, 3, 455, 38.00, 0.05, 0.02, '2025-11-17 21:31:23', '2025-11-17 21:31:23');
INSERT INTO `driver_trip_offers` VALUES (329, 3, 459, 42.00, 0.03, 0.02, '2025-11-17 22:48:11', '2025-11-17 22:48:11');
INSERT INTO `driver_trip_offers` VALUES (330, 3, 460, 50.00, 0.03, 0.02, '2025-11-17 22:50:57', '2025-11-17 22:50:57');
INSERT INTO `driver_trip_offers` VALUES (331, 3, 460, 60.00, 0.03, 0.02, '2025-11-17 22:51:31', '2025-11-17 22:51:31');
INSERT INTO `driver_trip_offers` VALUES (332, 3, 461, 56.00, 0.03, 0.02, '2025-11-17 22:53:15', '2025-11-17 22:53:15');
INSERT INTO `driver_trip_offers` VALUES (333, 3, 463, 37.00, 0.08, 0.03, '2025-11-19 22:07:58', '2025-11-19 22:07:58');
INSERT INTO `driver_trip_offers` VALUES (334, 3, 466, 50.00, 0.00, 0.00, '2025-11-20 17:03:37', '2025-11-20 17:03:37');
INSERT INTO `driver_trip_offers` VALUES (335, 3, 467, 37.00, 48.40, 34.59, '2025-11-21 19:44:17', '2025-11-21 19:44:17');
INSERT INTO `driver_trip_offers` VALUES (336, 3, 468, 50.00, 48.40, 34.59, '2025-11-21 19:47:15', '2025-11-21 19:47:15');
INSERT INTO `driver_trip_offers` VALUES (337, 3, 475, 39.00, 0.05, 0.02, '2025-11-26 19:29:53', '2025-11-26 19:29:53');
INSERT INTO `driver_trip_offers` VALUES (338, 3, 476, 64.00, 0.07, 0.02, '2025-11-28 13:12:34', '2025-11-28 13:12:34');
INSERT INTO `driver_trip_offers` VALUES (339, 3, 477, 50.00, 48.38, 34.59, '2025-11-28 13:17:00', '2025-11-28 13:17:00');
INSERT INTO `driver_trip_offers` VALUES (340, 3, 478, 64.00, 43.75, 22.96, '2025-11-28 13:19:46', '2025-11-28 13:19:46');
INSERT INTO `driver_trip_offers` VALUES (341, 3, 486, 64.00, 0.00, 0.00, '2025-11-28 15:07:54', '2025-11-28 15:07:54');
INSERT INTO `driver_trip_offers` VALUES (342, 3, 488, 64.00, 0.02, 0.01, '2025-11-28 15:15:14', '2025-11-28 15:15:14');
INSERT INTO `driver_trip_offers` VALUES (343, 3, 490, 64.00, 0.02, 0.01, '2025-11-28 15:22:23', '2025-11-28 15:22:23');
INSERT INTO `driver_trip_offers` VALUES (344, 57, 491, 63.00, 1.27, 0.44, '2025-12-01 14:35:42', '2025-12-01 14:35:42');
INSERT INTO `driver_trip_offers` VALUES (345, 3, 492, 64.00, 0.02, 0.01, '2025-12-01 14:38:01', '2025-12-01 14:38:01');
INSERT INTO `driver_trip_offers` VALUES (346, 3, 493, 50.00, 0.00, 0.00, '2025-12-01 14:49:17', '2025-12-01 14:49:17');
INSERT INTO `driver_trip_offers` VALUES (347, 3, 494, 50.00, 0.07, 0.02, '2025-12-02 13:26:47', '2025-12-02 13:26:47');
INSERT INTO `driver_trip_offers` VALUES (348, 3, 495, 50.00, 0.07, 0.02, '2025-12-02 13:31:08', '2025-12-02 13:31:08');
INSERT INTO `driver_trip_offers` VALUES (349, 3, 496, 50.00, 0.07, 0.02, '2025-12-02 13:32:50', '2025-12-02 13:32:50');
INSERT INTO `driver_trip_offers` VALUES (350, 3, 497, 49.00, 0.03, 0.01, '2025-12-05 22:27:01', '2025-12-05 22:27:01');
INSERT INTO `driver_trip_offers` VALUES (351, 3, 499, 49.00, 0.08, 0.03, '2025-12-05 22:33:17', '2025-12-05 22:33:17');
INSERT INTO `driver_trip_offers` VALUES (352, 3, 501, 49.00, 0.03, 0.01, '2025-12-08 14:14:35', '2025-12-08 14:14:35');
INSERT INTO `driver_trip_offers` VALUES (353, 3, 502, 40.00, 0.07, 0.03, '2025-12-08 14:26:50', '2025-12-08 14:26:50');
INSERT INTO `driver_trip_offers` VALUES (354, 3, 503, 49.00, 0.05, 0.02, '2025-12-08 14:42:43', '2025-12-08 14:42:43');
INSERT INTO `driver_trip_offers` VALUES (355, 3, 504, 39.00, 0.03, 0.01, '2025-12-08 14:46:57', '2025-12-08 14:46:57');
INSERT INTO `driver_trip_offers` VALUES (356, 3, 505, 49.00, 0.05, 0.02, '2025-12-08 15:05:12', '2025-12-08 15:05:12');
INSERT INTO `driver_trip_offers` VALUES (357, 3, 506, 49.00, 0.10, 0.04, '2025-12-08 15:08:14', '2025-12-08 15:08:14');
INSERT INTO `driver_trip_offers` VALUES (358, 3, 507, 49.00, 0.07, 0.03, '2025-12-08 15:23:29', '2025-12-08 15:23:29');
INSERT INTO `driver_trip_offers` VALUES (359, 3, 508, 49.00, 0.05, 0.02, '2025-12-08 15:26:05', '2025-12-08 15:26:05');
INSERT INTO `driver_trip_offers` VALUES (360, 3, 509, 49.00, 0.05, 0.02, '2025-12-08 15:30:41', '2025-12-08 15:30:41');
INSERT INTO `driver_trip_offers` VALUES (361, 3, 510, 49.00, 0.05, 0.02, '2025-12-08 15:33:57', '2025-12-08 15:33:57');
INSERT INTO `driver_trip_offers` VALUES (362, 3, 511, 39.00, 48.47, 34.59, '2025-12-09 16:25:22', '2025-12-09 16:25:22');
INSERT INTO `driver_trip_offers` VALUES (363, 3, 512, 40.00, 0.05, 0.02, '2025-12-09 17:30:25', '2025-12-09 17:30:25');
INSERT INTO `driver_trip_offers` VALUES (364, 3, 513, 39.00, 0.08, 0.03, '2025-12-09 17:41:47', '2025-12-09 17:41:47');
INSERT INTO `driver_trip_offers` VALUES (365, 3, 514, 49.00, 0.05, 0.02, '2025-12-11 14:07:17', '2025-12-11 14:07:17');
INSERT INTO `driver_trip_offers` VALUES (366, 3, 515, 39.00, 0.05, 0.02, '2025-12-11 14:16:35', '2025-12-11 14:16:35');
INSERT INTO `driver_trip_offers` VALUES (367, 3, 516, 39.00, 0.03, 0.01, '2025-12-11 14:23:50', '2025-12-11 14:23:50');
INSERT INTO `driver_trip_offers` VALUES (368, 3, 517, 39.00, 0.02, 0.01, '2025-12-11 14:30:00', '2025-12-11 14:30:00');
INSERT INTO `driver_trip_offers` VALUES (369, 3, 518, 39.00, 0.03, 0.01, '2025-12-11 14:37:31', '2025-12-11 14:37:31');
INSERT INTO `driver_trip_offers` VALUES (370, 3, 519, 39.00, 0.03, 0.01, '2025-12-11 14:46:35', '2025-12-11 14:46:35');
INSERT INTO `driver_trip_offers` VALUES (371, 3, 520, 39.00, 0.05, 0.02, '2025-12-11 14:50:49', '2025-12-11 14:50:49');
INSERT INTO `driver_trip_offers` VALUES (372, 3, 521, 39.00, 0.03, 0.01, '2025-12-11 14:58:32', '2025-12-11 14:58:32');
INSERT INTO `driver_trip_offers` VALUES (373, 3, 522, 39.00, 0.03, 0.01, '2025-12-11 15:03:14', '2025-12-11 15:03:14');
INSERT INTO `driver_trip_offers` VALUES (374, 3, 523, 39.00, 0.03, 0.01, '2025-12-11 15:05:49', '2025-12-11 15:05:49');
INSERT INTO `driver_trip_offers` VALUES (375, 3, 524, 39.00, 0.03, 0.01, '2025-12-11 15:14:57', '2025-12-11 15:14:57');
INSERT INTO `driver_trip_offers` VALUES (376, 3, 525, 39.00, 0.03, 0.01, '2025-12-11 15:18:58', '2025-12-11 15:18:58');
INSERT INTO `driver_trip_offers` VALUES (377, 3, 526, 39.00, 0.03, 0.01, '2025-12-11 15:25:44', '2025-12-11 15:25:44');
INSERT INTO `driver_trip_offers` VALUES (378, 3, 527, 39.00, 0.02, 0.01, '2025-12-11 15:28:55', '2025-12-11 15:28:55');
INSERT INTO `driver_trip_offers` VALUES (379, 3, 528, 39.00, 0.00, 0.00, '2025-12-12 08:36:11', '2025-12-12 08:36:11');
INSERT INTO `driver_trip_offers` VALUES (380, 3, 529, 39.00, 0.02, 0.00, '2025-12-12 08:39:54', '2025-12-12 08:39:54');
INSERT INTO `driver_trip_offers` VALUES (381, 3, 530, 39.00, 0.02, 0.00, '2025-12-12 08:44:22', '2025-12-12 08:44:22');
INSERT INTO `driver_trip_offers` VALUES (382, 3, 531, 39.00, 0.08, 0.03, '2025-12-12 16:39:39', '2025-12-12 16:39:39');
INSERT INTO `driver_trip_offers` VALUES (383, 3, 532, 40.00, 0.03, 0.01, '2025-12-12 16:43:40', '2025-12-12 16:43:40');
INSERT INTO `driver_trip_offers` VALUES (384, 3, 533, 40.00, 0.03, 0.01, '2025-12-12 17:05:03', '2025-12-12 17:05:03');
INSERT INTO `driver_trip_offers` VALUES (385, 3, 534, 40.00, 0.03, 0.01, '2025-12-12 17:09:06', '2025-12-12 17:09:06');
INSERT INTO `driver_trip_offers` VALUES (386, 3, 535, 39.00, 0.03, 0.01, '2025-12-12 17:21:31', '2025-12-12 17:21:31');
INSERT INTO `driver_trip_offers` VALUES (387, 3, 536, 40.00, 0.03, 0.01, '2025-12-12 17:23:16', '2025-12-12 17:23:16');
INSERT INTO `driver_trip_offers` VALUES (388, 3, 537, 39.00, 48.38, 34.55, '2025-12-12 17:25:27', '2025-12-12 17:25:27');
INSERT INTO `driver_trip_offers` VALUES (389, 3, 538, 39.00, 48.38, 34.55, '2025-12-12 17:28:14', '2025-12-12 17:28:14');
INSERT INTO `driver_trip_offers` VALUES (390, 3, 539, 39.00, 48.38, 34.56, '2025-12-13 11:04:58', '2025-12-13 11:04:58');
INSERT INTO `driver_trip_offers` VALUES (391, 3, 540, 39.00, 0.05, 0.02, '2025-12-13 11:08:55', '2025-12-13 11:08:55');
INSERT INTO `driver_trip_offers` VALUES (392, 3, 542, 39.00, 0.02, 0.00, '2025-12-13 11:19:32', '2025-12-13 11:19:32');
INSERT INTO `driver_trip_offers` VALUES (393, 3, 543, 39.00, 0.10, 0.04, '2025-12-13 11:25:05', '2025-12-13 11:25:05');
INSERT INTO `driver_trip_offers` VALUES (394, 3, 544, 39.00, 0.02, 0.01, '2025-12-15 12:41:32', '2025-12-15 12:41:32');
INSERT INTO `driver_trip_offers` VALUES (395, 3, 545, 39.00, 0.05, 0.02, '2025-12-15 13:39:42', '2025-12-15 13:39:42');
INSERT INTO `driver_trip_offers` VALUES (396, 3, 546, 39.00, 0.05, 0.02, '2025-12-15 15:30:07', '2025-12-15 15:30:07');
INSERT INTO `driver_trip_offers` VALUES (397, 3, 547, 39.00, 0.02, 0.01, '2025-12-15 16:00:45', '2025-12-15 16:00:45');
INSERT INTO `driver_trip_offers` VALUES (398, 3, 548, 39.00, 0.03, 0.02, '2025-12-16 12:14:19', '2025-12-16 12:14:19');
INSERT INTO `driver_trip_offers` VALUES (399, 3, 549, 31.00, 0.02, 0.01, '2025-12-16 14:22:07', '2025-12-16 14:22:07');
INSERT INTO `driver_trip_offers` VALUES (400, 3, 550, 37.00, 0.03, 0.01, '2025-12-16 14:31:48', '2025-12-16 14:31:48');
INSERT INTO `driver_trip_offers` VALUES (401, 3, 551, 45.00, 0.05, 0.02, '2025-12-16 15:02:54', '2025-12-16 15:02:54');
INSERT INTO `driver_trip_offers` VALUES (402, 3, 552, 37.00, 0.02, 0.01, '2025-12-16 15:15:01', '2025-12-16 15:15:01');
INSERT INTO `driver_trip_offers` VALUES (403, 3, 553, 43.00, 0.03, 0.02, '2025-12-17 12:28:33', '2025-12-17 12:28:33');
INSERT INTO `driver_trip_offers` VALUES (404, 3, 554, 45.00, 0.02, 0.00, '2025-12-17 14:03:59', '2025-12-17 14:03:59');
INSERT INTO `driver_trip_offers` VALUES (405, 3, 555, 36.00, 0.02, 0.01, '2025-12-17 14:50:13', '2025-12-17 14:50:13');
INSERT INTO `driver_trip_offers` VALUES (406, 3, 557, 20.00, 13.50, 8.68, '2025-12-18 10:35:42', '2025-12-18 10:35:42');
INSERT INTO `driver_trip_offers` VALUES (407, 3, 558, 36.00, 0.05, 0.02, '2025-12-18 13:18:53', '2025-12-18 13:18:53');
INSERT INTO `driver_trip_offers` VALUES (408, 3, 559, 37.00, 0.02, 0.01, '2025-12-18 13:20:32', '2025-12-18 13:20:32');
INSERT INTO `driver_trip_offers` VALUES (409, 3, 560, 39.00, 0.00, 0.00, '2025-12-18 13:22:11', '2025-12-18 13:22:11');
INSERT INTO `driver_trip_offers` VALUES (410, 3, 561, 39.00, 0.07, 0.02, '2025-12-18 13:55:45', '2025-12-18 13:55:45');
INSERT INTO `driver_trip_offers` VALUES (411, 3, 562, 36.00, 48.40, 34.56, '2025-12-18 14:05:53', '2025-12-18 14:05:53');
INSERT INTO `driver_trip_offers` VALUES (412, 3, 563, 36.00, 0.02, 0.01, '2025-12-18 14:29:09', '2025-12-18 14:29:09');
INSERT INTO `driver_trip_offers` VALUES (413, 3, 569, 39.00, 0.07, 0.02, '2025-12-18 15:14:50', '2025-12-18 15:14:50');
INSERT INTO `driver_trip_offers` VALUES (414, 3, 570, 39.00, 0.07, 0.02, '2025-12-18 15:24:04', '2025-12-18 15:24:04');
INSERT INTO `driver_trip_offers` VALUES (415, 3, 571, 36.00, 0.07, 0.02, '2025-12-18 15:32:44', '2025-12-18 15:32:44');
INSERT INTO `driver_trip_offers` VALUES (416, 3, 572, 37.00, 0.02, 0.01, '2025-12-18 15:35:22', '2025-12-18 15:35:22');
INSERT INTO `driver_trip_offers` VALUES (417, 3, 573, 39.00, 0.00, 0.00, '2025-12-18 17:06:42', '2025-12-18 17:06:42');
INSERT INTO `driver_trip_offers` VALUES (418, 3, 574, 41.00, 0.03, 0.01, '2025-12-18 17:14:36', '2025-12-18 17:14:36');
INSERT INTO `driver_trip_offers` VALUES (419, 63, 575, 39.00, 0.00, 0.00, '2025-12-19 13:12:58', '2025-12-19 13:12:58');
INSERT INTO `driver_trip_offers` VALUES (420, 63, 576, 39.00, 0.03, 0.01, '2025-12-19 13:55:11', '2025-12-19 13:55:11');
INSERT INTO `driver_trip_offers` VALUES (421, 63, 577, 39.00, 0.00, 0.00, '2025-12-19 15:00:45', '2025-12-19 15:00:45');
INSERT INTO `driver_trip_offers` VALUES (422, 57, 578, 39.00, 0.05, 0.02, '2025-12-20 21:09:45', '2025-12-20 21:09:45');
INSERT INTO `driver_trip_offers` VALUES (423, 57, 579, 39.00, 0.02, 0.01, '2025-12-20 21:15:45', '2025-12-20 21:15:45');
INSERT INTO `driver_trip_offers` VALUES (424, 57, 580, 39.00, 0.10, 0.04, '2025-12-21 09:00:19', '2025-12-21 09:00:19');
INSERT INTO `driver_trip_offers` VALUES (425, 57, 581, 39.00, 0.03, 0.02, '2025-12-21 09:17:10', '2025-12-21 09:17:10');
INSERT INTO `driver_trip_offers` VALUES (426, 57, 582, 39.00, 0.03, 0.01, '2025-12-21 09:20:01', '2025-12-21 09:20:01');
INSERT INTO `driver_trip_offers` VALUES (427, 57, 583, 37.00, 0.03, 0.01, '2025-12-21 09:24:18', '2025-12-21 09:24:18');
INSERT INTO `driver_trip_offers` VALUES (428, 57, 584, 39.00, 0.03, 0.01, '2025-12-21 09:53:51', '2025-12-21 09:53:51');
INSERT INTO `driver_trip_offers` VALUES (429, 57, 585, 39.00, 0.03, 0.01, '2025-12-21 09:58:52', '2025-12-21 09:58:52');
INSERT INTO `driver_trip_offers` VALUES (430, 57, 586, 39.00, 0.03, 0.01, '2025-12-21 10:01:34', '2025-12-21 10:01:34');
INSERT INTO `driver_trip_offers` VALUES (431, 57, 587, 38.44, 0.08, 0.03, '2025-12-21 11:48:27', '2025-12-21 11:48:27');
INSERT INTO `driver_trip_offers` VALUES (432, 57, 588, 40.00, 0.07, 0.02, '2025-12-21 11:50:08', '2025-12-21 11:50:08');
INSERT INTO `driver_trip_offers` VALUES (433, 57, 589, 38.44, 0.05, 0.02, '2025-12-21 11:51:03', '2025-12-21 11:51:03');
INSERT INTO `driver_trip_offers` VALUES (434, 3, 592, 38.58, 0.00, 0.00, '2025-12-22 12:47:06', '2025-12-22 12:47:06');
INSERT INTO `driver_trip_offers` VALUES (435, 3, 593, 38.47, 0.02, 0.01, '2025-12-22 13:16:07', '2025-12-22 13:16:07');
INSERT INTO `driver_trip_offers` VALUES (436, 57, 594, 38.50, 0.02, 0.00, '2025-12-22 13:47:44', '2025-12-22 13:47:44');
INSERT INTO `driver_trip_offers` VALUES (437, 57, 595, 38.50, 0.00, 0.00, '2025-12-22 14:00:58', '2025-12-22 14:00:58');
INSERT INTO `driver_trip_offers` VALUES (438, 57, 596, 38.50, 0.02, 0.01, '2025-12-22 14:06:27', '2025-12-22 14:06:27');
INSERT INTO `driver_trip_offers` VALUES (439, 57, 597, 38.50, 0.02, 0.01, '2025-12-22 14:15:14', '2025-12-22 14:15:14');
INSERT INTO `driver_trip_offers` VALUES (440, 57, 598, 38.53, 0.02, 0.01, '2025-12-22 19:00:23', '2025-12-22 19:00:23');
INSERT INTO `driver_trip_offers` VALUES (441, 57, 599, 38.53, 0.02, 0.01, '2025-12-22 19:08:34', '2025-12-22 19:08:34');
INSERT INTO `driver_trip_offers` VALUES (442, 57, 600, 38.53, 0.00, 0.00, '2025-12-22 19:16:46', '2025-12-22 19:16:46');
INSERT INTO `driver_trip_offers` VALUES (443, 57, 601, 38.53, 0.03, 0.01, '2025-12-22 19:19:54', '2025-12-22 19:19:54');
INSERT INTO `driver_trip_offers` VALUES (444, 57, 591, 36.00, 0.05, 0.02, '2025-12-22 19:32:09', '2025-12-22 19:32:09');
INSERT INTO `driver_trip_offers` VALUES (445, 57, 602, 38.55, 0.05, 0.02, '2025-12-22 20:22:30', '2025-12-22 20:22:30');
INSERT INTO `driver_trip_offers` VALUES (446, 57, 603, 38.55, 0.03, 0.02, '2025-12-22 20:46:33', '2025-12-22 20:46:33');
INSERT INTO `driver_trip_offers` VALUES (447, 3, 604, 38.52, 0.00, 0.00, '2026-01-04 13:17:26', '2026-01-04 13:17:26');
INSERT INTO `driver_trip_offers` VALUES (448, 3, 605, 38.53, 0.02, 0.01, '2026-01-04 13:29:50', '2026-01-04 13:29:50');
INSERT INTO `driver_trip_offers` VALUES (449, 3, 606, 38.52, 14.02, 8.71, '2026-01-05 11:29:32', '2026-01-05 11:29:32');
INSERT INTO `driver_trip_offers` VALUES (450, 3, 607, 38.52, 0.02, 0.01, '2026-01-05 12:08:50', '2026-01-05 12:08:50');
INSERT INTO `driver_trip_offers` VALUES (451, 3, 608, 38.52, 0.02, 0.00, '2026-01-05 12:12:10', '2026-01-05 12:12:10');
INSERT INTO `driver_trip_offers` VALUES (452, 3, 610, 38.50, 0.03, 0.01, '2026-01-05 14:04:01', '2026-01-05 14:04:01');
INSERT INTO `driver_trip_offers` VALUES (453, 3, 611, 38.56, 0.02, 0.01, '2026-01-05 15:10:32', '2026-01-05 15:10:32');
INSERT INTO `driver_trip_offers` VALUES (454, 3, 613, 38.46, 0.13, 0.04, '2026-01-18 13:40:10', '2026-01-18 13:40:10');
INSERT INTO `driver_trip_offers` VALUES (455, 3, 614, 38.48, 0.02, 0.01, '2026-01-29 13:19:50', '2026-01-29 13:19:50');
INSERT INTO `driver_trip_offers` VALUES (456, 3, 615, 38.45, 0.02, 0.00, '2026-01-29 13:32:32', '2026-01-29 13:32:32');
INSERT INTO `driver_trip_offers` VALUES (457, 3, 616, 38.51, 0.03, 0.01, '2026-01-29 13:35:52', '2026-01-29 13:35:52');
INSERT INTO `driver_trip_offers` VALUES (458, 3, 617, 38.51, 0.03, 0.01, '2026-01-29 14:40:10', '2026-01-29 14:40:10');
INSERT INTO `driver_trip_offers` VALUES (459, 3, 618, 38.51, 0.03, 0.01, '2026-01-29 14:52:28', '2026-01-29 14:52:28');
INSERT INTO `driver_trip_offers` VALUES (460, 3, 619, 38.45, 0.00, 0.00, '2026-01-29 15:07:26', '2026-01-29 15:07:26');
INSERT INTO `driver_trip_offers` VALUES (461, 3, 620, 38.45, 0.00, 0.00, '2026-01-29 15:14:29', '2026-01-29 15:14:29');
INSERT INTO `driver_trip_offers` VALUES (462, 3, 621, 38.45, 0.00, 0.00, '2026-01-29 15:19:51', '2026-01-29 15:19:51');
INSERT INTO `driver_trip_offers` VALUES (463, 3, 622, 38.45, 0.00, 0.00, '2026-01-29 15:28:04', '2026-01-29 15:28:04');
INSERT INTO `driver_trip_offers` VALUES (464, 3, 623, 38.40, 0.02, 0.01, '2026-01-29 15:33:04', '2026-01-29 15:33:04');
INSERT INTO `driver_trip_offers` VALUES (465, 3, 624, 38.46, 0.02, 0.00, '2026-01-29 15:35:15', '2026-01-29 15:35:15');
INSERT INTO `driver_trip_offers` VALUES (466, 3, 625, 38.49, 0.03, 0.01, '2026-01-29 15:38:11', '2026-01-29 15:38:11');
INSERT INTO `driver_trip_offers` VALUES (467, 57, 626, 38.48, 0.07, 0.03, '2026-01-29 18:40:13', '2026-01-29 18:40:13');
INSERT INTO `driver_trip_offers` VALUES (468, 57, 627, 38.48, 0.02, 0.01, '2026-01-29 18:49:56', '2026-01-29 18:49:56');
INSERT INTO `driver_trip_offers` VALUES (469, 57, 629, 38.48, 0.02, 0.01, '2026-01-29 19:23:15', '2026-01-29 19:23:15');
INSERT INTO `driver_trip_offers` VALUES (470, 57, 630, 38.48, 0.02, 0.01, '2026-01-29 19:28:28', '2026-01-29 19:28:28');
INSERT INTO `driver_trip_offers` VALUES (471, 57, 631, 38.48, 0.02, 0.01, '2026-01-29 19:30:35', '2026-01-29 19:30:35');
INSERT INTO `driver_trip_offers` VALUES (472, 57, 632, 38.48, 0.02, 0.01, '2026-01-29 19:50:41', '2026-01-29 19:50:41');

-- ----------------------------
-- Table structure for drivers_position
-- ----------------------------
DROP TABLE IF EXISTS `drivers_position`;
CREATE TABLE `drivers_position`  (
  `id_driver` int(0) NOT NULL,
  `position` point NOT NULL,
  PRIMARY KEY (`id_driver`) USING BTREE,
  SPATIAL INDEX `IDX_16ef343cda7f9e144c131e2174`(`position`),
  CONSTRAINT `FK_abe94b62b0025cc80c59e31e517` FOREIGN KEY (`id_driver`) REFERENCES `users` (`id`) ON DELETE RESTRICT ON UPDATE RESTRICT
) ENGINE = InnoDB CHARACTER SET = utf8 COLLATE = utf8_general_ci ROW_FORMAT = Dynamic;

-- ----------------------------
-- Records of drivers_position
-- ----------------------------
INSERT INTO `drivers_position` VALUES (3, ST_GeomFromText('POINT(-46.7520542 -1.033026)'));
INSERT INTO `drivers_position` VALUES (56, ST_GeomFromText('POINT(-46.7521347 -1.0328933)'));
INSERT INTO `drivers_position` VALUES (57, ST_GeomFromText('POINT(-46.7522026 -1.0328638)'));
INSERT INTO `drivers_position` VALUES (63, ST_GeomFromText('POINT(-46.752129 -1.0329124)'));

-- ----------------------------
-- Table structure for message_reads
-- ----------------------------
DROP TABLE IF EXISTS `message_reads`;
CREATE TABLE `message_reads`  (
  `id` int(0) NOT NULL AUTO_INCREMENT,
  `isRead` tinyint(0) NOT NULL DEFAULT 0,
  `readAt` timestamp(0) NULL DEFAULT NULL,
  `acknowledgedAt` timestamp(0) NULL DEFAULT NULL,
  `deviceInfo` text CHARACTER SET utf8 COLLATE utf8_general_ci NULL,
  `createdAt` timestamp(6) NOT NULL DEFAULT CURRENT_TIMESTAMP(6),
  `message_id` int(0) NOT NULL,
  `user_id` int(0) NOT NULL,
  PRIMARY KEY (`id`) USING BTREE,
  UNIQUE INDEX `idx_message_reads_unique`(`message_id`, `user_id`) USING BTREE,
  INDEX `idx_message_reads_message`(`message_id`) USING BTREE,
  INDEX `idx_message_reads_user_read`(`user_id`, `isRead`) USING BTREE,
  CONSTRAINT `FK_977d4dcdd4dcb8441bac1b2d967` FOREIGN KEY (`message_id`) REFERENCES `messages` (`id`) ON DELETE RESTRICT ON UPDATE RESTRICT,
  CONSTRAINT `FK_f2fde665440a5f6a7c2ea22f2bd` FOREIGN KEY (`user_id`) REFERENCES `users` (`id`) ON DELETE RESTRICT ON UPDATE RESTRICT
) ENGINE = InnoDB AUTO_INCREMENT = 3 CHARACTER SET = utf8 COLLATE = utf8_general_ci ROW_FORMAT = Dynamic;

-- ----------------------------
-- Records of message_reads
-- ----------------------------
INSERT INTO `message_reads` VALUES (1, 1, '2025-10-25 21:39:50', NULL, '{\"platform\":\"android\",\"version\":\"36\"}', '2025-10-25 21:39:49.652135', 3, 3);
INSERT INTO `message_reads` VALUES (2, 1, '2025-10-25 21:41:39', NULL, '{\"platform\":\"android\",\"version\":\"36\"}', '2025-10-25 21:41:39.087695', 1, 3);
INSERT INTO `message_reads` VALUES (3, 1, '2025-10-25 21:47:27', NULL, '{\"platform\":\"android\",\"version\":\"36\"}', '2025-10-25 21:47:26.521610', 2, 59);

-- ----------------------------
-- Table structure for messages
-- ----------------------------
DROP TABLE IF EXISTS `messages`;
CREATE TABLE `messages`  (
  `id` int(0) NOT NULL AUTO_INCREMENT,
  `messageCode` text CHARACTER SET utf8 COLLATE utf8_general_ci NOT NULL,
  `createdByAdminName` text CHARACTER SET utf8 COLLATE utf8_general_ci NOT NULL,
  `senderRole` enum('admin','system','moderator') CHARACTER SET utf8 COLLATE utf8_general_ci NOT NULL DEFAULT 'system',
  `targetType` enum('all_users','specific_user','user_group','role_based') CHARACTER SET utf8 COLLATE utf8_general_ci NOT NULL DEFAULT 'all_users',
  `targetUserIds` text CHARACTER SET utf8 COLLATE utf8_general_ci NULL,
  `targetRole` enum('driver','passenger','both') CHARACTER SET utf8 COLLATE utf8_general_ci NULL DEFAULT NULL,
  `title` varchar(255) CHARACTER SET utf8 COLLATE utf8_general_ci NOT NULL,
  `message` text CHARACTER SET utf8 COLLATE utf8_general_ci NOT NULL,
  `shortPreview` varchar(100) CHARACTER SET utf8 COLLATE utf8_general_ci NOT NULL,
  `category` enum('info','warning','alert','update','maintenance','promotion') CHARACTER SET utf8 COLLATE utf8_general_ci NOT NULL DEFAULT 'info',
  `priority` enum('low','medium','high') CHARACTER SET utf8 COLLATE utf8_general_ci NOT NULL DEFAULT 'low',
  `isDismissible` tinyint(0) NOT NULL DEFAULT 1,
  `requiresAcknowledgment` tinyint(0) NOT NULL DEFAULT 0,
  `expiresAt` timestamp(0) NULL DEFAULT NULL,
  `isActive` tinyint(0) NOT NULL DEFAULT 1,
  `actionButton` text CHARACTER SET utf8 COLLATE utf8_general_ci NULL,
  `scheduledFor` timestamp(0) NULL DEFAULT NULL,
  `sendImmediately` tinyint(0) NOT NULL DEFAULT 0,
  `repeatType` enum('none','daily','weekly','monthly') CHARACTER SET utf8 COLLATE utf8_general_ci NOT NULL DEFAULT 'none',
  `repeatUntil` timestamp(0) NULL DEFAULT NULL,
  `createdAt` timestamp(6) NOT NULL DEFAULT CURRENT_TIMESTAMP(6),
  `updatedAt` timestamp(6) NOT NULL DEFAULT CURRENT_TIMESTAMP(6) ON UPDATE CURRENT_TIMESTAMP(6),
  `publishedAt` timestamp(0) NULL DEFAULT NULL,
  `deletedAt` timestamp(6) NULL DEFAULT NULL,
  `totalRecipients` int(0) NOT NULL DEFAULT 0,
  `totalViews` int(0) NOT NULL DEFAULT 0,
  `totalReads` int(0) NOT NULL DEFAULT 0,
  `totalAcknowledgments` int(0) NOT NULL DEFAULT 0,
  `attachments` text CHARACTER SET utf8 COLLATE utf8_general_ci NULL,
  `icon` varchar(100) CHARACTER SET utf8 COLLATE utf8_general_ci NULL DEFAULT NULL,
  `iconColor` varchar(50) CHARACTER SET utf8 COLLATE utf8_general_ci NULL DEFAULT NULL,
  `imageUrl` varchar(500) CHARACTER SET utf8 COLLATE utf8_general_ci NULL DEFAULT NULL,
  `tags` text CHARACTER SET utf8 COLLATE utf8_general_ci NULL,
  `id_admin_user` int(0) NOT NULL,
  `target_user_id` int(0) NULL DEFAULT NULL,
  PRIMARY KEY (`id`) USING BTREE,
  UNIQUE INDEX `REL_287813ac10aa4cd74f93a14018`(`target_user_id`) USING BTREE,
  INDEX `idx_messages_scheduled_for`(`scheduledFor`) USING BTREE,
  INDEX `idx_messages_created_by_admin`(`id_admin_user`) USING BTREE,
  INDEX `idx_messages_published_expires`(`publishedAt`, `expiresAt`) USING BTREE,
  INDEX `idx_messages_category_priority`(`category`, `priority`) USING BTREE,
  INDEX `idx_messages_target_type_active`(`targetType`, `isActive`) USING BTREE,
  INDEX `idx_messages_target_user`(`target_user_id`) USING BTREE,
  CONSTRAINT `FK_287813ac10aa4cd74f93a14018c` FOREIGN KEY (`target_user_id`) REFERENCES `users` (`id`) ON DELETE RESTRICT ON UPDATE RESTRICT,
  CONSTRAINT `FK_f2d975559149670331f35696ce5` FOREIGN KEY (`id_admin_user`) REFERENCES `users` (`id`) ON DELETE RESTRICT ON UPDATE RESTRICT
) ENGINE = InnoDB AUTO_INCREMENT = 3 CHARACTER SET = utf8 COLLATE = utf8_general_ci ROW_FORMAT = Dynamic;

-- ----------------------------
-- Records of messages
-- ----------------------------
INSERT INTO `messages` VALUES (1, 'MSG-2025-00001', 'Sistema', 'system', 'all_users', NULL, NULL, 'Lembrete Semanal: Complete seu Perfil', 'Mantenha seus dados atualizados para melhor experiência!', 'Mantenha seus dados atualizados para melhor experiência!', 'info', 'low', 1, 0, NULL, 1, NULL, '2025-10-28 06:00:00', 0, 'weekly', '2025-12-31 20:59:59', '2025-10-25 20:19:57.173760', '2025-10-25 21:48:30.000000', '2025-10-28 06:00:00', NULL, 0, 5, 1, 0, NULL, NULL, NULL, NULL, NULL, 1, NULL);
INSERT INTO `messages` VALUES (2, 'MSG-2025-00002', 'Hugo', 'admin', 'specific_user', NULL, NULL, 'Teste', 'Teste', 'Teste', 'info', 'medium', 1, 0, NULL, 1, NULL, NULL, 1, 'none', NULL, '2025-10-25 21:04:06.848273', '2025-10-25 21:48:41.000000', '2025-10-25 21:04:07', NULL, 1, 3, 1, 0, NULL, 'mail', '#FF9800', NULL, NULL, 1, 59);
INSERT INTO `messages` VALUES (3, 'MSG-2025-00003', 'Hugo', 'admin', 'specific_user', NULL, NULL, 'Olá ', 'Teste 2', 'Teste 2', 'info', 'medium', 1, 0, NULL, 1, NULL, NULL, 1, 'none', NULL, '2025-10-25 21:09:50.934672', '2025-11-03 23:30:55.000000', '2025-10-25 21:09:51', NULL, 1, 7, 1, 0, NULL, 'mail', '#FF9800', NULL, NULL, 1, 3);

-- ----------------------------
-- Table structure for roles
-- ----------------------------
DROP TABLE IF EXISTS `roles`;
CREATE TABLE `roles`  (
  `id` varchar(255) CHARACTER SET utf8 COLLATE utf8_general_ci NOT NULL,
  `name` varchar(255) CHARACTER SET utf8 COLLATE utf8_general_ci NOT NULL,
  `image` varchar(255) CHARACTER SET utf8 COLLATE utf8_general_ci NOT NULL,
  `route` varchar(255) CHARACTER SET utf8 COLLATE utf8_general_ci NOT NULL,
  `created_at` datetime(0) NOT NULL DEFAULT CURRENT_TIMESTAMP(0),
  `updated_at` datetime(0) NOT NULL DEFAULT CURRENT_TIMESTAMP(0),
  PRIMARY KEY (`id`) USING BTREE,
  UNIQUE INDEX `IDX_648e3f5447f725579d7d4ffdfb`(`name`) USING BTREE
) ENGINE = InnoDB CHARACTER SET = utf8 COLLATE = utf8_general_ci ROW_FORMAT = Dynamic;

-- ----------------------------
-- Records of roles
-- ----------------------------
INSERT INTO `roles` VALUES ('ADMIN', 'Administrador', 'https://firebasestorage.googleapis.com/v0/b/urbandrive-770f9.firebasestorage.app/o/male.png?alt=media&token=bad9b2e8-dc97-48b6-8487-7b4fe4cc6a9e', 'admin/home', '2025-04-21 19:10:18', '2025-10-01 13:47:39');
INSERT INTO `roles` VALUES ('CLIENT', 'Cliente', 'https://firebasestorage.googleapis.com/v0/b/urbandrive-770f9.firebasestorage.app/o/patient.png?alt=media&token=bad9b2e8-dc97-48b6-8487-7b4fe4cc6a9e', 'client/home', '2025-04-21 19:10:53', '2025-04-21 19:10:53');
INSERT INTO `roles` VALUES ('DRIVER', 'Condutor', 'https://firebasestorage.googleapis.com/v0/b/urbandrive-770f9.firebasestorage.app/o/driver.png?alt=media&token=bad9b2e8-dc97-48b6-8487-7b4fe4cc6a9e', 'driver/home', '2025-06-20 21:09:30', '2025-06-20 21:09:30');

-- ----------------------------
-- Table structure for status
-- ----------------------------
DROP TABLE IF EXISTS `status`;
CREATE TABLE `status`  (
  `id` int(0) NOT NULL AUTO_INCREMENT,
  `name` varchar(255) CHARACTER SET utf8 COLLATE utf8_general_ci NOT NULL,
  `email` varchar(255) CHARACTER SET utf8 COLLATE utf8_general_ci NOT NULL,
  `status` varchar(255) CHARACTER SET utf8 COLLATE utf8_general_ci NOT NULL,
  `code` varchar(255) CHARACTER SET utf8 COLLATE utf8_general_ci NOT NULL,
  `saleId` varchar(255) CHARACTER SET utf8 COLLATE utf8_general_ci NULL DEFAULT NULL,
  `created_at` datetime(0) NOT NULL DEFAULT CURRENT_TIMESTAMP(0),
  `updated_at` datetime(0) NOT NULL DEFAULT CURRENT_TIMESTAMP(0),
  `id_user` int(0) NOT NULL,
  `amount` int(0) NOT NULL,
  PRIMARY KEY (`id`) USING BTREE,
  UNIQUE INDEX `IDX_c9a94ee63b32adeb105592dd98`(`saleId`) USING BTREE,
  INDEX `FK_c1300cc893c837866641a25d362`(`id_user`) USING BTREE,
  CONSTRAINT `FK_c1300cc893c837866641a25d362` FOREIGN KEY (`id_user`) REFERENCES `users` (`id`) ON DELETE RESTRICT ON UPDATE RESTRICT
) ENGINE = InnoDB AUTO_INCREMENT = 14 CHARACTER SET = utf8 COLLATE = utf8_general_ci ROW_FORMAT = Dynamic;

-- ----------------------------
-- Records of status
-- ----------------------------
INSERT INTO `status` VALUES (1, 'Cerlos Silva', 'victor.almeida.porto8@gmail.com', 'approved', '120842659735', '120842659735', '2025-08-07 11:15:07', '2025-08-07 11:15:07', 3, 1);
INSERT INTO `status` VALUES (2, 'Victor Hugo', 'aflinkitest1@aflinki.com', 'pending', '122689273548', '122689273548', '2025-08-17 14:13:09', '2025-08-17 14:13:09', 4, 20);
INSERT INTO `status` VALUES (3, 'Victor Hugo', 'aflinkitest1@aflinki.com', 'approved', '122690790264', '122690790264', '2025-08-17 14:16:32', '2025-08-17 14:16:32', 3, 20);
INSERT INTO `status` VALUES (4, 'Cerlos Silva', 'victor.almeida.porto8@gmail.com', 'cancelled', '125496780915', '125496780915', '2025-09-13 12:45:13', '2025-09-13 12:45:13', 3, 1);
INSERT INTO `status` VALUES (5, 'Cerlos Silva', 'victor.almeida.porto8@gmail.com', 'pending', '125495953587', '125495953587', '2025-09-13 12:47:14', '2025-09-13 12:47:14', 3, 1);
INSERT INTO `status` VALUES (6, 'Cerlos Silva Juca', 'victor.almeida.porto8@gmail.com', 'pending', '125496633173', '125496633173', '2025-09-13 12:47:52', '2025-09-13 12:47:52', 3, 1);
INSERT INTO `status` VALUES (7, 'Cerlos Juca', 'victor.almeida.porto8@gmail.com', 'pending', '125497003225', '125497003225', '2025-09-13 12:50:14', '2025-09-13 12:50:14', 3, 1);
INSERT INTO `status` VALUES (8, 'HUgo Juca', 'victor.almeida.porto8@gmail.com', 'pending', '125497223327', '125497223327', '2025-09-13 12:52:45', '2025-09-13 12:52:45', 3, 1);
INSERT INTO `status` VALUES (9, 'HUgo Juca', 'victor.almeida.porto8@gmail.com', 'cancelled', '125661365673', '125661365673', '2025-09-14 23:50:55', '2025-09-14 23:50:55', 3, 1);
INSERT INTO `status` VALUES (10, 'HUgo Juca', 'victor.almeida.porto8@gmail.com', 'cancelled', '125661499803', '125661499803', '2025-09-14 23:55:20', '2025-09-14 23:55:20', 3, 1);
INSERT INTO `status` VALUES (11, 'HUgo Juca', 'victor.almeida.porto8@gmail.com', 'cancelled', '126214853388', '126214853388', '2025-09-15 00:09:50', '2025-09-15 00:09:50', 3, 1);
INSERT INTO `status` VALUES (12, 'HUgo Juca', 'victor.almeida.porto8@gmail.com', 'approved', '126216030860', '126216030860', '2025-09-15 00:21:32', '2025-09-15 00:21:32', 3, 1);
INSERT INTO `status` VALUES (13, 'Victor Hugo', 'aflinkitest1@aflinki.com', 'pending', '127450680259', '127450680259', '2025-09-29 23:55:33', '2025-09-29 23:55:33', 3, 20);
INSERT INTO `status` VALUES (14, 'Role', 'aflinkitest1@aflinki.com', 'pending', '128490408882', '128490408882', '2025-10-03 14:05:51', '2025-10-03 14:05:51', 3, 20);

-- ----------------------------
-- Table structure for time_and_distance_values
-- ----------------------------
DROP TABLE IF EXISTS `time_and_distance_values`;
CREATE TABLE `time_and_distance_values`  (
  `id` int(0) NOT NULL AUTO_INCREMENT,
  `km_value` decimal(10, 2) NOT NULL,
  `min_value` decimal(10, 2) NOT NULL,
  `km_value_motorcycle` decimal(10, 2) NOT NULL DEFAULT 0.00,
  `min_value_motorcycle` decimal(10, 2) NOT NULL DEFAULT 0.00,
  PRIMARY KEY (`id`) USING BTREE
) ENGINE = InnoDB AUTO_INCREMENT = 1 CHARACTER SET = utf8 COLLATE = utf8_general_ci ROW_FORMAT = Dynamic;

-- ----------------------------
-- Records of time_and_distance_values
-- ----------------------------
INSERT INTO `time_and_distance_values` VALUES (1, 3.00, 1.00, 2.00, 1.00);

-- ----------------------------
-- Table structure for user_data_requests
-- ----------------------------
DROP TABLE IF EXISTS `user_data_requests`;
CREATE TABLE `user_data_requests`  (
  `id` int(0) NOT NULL AUTO_INCREMENT,
  `status` tinyint(0) NOT NULL DEFAULT 0,
  `created_at` datetime(0) NOT NULL DEFAULT CURRENT_TIMESTAMP(0),
  `updated_at` datetime(0) NOT NULL DEFAULT CURRENT_TIMESTAMP(0),
  `id_user` int(0) NULL DEFAULT NULL,
  `type` enum('exclusion','information') CHARACTER SET utf8 COLLATE utf8_general_ci NOT NULL DEFAULT 'information',
  PRIMARY KEY (`id`) USING BTREE,
  INDEX `FK_1a953bad6c89d64591c9c4273fb`(`id_user`) USING BTREE,
  CONSTRAINT `FK_1a953bad6c89d64591c9c4273fb` FOREIGN KEY (`id_user`) REFERENCES `users` (`id`) ON DELETE RESTRICT ON UPDATE RESTRICT
) ENGINE = InnoDB AUTO_INCREMENT = 9 CHARACTER SET = utf8 COLLATE = utf8_general_ci ROW_FORMAT = Dynamic;

-- ----------------------------
-- Records of user_data_requests
-- ----------------------------
INSERT INTO `user_data_requests` VALUES (2, 0, '2025-09-28 11:35:23', '2025-09-28 11:35:23', 3, 'information');
INSERT INTO `user_data_requests` VALUES (3, 0, '2025-09-28 11:35:32', '2025-09-28 11:35:32', 3, 'information');
INSERT INTO `user_data_requests` VALUES (4, 0, '2025-10-15 14:47:20', '2025-10-15 14:47:20', 3, 'information');
INSERT INTO `user_data_requests` VALUES (5, 0, '2025-10-25 22:59:09', '2025-10-25 22:59:09', 3, 'information');
INSERT INTO `user_data_requests` VALUES (6, 0, '2025-10-25 23:08:30', '2025-10-25 23:08:30', 3, 'information');
INSERT INTO `user_data_requests` VALUES (7, 0, '2025-10-25 23:10:57', '2025-10-25 23:10:57', 3, 'information');
INSERT INTO `user_data_requests` VALUES (8, 0, '2025-10-25 23:12:51', '2025-10-25 23:12:51', 3, 'information');
INSERT INTO `user_data_requests` VALUES (9, 0, '2025-10-25 23:13:56', '2025-10-25 23:13:56', 3, 'exclusion');

-- ----------------------------
-- Table structure for user_has_roles
-- ----------------------------
DROP TABLE IF EXISTS `user_has_roles`;
CREATE TABLE `user_has_roles`  (
  `id_user` int(0) NOT NULL,
  `id_rol` varchar(255) CHARACTER SET utf8 COLLATE utf8_general_ci NOT NULL,
  PRIMARY KEY (`id_user`, `id_rol`) USING BTREE,
  INDEX `IDX_9162e69c2882814e6efd38eb0f`(`id_user`) USING BTREE,
  INDEX `IDX_b75f6479074b349750c23c41b2`(`id_rol`) USING BTREE,
  CONSTRAINT `FK_9162e69c2882814e6efd38eb0fc` FOREIGN KEY (`id_user`) REFERENCES `users` (`id`) ON DELETE CASCADE ON UPDATE CASCADE,
  CONSTRAINT `FK_b75f6479074b349750c23c41b28` FOREIGN KEY (`id_rol`) REFERENCES `roles` (`id`) ON DELETE RESTRICT ON UPDATE RESTRICT
) ENGINE = InnoDB CHARACTER SET = utf8 COLLATE = utf8_general_ci ROW_FORMAT = Dynamic;

-- ----------------------------
-- Records of user_has_roles
-- ----------------------------
INSERT INTO `user_has_roles` VALUES (1, 'ADMIN');
INSERT INTO `user_has_roles` VALUES (3, 'CLIENT');
INSERT INTO `user_has_roles` VALUES (3, 'DRIVER');
INSERT INTO `user_has_roles` VALUES (4, 'CLIENT');
INSERT INTO `user_has_roles` VALUES (56, 'CLIENT');
INSERT INTO `user_has_roles` VALUES (56, 'DRIVER');
INSERT INTO `user_has_roles` VALUES (57, 'CLIENT');
INSERT INTO `user_has_roles` VALUES (57, 'DRIVER');
INSERT INTO `user_has_roles` VALUES (58, 'CLIENT');
INSERT INTO `user_has_roles` VALUES (58, 'DRIVER');
INSERT INTO `user_has_roles` VALUES (59, 'CLIENT');
INSERT INTO `user_has_roles` VALUES (61, 'CLIENT');
INSERT INTO `user_has_roles` VALUES (61, 'DRIVER');
INSERT INTO `user_has_roles` VALUES (62, 'CLIENT');
INSERT INTO `user_has_roles` VALUES (62, 'DRIVER');
INSERT INTO `user_has_roles` VALUES (63, 'CLIENT');
INSERT INTO `user_has_roles` VALUES (63, 'DRIVER');

-- ----------------------------
-- Table structure for user_sessions
-- ----------------------------
DROP TABLE IF EXISTS `user_sessions`;
CREATE TABLE `user_sessions`  (
  `id` varchar(36) CHARACTER SET utf8 COLLATE utf8_general_ci NOT NULL,
  `id_user` int(0) NULL DEFAULT NULL,
  `device_id` varchar(255) CHARACTER SET utf8 COLLATE utf8_general_ci NOT NULL,
  `refresh_token_hash` varchar(255) CHARACTER SET utf8 COLLATE utf8_general_ci NOT NULL,
  `is_active` tinyint(0) NOT NULL DEFAULT 1,
  `created_at` datetime(6) NOT NULL DEFAULT CURRENT_TIMESTAMP(6),
  `last_activity` datetime(6) NOT NULL DEFAULT CURRENT_TIMESTAMP(6) ON UPDATE CURRENT_TIMESTAMP(6),
  `access_token` text CHARACTER SET utf8 COLLATE utf8_general_ci NULL,
  PRIMARY KEY (`id`) USING BTREE,
  INDEX `FK_18233b5b7696c22f6d716fd3b26`(`id_user`) USING BTREE,
  CONSTRAINT `FK_18233b5b7696c22f6d716fd3b26` FOREIGN KEY (`id_user`) REFERENCES `users` (`id`) ON DELETE CASCADE ON UPDATE RESTRICT
) ENGINE = InnoDB CHARACTER SET = utf8 COLLATE = utf8_general_ci ROW_FORMAT = Dynamic;

-- ----------------------------
-- Records of user_sessions
-- ----------------------------
INSERT INTO `user_sessions` VALUES ('00a29d8d-8b51-4475-aa32-98da2b89384d', 57, 'b9f7d0bd7326efa7', '$2b$10$0I9.elFLMI3k0FKHY9sqW.FkhmDDtCTs/Amox8bp0UsvfKOsXB02.', 0, '2026-01-26 14:35:20.668718', '2026-01-29 13:17:42.000000', 'eyJhbGciOiJIUzI1NiIsInR5cCI6IkpXVCJ9.eyJpZCI6NTcsIm5hbWUiOiJEZW5pbHNvbiIsInJvbGVzIjpbIkNMSUVOVCIsIkRSSVZFUiJdLCJpYXQiOjE3Njk0NDg5MjAsImV4cCI6MTc2OTYyMTcyMH0.zmUPXi0WC8iwnpTlr9Rj64aGjR7DAW3heLtArUWX1wk');
INSERT INTO `user_sessions` VALUES ('015d4bc8-a3c1-456f-8bcd-6235bb0dde4f', 3, '6c093def45c42482', '$2b$10$YlfwP.aotnaYRKLsRlzaRu3rcNlx8190S7sUYAyl/yC8thjM6gogC', 0, '2026-01-16 20:20:49.089455', '2026-01-18 13:35:43.000000', 'eyJhbGciOiJIUzI1NiIsInR5cCI6IkpXVCJ9.eyJpZCI6MywibmFtZSI6Ikl2YW5jIiwicm9sZXMiOlsiQ0xJRU5UIiwiRFJJVkVSIl0sImlhdCI6MTc2ODYwNTY0OSwiZXhwIjoxNzY4Nzc4NDQ5fQ.r_Jira5c_BhAUHbxHhcabCO1vVUQsJBc3DOfriq-8f0');
INSERT INTO `user_sessions` VALUES ('01e1ea61-2877-4445-89a3-736ed2ab8b07', 3, '6c093def45c42482', '$2b$10$7J0fTUZjgym1kiK2GNkJE.DA/tZYzS4KXQwVeRuUIuew7XPBt9CB6', 0, '2025-12-14 12:18:11.325037', '2025-12-14 12:28:06.000000', 'Bearer eyJhbGciOiJIUzI1NiIsInR5cCI6IkpXVCJ9.eyJpZCI6MywibmFtZSI6Ikl2YW5jIiwicm9sZXMiOlsiQ0xJRU5UIiwiRFJJVkVSIl0sImlhdCI6MTc2NTcyNTk2MiwiZXhwIjoxNzY1ODk4NzYyfQ.JrrQUO4uNf95cFXBolkK8J8bjWXgodRuzL7PLN0IBh4');
INSERT INTO `user_sessions` VALUES ('02245eaf-e83c-4159-a503-da5a9268b650', 3, '6c093def45c42482', '$2b$10$zm74x2/n9nFy39CHBZZNoeiHjEPl8psphw84BFJ5gwltkEsQsPTnO', 0, '2026-01-26 14:45:06.563398', '2026-01-26 14:49:13.000000', 'eyJhbGciOiJIUzI1NiIsInR5cCI6IkpXVCJ9.eyJpZCI6MywibmFtZSI6Ikl2YW5jIiwicm9sZXMiOlsiQ0xJRU5UIiwiRFJJVkVSIl0sImlhdCI6MTc2OTQ0OTUwNiwiZXhwIjoxNzY5NjIyMzA2fQ.a7NlHVoAESk_tI7l7fI6iRVcx1HTdl4x6c5a5RXq3l4');
INSERT INTO `user_sessions` VALUES ('02a00dea-0506-4b7f-939e-3d88380d4839', 3, '6c093def45c42482', '$2b$10$7tWkEqHkgwzs7.NilUI/tO/woOgnSOaYcpkb27H.Q.TD1CuwtiI82', 0, '2026-01-08 22:16:26.965151', '2026-01-11 11:31:23.000000', 'eyJhbGciOiJIUzI1NiIsInR5cCI6IkpXVCJ9.eyJpZCI6MywibmFtZSI6Ikl2YW5jIiwicm9sZXMiOlsiQ0xJRU5UIiwiRFJJVkVSIl0sImlhdCI6MTc2NzkyMTM4NiwiZXhwIjoxNzY4MDk0MTg2fQ.EgRF-rUc4mpn885OCaZ1wMBQ2Y191PCkTR8q4HcqveI');
INSERT INTO `user_sessions` VALUES ('03b80799-f180-4bb8-a76d-95fac4d4610e', 1, '6c093def45c42482', '$2b$10$S.lHDkKl9RZRTta/nv3KIO.4rscRpNI1aLslHHeobjND5KdJOxOUa', 1, '2025-12-20 20:35:05.693386', '2025-12-20 20:35:05.693386', 'eyJhbGciOiJIUzI1NiIsInR5cCI6IkpXVCJ9.eyJpZCI6MSwibmFtZSI6Ikh1Z28iLCJyb2xlcyI6WyJBRE1JTiJdLCJpYXQiOjE3NjYyNzM3MDUsImV4cCI6MTc2NjQ0NjUwNX0.RAU3djtYCzIHNFfroc_ADEByEILc_9DWBZYuWDKfZ_8');
INSERT INTO `user_sessions` VALUES ('0478060d-6299-4514-b8c0-1ea191c42bb3', 3, '6c093def45c42482', '$2b$10$yVZ8tOoOk9K9.RGvOumU4OHHSbkgrWqcKBt1U6Py1O4JHt0Nt7phi', 0, '2026-01-03 22:22:17.649627', '2026-01-03 22:37:20.000000', 'eyJhbGciOiJIUzI1NiIsInR5cCI6IkpXVCJ9.eyJpZCI6MywibmFtZSI6Ikl2YW5jIiwicm9sZXMiOlsiQ0xJRU5UIiwiRFJJVkVSIl0sImlhdCI6MTc2NzQ4OTczNywiZXhwIjoxNzY3NjYyNTM3fQ.4aBTeZgq9lNfa5uKR5-lcd2-KPAXmhxFIXUvXgrNopc');
INSERT INTO `user_sessions` VALUES ('08733203-e82d-48dd-aa5b-fc1dfebe0e2c', 3, '6c093def45c42482', '$2b$10$T0HTV0RjCsSJwi1tWvoXLezMXKhpsaRJMMdNwxU5j.4k8XSIuFLqW', 0, '2026-01-03 22:37:20.982793', '2026-01-03 23:37:59.000000', 'eyJhbGciOiJIUzI1NiIsInR5cCI6IkpXVCJ9.eyJpZCI6MywibmFtZSI6Ikl2YW5jIiwicm9sZXMiOlsiQ0xJRU5UIiwiRFJJVkVSIl0sImlhdCI6MTc2NzQ5MDY0MCwiZXhwIjoxNzY3NjYzNDQwfQ.XsaplOY1DTay9RezxR1wRcLU91YyWlszRqDnavPcGTI');
INSERT INTO `user_sessions` VALUES ('0aeba498-927d-4f81-a69b-6bbe9026314d', 3, '6c093def45c42482', '$2b$10$pZqa7Iz2k3T/srgYA4FRa.x77ACpnA2jWZ1xl3iOr7DI7cS0nhGDe', 0, '2026-01-31 21:24:32.424075', '2026-02-07 14:33:30.000000', 'Bearer eyJhbGciOiJIUzI1NiIsInR5cCI6IkpXVCJ9.eyJpZCI6MywibmFtZSI6Ikl2YW5jIiwicm9sZXMiOlsiQ0xJRU5UIiwiRFJJVkVSIl0sImlhdCI6MTc3MDI1MTQ0NCwiZXhwIjoxNzcwNDI0MjQ0fQ.MU3ilsWu1_mDMNJHFL5oUGCMv5L_NzxyW3uOAdHRWr8');
INSERT INTO `user_sessions` VALUES ('0d8d2b88-e44a-488c-bcc9-c975306fdf64', 3, '6c093def45c42482', '$2b$10$JODAs.Q9Qm/eL6a0QNa.2Ofdt1RWSbR8tj3FE89MyzEhxwtXDYGiW', 0, '2026-01-11 11:31:24.076480', '2026-01-11 12:12:03.000000', 'eyJhbGciOiJIUzI1NiIsInR5cCI6IkpXVCJ9.eyJpZCI6MywibmFtZSI6Ikl2YW5jIiwicm9sZXMiOlsiQ0xJRU5UIiwiRFJJVkVSIl0sImlhdCI6MTc2ODE0MTg4NCwiZXhwIjoxNzY4MzE0Njg0fQ.C8hgnw2Ymo5O3ab7SrePDgH5bhmMk7uZpCWcmKTqIf0');
INSERT INTO `user_sessions` VALUES ('11b5e06d-faa9-43d4-bf4d-7d0cb6599b3a', 57, 'b9f7d0bd7326efa7', '$2b$10$zS/iDJ2fiJTqBEpWEY6wXuxmv985LBnW8uXE00ZbntDXqNpdEqt.u', 0, '2026-01-03 23:46:35.339652', '2026-01-05 11:17:27.000000', 'eyJhbGciOiJIUzI1NiIsInR5cCI6IkpXVCJ9.eyJpZCI6NTcsIm5hbWUiOiJEZW5pbHNvbiIsInJvbGVzIjpbIkNMSUVOVCIsIkRSSVZFUiJdLCJpYXQiOjE3Njc0OTQ3OTUsImV4cCI6MTc2NzY2NzU5NX0.ZZZMvaB1yD7Hf4CIIalntB4_1jt0BkhDJ8QUormgzGE');
INSERT INTO `user_sessions` VALUES ('12b32916-7f4c-4134-89a0-4f3508495996', 3, '6c093def45c42482', '$2b$10$C8YFvWAja3SDOfJYk.buBOUHZLedImR3Nop/OO2h9E4AOuee8G1M6', 0, '2025-12-14 13:46:59.545200', '2025-12-14 13:47:17.000000', 'eyJhbGciOiJIUzI1NiIsInR5cCI6IkpXVCJ9.eyJpZCI6MywibmFtZSI6Ikl2YW5jIiwicm9sZXMiOlsiQ0xJRU5UIiwiRFJJVkVSIl0sImlhdCI6MTc2NTczMDgxOSwiZXhwIjoxNzY1OTAzNjE5fQ.wVezKTFO17WEtgJwGtJypsDM45EEPJrGh2WaNX_k86E');
INSERT INTO `user_sessions` VALUES ('12ded1fa-98bb-499e-aa21-255c4d3066dc', 57, 'b9f7d0bd7326efa7', '$2b$10$1dF3K1tjj3WQ6rL1F2n.BOvgPdW/XtwEwxVDPHFy5QExKts01WsGW', 0, '2026-01-11 11:31:07.707074', '2026-01-18 13:35:59.000000', 'eyJhbGciOiJIUzI1NiIsInR5cCI6IkpXVCJ9.eyJpZCI6NTcsIm5hbWUiOiJEZW5pbHNvbiIsInJvbGVzIjpbIkNMSUVOVCIsIkRSSVZFUiJdLCJpYXQiOjE3NjgxNDE4NjcsImV4cCI6MTc2ODMxNDY2N30.uOyNE7J8MPBrWEKwKOCHIKGaz2DkztvOj1ax1fAXPdI');
INSERT INTO `user_sessions` VALUES ('12f63031-d87d-42b0-a5e4-7338a7806a2f', 3, '6c093def45c42482', '$2b$10$LNqYe5AVR6ooIlyN9uc0ROtNPqZX2P65I0FIpmaNB6DEjPkiJFwhq', 0, '2026-01-18 13:35:43.603930', '2026-01-18 13:38:58.000000', 'eyJhbGciOiJIUzI1NiIsInR5cCI6IkpXVCJ9.eyJpZCI6MywibmFtZSI6Ikl2YW5jIiwicm9sZXMiOlsiQ0xJRU5UIiwiRFJJVkVSIl0sImlhdCI6MTc2ODc1NDE0MywiZXhwIjoxNzY4OTI2OTQzfQ.DLrKONYTNzWHjw9BRwM0R7MSFa3NPa0csO1_hQ_pGfE');
INSERT INTO `user_sessions` VALUES ('18ef8036-5f25-46b4-abff-91af7f6cf919', 57, 'b9f7d0bd7326efa7', '$2b$10$wpdUOSpQhwVXzJMEqgDTpuycu0ISOYDofeOMBXO8bRNn2MFz/4aC.', 0, '2025-12-15 13:49:03.583531', '2025-12-16 13:55:09.000000', 'eyJhbGciOiJIUzI1NiIsInR5cCI6IkpXVCJ9.eyJpZCI6NTcsIm5hbWUiOiJEZW5pbHNvbiIsInJvbGVzIjpbIkNMSUVOVCIsIkRSSVZFUiJdLCJpYXQiOjE3NjU4MTczNDMsImV4cCI6MTc2NTk5MDE0M30.xL84bnntWfOmzVzXKsZVBto79TlUz2ySTjZKyvg9r6E');
INSERT INTO `user_sessions` VALUES ('1a45ea04-c674-4051-82df-0b4457d77451', 3, '6c093def45c42482', '$2b$10$XiztDHbvw8.6x4x8WlMt9uMRlPjmsWH47uE7Xk0LZSPF37cM3Zu6K', 0, '2025-12-14 14:40:52.602449', '2025-12-14 14:41:19.000000', 'eyJhbGciOiJIUzI1NiIsInR5cCI6IkpXVCJ9.eyJpZCI6MywibmFtZSI6Ikl2YW5jIiwicm9sZXMiOlsiQ0xJRU5UIiwiRFJJVkVSIl0sImlhdCI6MTc2NTczNDA1MiwiZXhwIjoxNzY1OTA2ODUyfQ.RHBABaEKWET_ox7M8k6OjMxegvtH237MPXow7reUKMk');
INSERT INTO `user_sessions` VALUES ('2125c7d4-e8b5-445c-8c40-d4bdd03ccd98', 3, '6c093def45c42482', '$2b$10$FXQXOywzst2dJUUpiH.gd.Ed8IXdZ/IkmpM9SDyhZZUfY4.xudYH.', 0, '2025-12-16 14:20:50.393486', '2025-12-18 14:26:35.000000', 'Bearer eyJhbGciOiJIUzI1NiIsInR5cCI6IkpXVCJ9.eyJpZCI6MywibmFtZSI6Ikl2YW5jIiwicm9sZXMiOlsiQ0xJRU5UIiwiRFJJVkVSIl0sImlhdCI6MTc2NjA3ODc3NCwiZXhwIjoxNzY2MjUxNTc0fQ.Y-0QexnF5aOMkS0i-j8NuVY1gyfiT-1sdo28ErxXHvU');
INSERT INTO `user_sessions` VALUES ('223ab83b-6ea1-43a0-b555-06cee31dad29', 57, 'b9f7d0bd7326efa7', '$2b$10$h/Aon1p3ifMgE9rR1dQaBuvkv7gZQVob9Itoi/t8p2mdd3epJdeEG', 0, '2026-01-03 23:38:16.249155', '2026-01-03 23:42:48.000000', 'eyJhbGciOiJIUzI1NiIsInR5cCI6IkpXVCJ9.eyJpZCI6NTcsIm5hbWUiOiJEZW5pbHNvbiIsInJvbGVzIjpbIkNMSUVOVCIsIkRSSVZFUiJdLCJpYXQiOjE3Njc0OTQyOTYsImV4cCI6MTc2NzY2NzA5Nn0.-e2KCIImyirMa0tF_wm2GYHcPP58F4kHYzlIRuaYPLI');
INSERT INTO `user_sessions` VALUES ('23e0fe81-561d-4bdf-8801-4a0dbdf07fbe', 3, '6c093def45c42482', '$2b$10$ALQQ5SJqixxK5NsUZo.etuPtyzmuM9lhdcfQw2hnNh8Wef1aCdI1y', 0, '2025-12-14 14:41:19.817985', '2025-12-14 14:41:43.000000', 'eyJhbGciOiJIUzI1NiIsInR5cCI6IkpXVCJ9.eyJpZCI6MywibmFtZSI6Ikl2YW5jIiwicm9sZXMiOlsiQ0xJRU5UIiwiRFJJVkVSIl0sImlhdCI6MTc2NTczNDA3OSwiZXhwIjoxNzY1OTA2ODc5fQ.U2l3VHILiMPwONZyZ2yNEmIolAj7Sk8EsHa0kGm__to');
INSERT INTO `user_sessions` VALUES ('25850240-92ff-4ca6-8bde-1154d34b6c8d', 3, '6c093def45c42482', '$2b$10$GnFSYnk7Ys61tYoDhAnbiOFnRCWhfNi3ib/kBtGooROWBZT0xBaPG', 0, '2026-01-26 14:35:48.778697', '2026-01-26 14:39:18.000000', 'eyJhbGciOiJIUzI1NiIsInR5cCI6IkpXVCJ9.eyJpZCI6MywibmFtZSI6Ikl2YW5jIiwicm9sZXMiOlsiQ0xJRU5UIiwiRFJJVkVSIl0sImlhdCI6MTc2OTQ0ODk0OCwiZXhwIjoxNzY5NjIxNzQ4fQ.qx-6YHi8eSCyMoVpSl3bb2oVUm-aLDNkbEYtT1WHirI');
INSERT INTO `user_sessions` VALUES ('2e52f119-1019-4d64-aa02-503209309207', 4, 'b9f7d0bd7326efa7', '$2b$10$rrnpa3J.mVHHg7pQw6Ymzepk7tTyqdWoDJ3vtW8zBwkbiL/TYWjQm', 1, '2026-01-05 11:25:46.790778', '2026-01-11 11:29:13.394000', 'Bearer eyJhbGciOiJIUzI1NiIsInR5cCI6IkpXVCJ9.eyJpZCI6NCwibmFtZSI6Ikx1Y2FzIiwicm9sZXMiOlsiQ0xJRU5UIl0sImlhdCI6MTc2ODE0MTc1MywiZXhwIjoxNzY4MzE0NTUzfQ.AQzOFtUSisV5OtClFuVG9bIx-pQn6qIg1vo3GyXfIaA');
INSERT INTO `user_sessions` VALUES ('2f618462-3bb7-4466-ad8d-0a49bb05ee04', 3, '6c093def45c42482', '$2b$10$gfRqrpa.VbefSTn4K.QHU.QkgmrtkWexGgVz8Rij1biH.yPJrk73e', 0, '2026-01-06 10:28:29.489235', '2026-01-08 13:49:38.000000', 'Bearer eyJhbGciOiJIUzI1NiIsInR5cCI6IkpXVCJ9.eyJpZCI6MywibmFtZSI6Ikl2YW5jIiwicm9sZXMiOlsiQ0xJRU5UIiwiRFJJVkVSIl0sImlhdCI6MTc2Nzg4NzkxMiwiZXhwIjoxNzY4MDYwNzEyfQ.AEH7Ryt6-54Gm5mxnlleAp4Q2groc7n4n_4GvxPOm70');
INSERT INTO `user_sessions` VALUES ('3b06245a-fa8a-4807-be9a-f8ed976cef22', 3, '6c093def45c42482', '$2b$10$TlfiMa28.45F452K2wcxw.v1IwuDteUFThCopVBBow9XX3ob/02y.', 0, '2026-01-03 23:46:22.528023', '2026-01-04 21:35:41.000000', 'eyJhbGciOiJIUzI1NiIsInR5cCI6IkpXVCJ9.eyJpZCI6MywibmFtZSI6Ikl2YW5jIiwicm9sZXMiOlsiQ0xJRU5UIiwiRFJJVkVSIl0sImlhdCI6MTc2NzQ5NDc4MiwiZXhwIjoxNzY3NjY3NTgyfQ.Q0P1EojBJENSwNVEkZv8wkTpKmdLibEHjEfuxzKc87g');
INSERT INTO `user_sessions` VALUES ('3dc8c837-ca45-4cd8-b6e3-537b71ffe175', 1, '6c093def45c42482', '$2b$10$G9WI/zdsmt.I4comEap.IevEaZN4EVebM6oztspheDItBrRlxiz/.', 0, '2025-12-20 09:37:44.902965', '2025-12-20 09:42:36.000000', 'eyJhbGciOiJIUzI1NiIsInR5cCI6IkpXVCJ9.eyJpZCI6MSwibmFtZSI6Ikh1Z28iLCJyb2xlcyI6WyJBRE1JTiJdLCJpYXQiOjE3NjYyMzQyNjQsImV4cCI6MTc2NjQwNzA2NH0.zA2TEbUy3i4cnfPmsZMmXfpeHcWoYutJC4K8QhjF6uQ');
INSERT INTO `user_sessions` VALUES ('3f5dda64-2080-4ae2-bca9-a49f87e59b53', 57, 'b9f7d0bd7326efa7', '$2b$10$Ys8/S1VfQ.Cr/wx.T/Vf2eZJVMo6exurUZsqMsKKsYBwnraqb9mXC', 0, '2025-12-15 12:22:14.667151', '2025-12-15 13:49:03.000000', 'eyJhbGciOiJIUzI1NiIsInR5cCI6IkpXVCJ9.eyJpZCI6NTcsIm5hbWUiOiJEZW5pbHNvbiIsInJvbGVzIjpbIkNMSUVOVCIsIkRSSVZFUiJdLCJpYXQiOjE3NjU4MTIxMzQsImV4cCI6MTc2NTk4NDkzNH0._OyH6uknPJt7UVD5K6r0JXT5DPCvtemvFTFbZRr8404');
INSERT INTO `user_sessions` VALUES ('4e36054b-40ea-4612-b192-310c1d1dcf47', 57, 'b9f7d0bd7326efa7', '$2b$10$BEdBxY.XPJiYyvyznzhcge51sHgQh8lpgSJm.cJRTCvuHh2IriJRC', 0, '2026-01-03 23:42:48.474716', '2026-01-03 23:46:35.000000', 'eyJhbGciOiJIUzI1NiIsInR5cCI6IkpXVCJ9.eyJpZCI6NTcsIm5hbWUiOiJEZW5pbHNvbiIsInJvbGVzIjpbIkNMSUVOVCIsIkRSSVZFUiJdLCJpYXQiOjE3Njc0OTQ1NjgsImV4cCI6MTc2NzY2NzM2OH0.eDQF3BRrXFwoqn0Jus1H-T2rBw5uceDnnhwhvPaXGvo');
INSERT INTO `user_sessions` VALUES ('4ee8e716-7546-4a3a-a6f3-ba1165690d8d', 3, '6c093def45c42482', '$2b$10$jYlYEp7f32ZWpoxjbMDV3OgvNYBiItTyAPP/sQFJvvFdwGNXEHH6.', 0, '2025-12-14 13:29:53.625365', '2025-12-14 13:46:59.000000', 'eyJhbGciOiJIUzI1NiIsInR5cCI6IkpXVCJ9.eyJpZCI6MywibmFtZSI6Ikl2YW5jIiwicm9sZXMiOlsiQ0xJRU5UIiwiRFJJVkVSIl0sImlhdCI6MTc2NTcyOTc5MywiZXhwIjoxNzY1OTAyNTkzfQ.NEhr52iJzHd7TarSNvJ0N_Vae-7oVzLzEsQnOKO03Cc');
INSERT INTO `user_sessions` VALUES ('4fdeaf87-8964-49e3-b2e1-b9e69a4da444', 3, '6c093def45c42482', '$2b$10$Z7CbT90LGqTZLtdoHX3L5uLXPfter1ubwiyB8YyTlcunIpWJ5eIu2', 0, '2025-12-26 19:55:38.078448', '2025-12-26 20:04:07.000000', 'eyJhbGciOiJIUzI1NiIsInR5cCI6IkpXVCJ9.eyJpZCI6MywibmFtZSI6Ikl2YW5jIiwicm9sZXMiOlsiQ0xJRU5UIiwiRFJJVkVSIl0sImlhdCI6MTc2Njc4OTczOCwiZXhwIjoxNzY2OTYyNTM4fQ.jfUY5f_P17KgxTTILSul7DmrX9sdRPmq7WxmKqmoGcI');
INSERT INTO `user_sessions` VALUES ('502ee69d-25c7-49ec-993e-24b4c038ddae', 63, '6c093def45c42482', '$2b$10$e4Jouqdi54fj1BPq5R9HTO4K2t0MGS3PWvKmRTUeGRaPt4Mgm2fp.', 0, '2025-12-19 12:05:45.669247', '2025-12-19 12:06:36.000000', 'eyJhbGciOiJIUzI1NiIsInR5cCI6IkpXVCJ9.eyJpZCI6NjMsIm5hbWUiOiJIdWdvIiwicm9sZXMiOlsiQ0xJRU5UIiwiRFJJVkVSIl0sImlhdCI6MTc2NjE1Njc0NSwiZXhwIjoxNzY2MzI5NTQ1fQ.I9Z0Sm99vtA-QNIv3fk9E7raXLjOCtr1kyG2sLBMJGo');
INSERT INTO `user_sessions` VALUES ('5281293e-6ea1-4157-a61a-d522f1039fef', 57, 'b9f7d0bd7326efa7', '$2b$10$xB7kSQMt.JVhctlibTuG2O6.yetq4cujkFXsTNVZn3E/JyO4bqIXm', 0, '2025-12-19 11:51:35.824879', '2025-12-19 13:12:06.000000', 'eyJhbGciOiJIUzI1NiIsInR5cCI6IkpXVCJ9.eyJpZCI6NTcsIm5hbWUiOiJEZW5pbHNvbiIsInJvbGVzIjpbIkNMSUVOVCIsIkRSSVZFUiJdLCJpYXQiOjE3NjYxNTU4OTUsImV4cCI6MTc2NjMyODY5NX0.qZc_oYrtE8AOl7R1rkmjunoLLV13F30ksWmsfz_ad6I');
INSERT INTO `user_sessions` VALUES ('52e2210e-655e-4f1d-883a-fcc23024bbed', 63, '6c093def45c42482', '$2b$10$rcIM5HmB2UXcNQHUv0ERpue/KsYeJmhmBui5wjpkJIdNVkBiekKTq', 0, '2025-12-19 12:00:32.538471', '2025-12-19 12:01:25.000000', 'eyJhbGciOiJIUzI1NiIsInR5cCI6IkpXVCJ9.eyJpZCI6NjMsIm5hbWUiOiJIdWdvIiwicm9sZXMiOlsiQ0xJRU5UIiwiRFJJVkVSIl0sImlhdCI6MTc2NjE1NjQzMiwiZXhwIjoxNzY2MzI5MjMyfQ.0GXRnA8fiJWtHWGCAm2iEr1f6FoqoF_g8R1JLwSQwbM');
INSERT INTO `user_sessions` VALUES ('54783c73-179c-4f07-a9c9-400c172951bb', 57, 'b9f7d0bd7326efa7', '$2b$10$OMeNll8Q.DPYPZT7NmjniOXssSk5clL2kFFiZ6vAY5Qt0ybsbtD3i', 0, '2026-01-18 13:38:34.340618', '2026-01-26 14:35:20.000000', 'Bearer eyJhbGciOiJIUzI1NiIsInR5cCI6IkpXVCJ9.eyJpZCI6NTcsIm5hbWUiOiJEZW5pbHNvbiIsInJvbGVzIjpbIkNMSUVOVCIsIkRSSVZFUiJdLCJpYXQiOjE3Njk0NDg3NzcsImV4cCI6MTc2OTYyMTU3N30.QcR3MsnarHGpYs5Gb_uLTian8s2mqUat3lpP7-JkZhw');
INSERT INTO `user_sessions` VALUES ('58e6040e-cb3d-4248-bb3c-823366339ab4', 57, 'b9f7d0bd7326efa7', '$2b$10$wI.yeXyWPDc40BZlvjDjG.6iEePSp3gjLx3gZfBn8dTPwci36Udei', 0, '2026-01-03 22:49:14.420820', '2026-01-03 23:38:16.000000', 'eyJhbGciOiJIUzI1NiIsInR5cCI6IkpXVCJ9.eyJpZCI6NTcsIm5hbWUiOiJEZW5pbHNvbiIsInJvbGVzIjpbIkNMSUVOVCIsIkRSSVZFUiJdLCJpYXQiOjE3Njc0OTEzNTQsImV4cCI6MTc2NzY2NDE1NH0.y-S-UXWQgNkkib7aE_BhpdwluW6uRfc6V7ClC62V5lg');
INSERT INTO `user_sessions` VALUES ('5aa4076c-4447-44da-b7ff-977ea132bb93', 57, 'b9f7d0bd7326efa7', '$2b$10$Teppb4IO1o2WuqUUIqW7euiNDbEKxabIuCPJrm4dY0aulfojcUQJ6', 1, '2026-01-31 21:06:45.048195', '2026-01-31 21:06:45.048195', 'eyJhbGciOiJIUzI1NiIsInR5cCI6IkpXVCJ9.eyJpZCI6NTcsIm5hbWUiOiJEZW5pbHNvbiIsInJvbGVzIjpbIkNMSUVOVCIsIkRSSVZFUiJdLCJpYXQiOjE3Njk5MDQ0MDQsImV4cCI6MTc3MDA3NzIwNH0.na4bB2k5NoZVM4wDuw79MXa8AEZw7JRrB9adPAW1jdg');
INSERT INTO `user_sessions` VALUES ('5abec9e7-a328-48e3-a347-8b2dbd886aed', 57, 'b9f7d0bd7326efa7', '$2b$10$BEPJ5QI2sP9p8bsJ1im5F.8AhJ5evaNZVTghnMUzoZsHY5mkGmHjK', 0, '2026-01-29 13:17:42.404902', '2026-01-31 21:06:44.000000', 'Bearer eyJhbGciOiJIUzI1NiIsInR5cCI6IkpXVCJ9.eyJpZCI6NTcsIm5hbWUiOiJEZW5pbHNvbiIsInJvbGVzIjpbIkNMSUVOVCIsIkRSSVZFUiJdLCJpYXQiOjE3Njk5MDQzODQsImV4cCI6MTc3MDA3NzE4NH0.nAcNltmPYRjZ65JtkIZAFiHlGRvV5X_RriS-lW1nXzw');
INSERT INTO `user_sessions` VALUES ('5dea94bd-8d16-432b-b8ef-1470c55009c1', 3, '6c093def45c42482', '$2b$10$i3I962VPg9ThWCg35HZv..ViQGhO5lGZ8Oqj4RBiluePgVYj1BLO.', 0, '2026-01-03 15:53:58.646764', '2026-01-03 22:20:11.000000', 'eyJhbGciOiJIUzI1NiIsInR5cCI6IkpXVCJ9.eyJpZCI6MywibmFtZSI6Ikl2YW5jIiwicm9sZXMiOlsiQ0xJRU5UIiwiRFJJVkVSIl0sImlhdCI6MTc2NzQ2NjQzOCwiZXhwIjoxNzY3NjM5MjM4fQ.e03GbnwkQCxNeHlERswQeNkW39fVLzfQthNKjrsfO1o');
INSERT INTO `user_sessions` VALUES ('5e0b16a9-0e91-4890-a812-ee8d73b5f6a3', 57, 'b9f7d0bd7326efa7', '$2b$10$XCUTth.aFKhIwphJQE0nLe9b15KMEppTzE.UX/EIeDplj0HQ/bdyG', 0, '2025-12-21 08:46:44.617191', '2026-01-03 22:49:14.000000', 'eyJhbGciOiJIUzI1NiIsInR5cCI6IkpXVCJ9.eyJpZCI6NTcsIm5hbWUiOiJEZW5pbHNvbiIsInJvbGVzIjpbIkNMSUVOVCIsIkRSSVZFUiJdLCJpYXQiOjE3NjYzMTc2MDQsImV4cCI6MTc2NjQ5MDQwNH0.-H-gktFsZCYtfFW7aSpiVS3UNs1iP3d_afttNCNaUE0');
INSERT INTO `user_sessions` VALUES ('64c0ff0a-3ccd-4290-a3b1-4abd674e7601', 57, 'b9f7d0bd7326efa7', '$2b$10$a2w0tiNr7NYwCGUqCCjl/OORdAvb0nKpq7VB41hKXOSskX2p2GjlC', 0, '2025-12-16 14:20:26.048476', '2025-12-18 14:28:16.000000', 'Bearer eyJhbGciOiJIUzI1NiIsInR5cCI6IkpXVCJ9.eyJpZCI6NTcsIm5hbWUiOiJEZW5pbHNvbiIsInJvbGVzIjpbIkNMSUVOVCIsIkRSSVZFUiJdLCJpYXQiOjE3NjYwNzg4MDcsImV4cCI6MTc2NjI1MTYwN30.o7k3eQZDQ8azPWlWkg9OrSgNtGhialf39YKBe_e0ov0');
INSERT INTO `user_sessions` VALUES ('68c873f3-1fdf-44bc-9c88-2859cf576fe8', 3, '6c093def45c42482', '$2b$10$u9Y/dxvsq1sb9B/gn/470.tpAUi89O5XW45Kv/FhKHrQLKSLxgve2', 0, '2026-01-08 13:49:38.359974', '2026-01-08 22:16:26.000000', 'eyJhbGciOiJIUzI1NiIsInR5cCI6IkpXVCJ9.eyJpZCI6MywibmFtZSI6Ikl2YW5jIiwicm9sZXMiOlsiQ0xJRU5UIiwiRFJJVkVSIl0sImlhdCI6MTc2Nzg5MDk3OCwiZXhwIjoxNzY4MDYzNzc4fQ.aYufumusZFCiy-Eq28dV-lEjDNH0HSgei3IThS-A5r0');
INSERT INTO `user_sessions` VALUES ('6cfff2a9-8849-40c4-ab90-001ec8444846', 63, '6c093def45c42482', '$2b$10$CXkdSzVwcsLOHJhoXnhk4.2Ct8SPCPZBeSYarDe2vzVW6ErjzGZ4K', 0, '2025-12-19 11:29:56.853758', '2025-12-19 12:00:32.000000', 'eyJhbGciOiJIUzI1NiIsInR5cCI6IkpXVCJ9.eyJpZCI6NjMsIm5hbWUiOiJIdWdvIiwicm9sZXMiOlsiQ0xJRU5UIiwiRFJJVkVSIl0sImlhdCI6MTc2NjE1NDU5NiwiZXhwIjoxNzY2MzI3Mzk2fQ.TQ-UHzKuic9Q181-a7oy0LKSE0kY7TnlXE_5Z3xD6GU');
INSERT INTO `user_sessions` VALUES ('6e6d42d4-06c6-4539-854b-9b6d20a70b20', 3, 'b9f7d0bd7326efa7', '$2b$10$mp/8tI2k3grV4GVMM5QkCOPJlbvKVDdHkK7WuofwxY5eCcJMnBt2u', 0, '2026-01-31 21:23:18.856897', '2026-01-31 21:24:32.000000', 'eyJhbGciOiJIUzI1NiIsInR5cCI6IkpXVCJ9.eyJpZCI6MywibmFtZSI6Ikl2YW5jIiwicm9sZXMiOlsiQ0xJRU5UIiwiRFJJVkVSIl0sImlhdCI6MTc2OTkwNTM5OCwiZXhwIjoxNzcwMDc4MTk4fQ.pHmeDQdDnEl8Y_p_fnHdJxKchkY9YZKp1qRmviz9SB4');
INSERT INTO `user_sessions` VALUES ('729c02b5-c41b-470f-b8ef-c65eb53542ef', 3, '6c093def45c42482', '$2b$10$MDjll09yoalEbH5kWY6zaOkNJbfcRGlR.lZKHR8EJK4cBSA79RHI2', 0, '2026-01-03 22:20:11.123356', '2026-01-03 22:22:17.000000', 'eyJhbGciOiJIUzI1NiIsInR5cCI6IkpXVCJ9.eyJpZCI6MywibmFtZSI6Ikl2YW5jIiwicm9sZXMiOlsiQ0xJRU5UIiwiRFJJVkVSIl0sImlhdCI6MTc2NzQ4OTYxMSwiZXhwIjoxNzY3NjYyNDExfQ.gK4uzKRjw0KgxnPEdM4NdTVA5uYqTeCpPMCKvnsvKdc');
INSERT INTO `user_sessions` VALUES ('7323ca11-e2ad-4e09-92c8-4ee6e6453ae0', 57, 'b9f7d0bd7326efa7', '$2b$10$a.TpDnQdUyqzqrTLas/YxeAm.S1RvUMObJMYUqbh02Fp3cu8Z.y5G', 0, '2026-01-18 13:35:59.888790', '2026-01-18 13:38:34.000000', 'eyJhbGciOiJIUzI1NiIsInR5cCI6IkpXVCJ9.eyJpZCI6NTcsIm5hbWUiOiJEZW5pbHNvbiIsInJvbGVzIjpbIkNMSUVOVCIsIkRSSVZFUiJdLCJpYXQiOjE3Njg3NTQxNTksImV4cCI6MTc2ODkyNjk1OX0.fEqy-fXaK1e3jBEWPZDzfjiKD6cxJlBaKTBdybcau-Q');
INSERT INTO `user_sessions` VALUES ('7324b77c-dc64-4801-8f43-d3e78ed2dea6', 3, '6c093def45c42482', '$2b$10$j.HNSnYWEq4ffjQj2Sw5ju5YVDZrs3TPQTsGqSExm7XihpXfx4j/S', 0, '2026-01-31 20:50:20.105412', '2026-01-31 21:23:18.000000', 'eyJhbGciOiJIUzI1NiIsInR5cCI6IkpXVCJ9.eyJpZCI6MywibmFtZSI6Ikl2YW5jIiwicm9sZXMiOlsiQ0xJRU5UIiwiRFJJVkVSIl0sImlhdCI6MTc2OTkwMzQyMCwiZXhwIjoxNzcwMDc2MjIwfQ.tr-JyQU4gFQkAKFbf3_MY_-n4VdN7dnTKWoeBpjVeJk');
INSERT INTO `user_sessions` VALUES ('74ba0fab-fa7d-437a-acc8-0d3a7d4e7387', 1, 'b9f7d0bd7326efa7', '$2b$10$ypvB52IugoPrasEKGrdmyOR4USFOMQDWLEBZqkwAihap3zuJhSAfu', 0, '2025-12-19 12:34:55.995044', '2025-12-20 09:37:44.000000', 'eyJhbGciOiJIUzI1NiIsInR5cCI6IkpXVCJ9.eyJpZCI6MSwibmFtZSI6Ikh1Z28iLCJyb2xlcyI6WyJBRE1JTiJdLCJpYXQiOjE3NjYxNTg0OTUsImV4cCI6MTc2NjMzMTI5NX0.I9KTyVgc718sGzpWqX6qx4fKu3dHId464Ien0_Mn78M');
INSERT INTO `user_sessions` VALUES ('751f38bc-8b46-41f8-b3ac-4881585cfcee', 3, '6c093def45c42482', '$2b$10$efj77q44HkwTtViWeWEL9etp2BGLiTRAZHRET92slTcEOXY2SxXfW', 1, '2026-02-08 15:05:16.775578', '2026-02-08 15:05:16.775578', 'eyJhbGciOiJIUzI1NiIsInR5cCI6IkpXVCJ9.eyJpZCI6MywibmFtZSI6Ikl2YW5jIiwicm9sZXMiOlsiQ0xJRU5UIiwiRFJJVkVSIl0sImlhdCI6MTc3MDU3MzkxNiwiZXhwIjoxNzcwNzQ2NzE2fQ.lzoNQFMACFqKNVmSc5MLfyaBdkYEeIhERwKPI-VzpAc');
INSERT INTO `user_sessions` VALUES ('7748ad84-9f7c-4a00-97bf-1f87cd6685b6', 3, '6c093def45c42482', '$2b$10$/ATQ0ArV61820IEsYhpQMuwuqNlOMGx5PYDHD3SSmlHVd1YF6JgIO', 0, '2026-01-26 13:13:26.448239', '2026-01-26 14:35:03.000000', 'eyJhbGciOiJIUzI1NiIsInR5cCI6IkpXVCJ9.eyJpZCI6MywibmFtZSI6Ikl2YW5jIiwicm9sZXMiOlsiQ0xJRU5UIiwiRFJJVkVSIl0sImlhdCI6MTc2OTQ0NDAwNiwiZXhwIjoxNzY5NjE2ODA2fQ.1H6G2Cxy3o2nMrWzP_tZAVSnxEnUjoLo52C0wJYn7_8');
INSERT INTO `user_sessions` VALUES ('7dd74cbc-35a5-4d78-9501-847c9b6be62b', 57, 'b9f7d0bd7326efa7', '$2b$10$W6hsxCIUt4Wo41maN3lI1.jnnS2enSkMZeekNA8eitJa1wtwikcWq', 0, '2025-12-20 21:05:10.997080', '2025-12-21 08:46:44.000000', 'eyJhbGciOiJIUzI1NiIsInR5cCI6IkpXVCJ9.eyJpZCI6NTcsIm5hbWUiOiJEZW5pbHNvbiIsInJvbGVzIjpbIkNMSUVOVCIsIkRSSVZFUiJdLCJpYXQiOjE3NjYyNzU1MTAsImV4cCI6MTc2NjQ0ODMxMH0.X2O4sy3YUpsyTPUFmMN4EjHH5ma29Ks0BWZJhq4qKbs');
INSERT INTO `user_sessions` VALUES ('7e636025-6f9a-4259-b1e6-b63e4133a144', 3, '6c093def45c42482', '$2b$10$CIsyfLeFz0l9sG7XKg3QX.AkqswY66oYfaQDeQje17ZJpHTzEdfCG', 0, '2026-01-26 14:35:03.806819', '2026-01-26 14:35:48.000000', 'eyJhbGciOiJIUzI1NiIsInR5cCI6IkpXVCJ9.eyJpZCI6MywibmFtZSI6Ikl2YW5jIiwicm9sZXMiOlsiQ0xJRU5UIiwiRFJJVkVSIl0sImlhdCI6MTc2OTQ0ODkwMywiZXhwIjoxNzY5NjIxNzAzfQ.PJi64rShhKeH0bcF6jK_P9psw5C2fQbiiH4GTOd9k6U');
INSERT INTO `user_sessions` VALUES ('853430a7-7b49-4700-a577-75b0cd6c1e4c', 3, '6c093def45c42482', '$2b$10$KaBGVmnp2dT7CdozJg.SueBNufcmQb/dWZfdaQ4n5B6JJ4YoibDDq', 0, '2026-01-26 14:39:18.293209', '2026-01-26 14:42:56.000000', 'eyJhbGciOiJIUzI1NiIsInR5cCI6IkpXVCJ9.eyJpZCI6MywibmFtZSI6Ikl2YW5jIiwicm9sZXMiOlsiQ0xJRU5UIiwiRFJJVkVSIl0sImlhdCI6MTc2OTQ0OTE1OCwiZXhwIjoxNzY5NjIxOTU4fQ.SY03dJhtEm9s65yjpS0bUQm5h4Al89FMUBUBqh80fu4');
INSERT INTO `user_sessions` VALUES ('86ff1e4e-bdf2-4dae-8d81-fd1ba0d327db', 3, '6c093def45c42482', '$2b$10$CeEb0E9rs6LTINvgt2T1I.FI4eFW8aWk2l6ZUK916cr/9DlIpyNai', 0, '2025-12-14 12:28:07.036068', '2025-12-14 13:28:48.000000', 'Bearer eyJhbGciOiJIUzI1NiIsInR5cCI6IkpXVCJ9.eyJpZCI6MywibmFtZSI6Ikl2YW5jIiwicm9sZXMiOlsiQ0xJRU5UIiwiRFJJVkVSIl0sImlhdCI6MTc2NTcyNjEzOSwiZXhwIjoxNzY1ODk4OTM5fQ.uuHOiwMHcF-nU-mu70QsX62nbMzjmEJkc58tWp3bLtc');
INSERT INTO `user_sessions` VALUES ('8a40473f-946e-4269-ad4a-e9481393dcb8', 3, '6c093def45c42482', '$2b$10$Ee6wWIR20HLaccrmQdmlg.i..nfNN/ubVKoMdOsFgj45FpXMc9RFu', 0, '2026-01-03 23:42:24.372143', '2026-01-03 23:46:22.000000', 'eyJhbGciOiJIUzI1NiIsInR5cCI6IkpXVCJ9.eyJpZCI6MywibmFtZSI6Ikl2YW5jIiwicm9sZXMiOlsiQ0xJRU5UIiwiRFJJVkVSIl0sImlhdCI6MTc2NzQ5NDU0NCwiZXhwIjoxNzY3NjY3MzQ0fQ.65LIm8Dc71Uhxb9BAFZ9hqxZY9Yjc_QlFNSVKVfbilg');
INSERT INTO `user_sessions` VALUES ('8a4c5744-4d85-4dcc-9933-a78920f167c6', 1, '6c093def45c42482', '$2b$10$2M2wXWVRNNfpob5m7GkyMOMQj.gBpebLMlSMdlDn8z0PctQ6bZ7cK', 0, '2025-12-20 09:51:15.065475', '2025-12-20 20:35:05.000000', 'eyJhbGciOiJIUzI1NiIsInR5cCI6IkpXVCJ9.eyJpZCI6MSwibmFtZSI6Ikh1Z28iLCJyb2xlcyI6WyJBRE1JTiJdLCJpYXQiOjE3NjYyMzUwNzQsImV4cCI6MTc2NjQwNzg3NH0.zQlknQALiTUHtCFiPF8EKkup-QA6Ic9aeTGmSK8pBxU');
INSERT INTO `user_sessions` VALUES ('8ed5e201-6249-4436-9837-c156d5812165', 57, 'b9f7d0bd7326efa7', '$2b$10$rdm7c9FdNHfkWiUwoUhOs.o/pvS3YdH4otcT2q92EsusVjj2cmMAC', 0, '2025-12-19 13:12:06.528634', '2025-12-20 21:05:10.000000', 'eyJhbGciOiJIUzI1NiIsInR5cCI6IkpXVCJ9.eyJpZCI6NTcsIm5hbWUiOiJEZW5pbHNvbiIsInJvbGVzIjpbIkNMSUVOVCIsIkRSSVZFUiJdLCJpYXQiOjE3NjYxNjA3MjYsImV4cCI6MTc2NjMzMzUyNn0.55H8nRi9y_aSe6d9_D_aDR9f2DLGEtXPQlssscx2I7Y');
INSERT INTO `user_sessions` VALUES ('91eca709-da16-4081-8a35-49273604a88e', 63, '6c093def45c42482', '$2b$10$Tw0rW14SFyK/Chk620yNPu97B9LjkS4PRIY795WLJSL9lXDGxIUdy', 0, '2025-12-19 12:01:26.036067', '2025-12-19 12:05:45.000000', 'eyJhbGciOiJIUzI1NiIsInR5cCI6IkpXVCJ9.eyJpZCI6NjMsIm5hbWUiOiJIdWdvIiwicm9sZXMiOlsiQ0xJRU5UIiwiRFJJVkVSIl0sImlhdCI6MTc2NjE1NjQ4NSwiZXhwIjoxNzY2MzI5Mjg1fQ.o08_scJddKBwG3sqg7gmGSELXclHW01RBZNaVzoEh-Y');
INSERT INTO `user_sessions` VALUES ('9241c70f-37b6-4f22-b4c5-340b91c96eae', 57, '6c093def45c42482', '$2b$10$82IbZFwLQBgOZpiEM/EVfegYwgCEArevQbP.Ghv4H5nmEvzkNwyim', 0, '2025-12-14 14:46:50.444773', '2025-12-15 12:22:14.000000', 'eyJhbGciOiJIUzI1NiIsInR5cCI6IkpXVCJ9.eyJpZCI6NTcsIm5hbWUiOiJEZW5pbHNvbiIsInJvbGVzIjpbIkNMSUVOVCIsIkRSSVZFUiJdLCJpYXQiOjE3NjU3MzQ0MTAsImV4cCI6MTc2NTkwNzIxMH0.-pZZoaCmRwh-pLk7-bp_YBd_gQnOHHdPoFAhEPbJxoo');
INSERT INTO `user_sessions` VALUES ('95182d47-0696-4409-a7cc-b4e6c25d9eda', 3, '6c093def45c42482', '$2b$10$Xv2dIjQ7pDva2gs3T2yFkOgv0.thB.IZLY9uNvuQHR2bH7l7yE9Gu', 0, '2026-01-03 23:37:59.593911', '2026-01-03 23:42:24.000000', 'eyJhbGciOiJIUzI1NiIsInR5cCI6IkpXVCJ9.eyJpZCI6MywibmFtZSI6Ikl2YW5jIiwicm9sZXMiOlsiQ0xJRU5UIiwiRFJJVkVSIl0sImlhdCI6MTc2NzQ5NDI3OSwiZXhwIjoxNzY3NjY3MDc5fQ.U32RPb9-FLh363fgjh3Dybjp63JqSfGujFpzY6CyHI4');
INSERT INTO `user_sessions` VALUES ('a01d9496-c577-4d17-a35c-4358a85b1186', 3, '6c093def45c42482', '$2b$10$vY5Pt9llM3VqdNa923cgwe5fLUlF3PE/B2l6bcn2J1WSl/cHz562i', 0, '2025-12-14 14:41:43.720553', '2025-12-15 12:13:03.000000', 'eyJhbGciOiJIUzI1NiIsInR5cCI6IkpXVCJ9.eyJpZCI6MywibmFtZSI6Ikl2YW5jIiwicm9sZXMiOlsiQ0xJRU5UIiwiRFJJVkVSIl0sImlhdCI6MTc2NTczNDEwMywiZXhwIjoxNzY1OTA2OTAzfQ.HBe3JiE6QnvwVt4sa6zZUMj1gA9xQ8krUN8ZNNeHiPo');
INSERT INTO `user_sessions` VALUES ('a2908c8d-bf6d-4f27-84e6-31625555c99a', 57, '6c093def45c42482', '$2b$10$09yNosIqK4ZGCcuB0eoKe.xwfENCC8Lscf1PKVdfsuBz.vTthDy5G', 0, '2026-01-11 11:14:30.078244', '2026-01-11 11:31:07.000000', 'eyJhbGciOiJIUzI1NiIsInR5cCI6IkpXVCJ9.eyJpZCI6NTcsIm5hbWUiOiJEZW5pbHNvbiIsInJvbGVzIjpbIkNMSUVOVCIsIkRSSVZFUiJdLCJpYXQiOjE3NjgxNDA4NjksImV4cCI6MTc2ODMxMzY2OX0.2xMCsZ4worUq_UEorGZwya3Q40phkQyUS70H_aO18qk');
INSERT INTO `user_sessions` VALUES ('a4ec436d-93d6-42ee-9d3d-1f7d528da47c', 57, 'b9f7d0bd7326efa7', '$2b$10$66c8M70orIr6XTkhSsWct.2X87H2hHJ3.ulSNoiWNchv7bSg7Ubsq', 0, '2025-12-18 14:28:16.178851', '2025-12-19 11:16:55.000000', 'eyJhbGciOiJIUzI1NiIsInR5cCI6IkpXVCJ9.eyJpZCI6NTcsIm5hbWUiOiJEZW5pbHNvbiIsInJvbGVzIjpbIkNMSUVOVCIsIkRSSVZFUiJdLCJpYXQiOjE3NjYwNzg4OTYsImV4cCI6MTc2NjI1MTY5Nn0.LWyOpUvyvAJoeoqx_miXn8q2ypSnOLXmsqzbT-9kuOg');
INSERT INTO `user_sessions` VALUES ('a73ea04d-ba56-499a-823d-22ff8f4dcc88', 63, '6c093def45c42482', '$2b$10$6dM0B3CBgv191cpOObPyxeFoZCiPmmoUx1I4fiF7mb0XKauGVHEOm', 1, '2025-12-19 12:06:36.764727', '2025-12-19 12:06:36.764727', 'eyJhbGciOiJIUzI1NiIsInR5cCI6IkpXVCJ9.eyJpZCI6NjMsIm5hbWUiOiJIdWdvIiwicm9sZXMiOlsiQ0xJRU5UIiwiRFJJVkVSIl0sImlhdCI6MTc2NjE1Njc5NiwiZXhwIjoxNzY2MzI5NTk2fQ.jBBN3zj17o34EXYu3g0awpfxJFotoMl_Z5RrRTcv7wc');
INSERT INTO `user_sessions` VALUES ('ab5f1fe6-4ae8-4714-bebf-8d2efbdd5a57', 3, '6c093def45c42482', '$2b$10$rVFEHGjaMorlNo9kVpwFAO1RQLzgOA7XW3D3X9M/u5GJzJWt8MolC', 0, '2026-01-29 13:17:19.434674', '2026-01-31 20:50:20.000000', 'Bearer eyJhbGciOiJIUzI1NiIsInR5cCI6IkpXVCJ9.eyJpZCI6MywibmFtZSI6Ikl2YW5jIiwicm9sZXMiOlsiQ0xJRU5UIiwiRFJJVkVSIl0sImlhdCI6MTc2OTkwMzQwNSwiZXhwIjoxNzcwMDc2MjA1fQ.syYQVITZKp_mbxfTfPg-4XG1bp6djwlNClJ1bO934Jc');
INSERT INTO `user_sessions` VALUES ('b0fe1483-375e-40f4-8e13-9a31063fb5ad', 3, '6c093def45c42482', '$2b$10$8POujIG3Lu0KUSKdF9cfROXRZEzdEpzxDfdNlUrhKekWTe9rB2rLC', 0, '2026-01-26 14:49:13.697843', '2026-01-27 17:51:11.000000', 'eyJhbGciOiJIUzI1NiIsInR5cCI6IkpXVCJ9.eyJpZCI6MywibmFtZSI6Ikl2YW5jIiwicm9sZXMiOlsiQ0xJRU5UIiwiRFJJVkVSIl0sImlhdCI6MTc2OTQ0OTc1MywiZXhwIjoxNzY5NjIyNTUzfQ.9KcrebloGl74a2DhLPaCDLjyj_W7UHkj2vyyiMeTDrs');
INSERT INTO `user_sessions` VALUES ('b1f46d67-178b-4a8d-8c91-dc68b6564483', 57, '6c093def45c42482', '$2b$10$eqLIa7zoC/N.yMfOvEM2G.DHJAWcUtkeTUAcHdTWMAQpIDda82ApS', 0, '2025-12-16 13:55:09.251869', '2025-12-16 14:20:25.000000', 'eyJhbGciOiJIUzI1NiIsInR5cCI6IkpXVCJ9.eyJpZCI6NTcsIm5hbWUiOiJEZW5pbHNvbiIsInJvbGVzIjpbIkNMSUVOVCIsIkRSSVZFUiJdLCJpYXQiOjE3NjU5MDQxMDksImV4cCI6MTc2NjA3NjkwOX0.bsGJ1CeuvK4S-jUyFTukdpfGnzjSpsw08mlEFq--Gj4');
INSERT INTO `user_sessions` VALUES ('b3faad9e-0d9f-465d-8345-4d0c9b3a0493', 1, '6c093def45c42482', '$2b$10$SFmMW0dErBdBlc1KnAd3je/EYcX5oK.siFMbTa5fnbPDjl7ZsbJfq', 0, '2025-12-20 09:42:36.276949', '2025-12-20 09:48:16.000000', 'eyJhbGciOiJIUzI1NiIsInR5cCI6IkpXVCJ9.eyJpZCI6MSwibmFtZSI6Ikh1Z28iLCJyb2xlcyI6WyJBRE1JTiJdLCJpYXQiOjE3NjYyMzQ1NTYsImV4cCI6MTc2NjQwNzM1Nn0.HRGz90LEAjQg4UehIAQxbDYkUJaq7z663tFgYbg7PIU');
INSERT INTO `user_sessions` VALUES ('b808554a-643c-4e57-8d58-6ec6e2270df5', 3, '6c093def45c42482', '$2b$10$S.S0moqWipAYBoGCU2jmlewiGMzFpNG6AgkAZHWLgP7ObwnFqz/gG', 0, '2025-12-26 20:04:07.893419', '2025-12-31 14:19:16.000000', 'eyJhbGciOiJIUzI1NiIsInR5cCI6IkpXVCJ9.eyJpZCI6MywibmFtZSI6Ikl2YW5jIiwicm9sZXMiOlsiQ0xJRU5UIiwiRFJJVkVSIl0sImlhdCI6MTc2Njc5MDI0NywiZXhwIjoxNzY2OTYzMDQ3fQ.qvcmiMWWHRl5cJ6X3t1Fn_fDpdawPfnOylfGy-BO2mU');
INSERT INTO `user_sessions` VALUES ('ba7b5387-eb68-48df-8f15-0f97d9a8a4ee', 57, '6c093def45c42482', '$2b$10$CVjpl7pRZbr5Zltf0K51ue6uwnxQrYvcKMIVFUrLf8/117aTmmGZK', 0, '2025-12-19 11:16:55.249589', '2025-12-19 11:51:35.000000', 'eyJhbGciOiJIUzI1NiIsInR5cCI6IkpXVCJ9.eyJpZCI6NTcsIm5hbWUiOiJEZW5pbHNvbiIsInJvbGVzIjpbIkNMSUVOVCIsIkRSSVZFUiJdLCJpYXQiOjE3NjYxNTM4MTUsImV4cCI6MTc2NjMyNjYxNX0.xENB0GqL64j0-2hXFfU4rNnTbK1KJJ2dn2wxJC-9NKE');
INSERT INTO `user_sessions` VALUES ('baa0c90a-0f16-419b-b3de-745cf3ef759c', 3, '6c093def45c42482', '$2b$10$aAnugA6WrrOSbiMr.C/sY.0J0frFmoWvVzmeog/urMLcOZKd4lf.S', 0, '2025-12-14 13:50:45.167142', '2025-12-14 14:40:52.000000', 'eyJhbGciOiJIUzI1NiIsInR5cCI6IkpXVCJ9.eyJpZCI6MywibmFtZSI6Ikl2YW5jIiwicm9sZXMiOlsiQ0xJRU5UIiwiRFJJVkVSIl0sImlhdCI6MTc2NTczMTA0NSwiZXhwIjoxNzY1OTAzODQ1fQ.wJvxO4xgSsL0GJ1D8ybIy_BwmOECukTUysEOFb94uKQ');
INSERT INTO `user_sessions` VALUES ('bd13303b-6c0c-4d55-96f9-b69a457a6289', 3, '6c093def45c42482', '$2b$10$SmKYqO1Ytwcm1eFdMJ6paek.d50eL76LA7fs6ZOkqTU6hC7dPLsjm', 0, '2025-12-14 13:47:17.985103', '2025-12-14 13:50:45.000000', 'eyJhbGciOiJIUzI1NiIsInR5cCI6IkpXVCJ9.eyJpZCI6MywibmFtZSI6Ikl2YW5jIiwicm9sZXMiOlsiQ0xJRU5UIiwiRFJJVkVSIl0sImlhdCI6MTc2NTczMDgzNywiZXhwIjoxNzY1OTAzNjM3fQ.yA_CMpe46dTzoJMs5_0Lz9RDKypGJghzCoMYq3i4jco');
INSERT INTO `user_sessions` VALUES ('c02826ee-7497-4877-8944-7ba42e0c03e5', 3, '6c093def45c42482', '$2b$10$Zp5KG2f4RYeWgebehZYMqOvuG3WnMnsdKZPqRN1OCfGVvXi/TfNJq', 0, '2025-12-14 13:28:49.147581', '2025-12-14 13:29:53.000000', 'eyJhbGciOiJIUzI1NiIsInR5cCI6IkpXVCJ9.eyJpZCI6MywibmFtZSI6Ikl2YW5jIiwicm9sZXMiOlsiQ0xJRU5UIiwiRFJJVkVSIl0sImlhdCI6MTc2NTcyOTcyOSwiZXhwIjoxNzY1OTAyNTI5fQ.X2hhxdd92qW26xlprVhE8mc6xZBQbX4Yof0lmPk7IOk');
INSERT INTO `user_sessions` VALUES ('c089cf2a-52b8-4add-927a-7eb93ec513a6', 3, '6c093def45c42482', '$2b$10$fBNwajEgJ47Nc0D36fGklOwH3XVamhVWhvKX1QRvkuUkxWGeL7scW', 0, '2026-01-26 14:42:56.953354', '2026-01-26 14:45:06.000000', 'eyJhbGciOiJIUzI1NiIsInR5cCI6IkpXVCJ9.eyJpZCI6MywibmFtZSI6Ikl2YW5jIiwicm9sZXMiOlsiQ0xJRU5UIiwiRFJJVkVSIl0sImlhdCI6MTc2OTQ0OTM3NiwiZXhwIjoxNzY5NjIyMTc2fQ.T1abg154cmxoR7LzZY9BfgXVvVprBaqL4emRSr-Pl7k');
INSERT INTO `user_sessions` VALUES ('c20c6069-6363-4891-bf6b-bad870c3ecfe', 3, '6c093def45c42482', '$2b$10$Od8jf5xiw2jmzyPtoumQZu.DjnPAyBYP4XlTEM1nbo2gu3QHiiscS', 0, '2026-01-27 17:51:11.643752', '2026-01-29 13:17:19.000000', 'eyJhbGciOiJIUzI1NiIsInR5cCI6IkpXVCJ9.eyJpZCI6MywibmFtZSI6Ikl2YW5jIiwicm9sZXMiOlsiQ0xJRU5UIiwiRFJJVkVSIl0sImlhdCI6MTc2OTU0NzA3MSwiZXhwIjoxNzY5NzE5ODcxfQ.scD79I_WHdBvTDV6viHXx5A01CrXIuqmb00IweJ9dvo');
INSERT INTO `user_sessions` VALUES ('c3b0565e-663d-4336-9c79-c329d839f4a1', 3, '6c093def45c42482', '$2b$10$9WzgPwG9MMRgAKoe6Va0CejlA6qpX5uoyzN8TXJjgeTW1ZwEy6S86', 0, '2026-01-04 21:35:41.549476', '2026-01-06 10:28:29.000000', 'eyJhbGciOiJIUzI1NiIsInR5cCI6IkpXVCJ9.eyJpZCI6MywibmFtZSI6Ikl2YW5jIiwicm9sZXMiOlsiQ0xJRU5UIiwiRFJJVkVSIl0sImlhdCI6MTc2NzU3MzM0MSwiZXhwIjoxNzY3NzQ2MTQxfQ.2HVis1detgtyi5h8tW29Ui354NHKxNrZ0_y6ED4ZuZs');
INSERT INTO `user_sessions` VALUES ('cc59d11f-e14e-47a5-8929-975f22da9a5d', 57, 'b9f7d0bd7326efa7', '$2b$10$.nnotV5sM.TdFaocTSmEZ.bzUX69w0GvWMyQ9jkaLre8ewJ2xSQeW', 0, '2026-01-05 11:17:27.624990', '2026-01-11 11:14:29.000000', 'eyJhbGciOiJIUzI1NiIsInR5cCI6IkpXVCJ9.eyJpZCI6NTcsIm5hbWUiOiJEZW5pbHNvbiIsInJvbGVzIjpbIkNMSUVOVCIsIkRSSVZFUiJdLCJpYXQiOjE3Njc2MjI2NDcsImV4cCI6MTc2Nzc5NTQ0N30.lJrdFLWFgC2y7oC6ZCEX6R4z6Y0rV1WWiaTCjExMlVI');
INSERT INTO `user_sessions` VALUES ('d49f9169-07f2-4147-988d-fc5325b731e9', 3, '6c093def45c42482', '$2b$10$SOhqUzOagzpeUeBQm46tseLyGXA1ShI74WnszlClg.HsMvRfKtwUy', 0, '2026-02-07 14:33:30.555284', '2026-02-08 15:05:16.000000', 'eyJhbGciOiJIUzI1NiIsInR5cCI6IkpXVCJ9.eyJpZCI6MywibmFtZSI6Ikl2YW5jIiwicm9sZXMiOlsiQ0xJRU5UIiwiRFJJVkVSIl0sImlhdCI6MTc3MDQ4NTYxMCwiZXhwIjoxNzcwNjU4NDEwfQ.oQ2i8YTXy20H40YkEQq9erapdpBtiMJHR6lm2odyTRw');
INSERT INTO `user_sessions` VALUES ('d6b6aa9d-b293-4a0e-98d2-9af294377661', 3, '6c093def45c42482', '$2b$10$ggWojGKn.RhsNq/SheZ2AOXpjAE2QXrABE3T4XInTrmTnRPEMrit2', 0, '2025-12-15 12:13:03.674279', '2025-12-16 14:20:50.000000', 'eyJhbGciOiJIUzI1NiIsInR5cCI6IkpXVCJ9.eyJpZCI6MywibmFtZSI6Ikl2YW5jIiwicm9sZXMiOlsiQ0xJRU5UIiwiRFJJVkVSIl0sImlhdCI6MTc2NTgxMTU4MywiZXhwIjoxNzY1OTg0MzgzfQ.aFSH1iENDhtnBHXb6JOBl8XICrvuwSV12v7NJCjfTx8');
INSERT INTO `user_sessions` VALUES ('dc6e1483-0af8-4883-8d1e-ae9e746f251b', 3, '6c093def45c42482', '$2b$10$mRHJQs3HP4noFS6yhaupDeM9VCrIHstA10wppelnkQsGlclXuZgPO', 0, '2025-12-20 20:53:59.914805', '2025-12-26 19:55:38.000000', 'Bearer eyJhbGciOiJIUzI1NiIsInR5cCI6IkpXVCJ9.eyJpZCI6MywibmFtZSI6Ikl2YW5jIiwicm9sZXMiOlsiQ0xJRU5UIiwiRFJJVkVSIl0sImlhdCI6MTc2Njc4OTcyMiwiZXhwIjoxNzY2OTYyNTIyfQ.ajk6eVqtt30Q-O414UAXzQqzDhJAnAsFJCfC64X68n0');
INSERT INTO `user_sessions` VALUES ('e5b7ee20-97f3-4ef0-88a8-c9bae0886b5d', 3, '6c093def45c42482', '$2b$10$ECsl3mipGs5QW/dHKC7V/uDL3cIjEWYnPiD8tyJOpNF/0kgNtdr5a', 0, '2025-12-31 14:19:16.250854', '2025-12-31 21:24:13.000000', 'eyJhbGciOiJIUzI1NiIsInR5cCI6IkpXVCJ9.eyJpZCI6MywibmFtZSI6Ikl2YW5jIiwicm9sZXMiOlsiQ0xJRU5UIiwiRFJJVkVSIl0sImlhdCI6MTc2NzIwMTU1NiwiZXhwIjoxNzY3Mzc0MzU2fQ.RU2ramEcU1aFM8dxWpA4QOY3h38zoJa1wHn8C-NHZkk');
INSERT INTO `user_sessions` VALUES ('e5efec73-32b7-4876-872c-59b18b9510c9', 1, '6c093def45c42482', '$2b$10$Lt7PWDWDs7MaxC6PEQJa7.3Qx1TcGMVuHN7qye9D0Ng7IkpWW22WG', 0, '2025-12-20 09:48:16.209382', '2025-12-20 09:51:14.000000', 'eyJhbGciOiJIUzI1NiIsInR5cCI6IkpXVCJ9.eyJpZCI6MSwibmFtZSI6Ikh1Z28iLCJyb2xlcyI6WyJBRE1JTiJdLCJpYXQiOjE3NjYyMzQ4OTYsImV4cCI6MTc2NjQwNzY5Nn0.bmSTB66Dpohx9bziwSIyFJ17x-xsRAt5cs9Q9HmKYYc');
INSERT INTO `user_sessions` VALUES ('e63691d5-c128-4952-93fb-b02d0bf3d63f', 3, '6c093def45c42482', '$2b$10$BxFnE9OSfByjHX7T2gVDU.CWP/e1ZKwrgbIpC559AUVkoCUX/UXfS', 0, '2026-01-18 13:38:58.114932', '2026-01-26 13:13:26.000000', 'Bearer eyJhbGciOiJIUzI1NiIsInR5cCI6IkpXVCJ9.eyJpZCI6MywibmFtZSI6Ikl2YW5jIiwicm9sZXMiOlsiQ0xJRU5UIiwiRFJJVkVSIl0sImlhdCI6MTc2OTQ0MzY0MywiZXhwIjoxNzY5NjE2NDQzfQ.YuEdQEnjdSQpoxJG8BZJAFgJMnSNdiuFvmB7otBzHK0');
INSERT INTO `user_sessions` VALUES ('f27c835a-6ddf-45c8-bec3-f383fe7ed6c1', 3, '6c093def45c42482', '$2b$10$B9rqMp5aX8bAgP2WrKqb1ukiSzAnKFwCZEBjKSfGyacetmMzUBzYW', 0, '2026-01-11 12:12:03.187003', '2026-01-16 20:20:49.000000', 'eyJhbGciOiJIUzI1NiIsInR5cCI6IkpXVCJ9.eyJpZCI6MywibmFtZSI6Ikl2YW5jIiwicm9sZXMiOlsiQ0xJRU5UIiwiRFJJVkVSIl0sImlhdCI6MTc2ODE0NDMyMywiZXhwIjoxNzY4MzE3MTIzfQ.N90JiflyP63HgWwIzj8Vg7ORvxX5pdiwPv12CXEvjMs');
INSERT INTO `user_sessions` VALUES ('f3335032-8c89-4449-8a60-774e4b3bd058', 3, '6c093def45c42482', '$2b$10$BKFo33he8OLJBf.K9nJ0A.2gikWxHpAhP8t.p6RJy61ylKLYvQf7S', 0, '2025-12-31 23:16:38.738557', '2026-01-03 15:53:58.000000', 'eyJhbGciOiJIUzI1NiIsInR5cCI6IkpXVCJ9.eyJpZCI6MywibmFtZSI6Ikl2YW5jIiwicm9sZXMiOlsiQ0xJRU5UIiwiRFJJVkVSIl0sImlhdCI6MTc2NzIzMzc5OCwiZXhwIjoxNzY3NDA2NTk4fQ.vWNiMbX3sNJXqhOiW8AZZ4dXov3Re1egsricKflaUPQ');
INSERT INTO `user_sessions` VALUES ('f4db891d-2983-4f7a-8115-02fcebc24890', 3, '6c093def45c42482', '$2b$10$8tVAwtOMEMcuyQyeFOsHqePfl8psSQ6o8ZrTpK/JcYsybycyKKx7W', 0, '2025-12-18 14:26:35.707758', '2025-12-20 20:53:59.000000', 'eyJhbGciOiJIUzI1NiIsInR5cCI6IkpXVCJ9.eyJpZCI6MywibmFtZSI6Ikl2YW5jIiwicm9sZXMiOlsiQ0xJRU5UIiwiRFJJVkVSIl0sImlhdCI6MTc2NjA3ODc5NSwiZXhwIjoxNzY2MjUxNTk1fQ.zK0ikRcXx4wg3DHXw_Kfc8EQ9KWd2ff6RYeh9UK70CY');
INSERT INTO `user_sessions` VALUES ('f8ebbc11-d969-436d-ac25-b0a2da81a391', 3, '6c093def45c42482', '$2b$10$2/GQLH9JoibM07i6zO8MEOcT1XOSyX0sXyyVEROlB5oFdAuFeQTq6', 0, '2025-12-31 21:24:13.613325', '2025-12-31 23:16:38.000000', 'eyJhbGciOiJIUzI1NiIsInR5cCI6IkpXVCJ9.eyJpZCI6MywibmFtZSI6Ikl2YW5jIiwicm9sZXMiOlsiQ0xJRU5UIiwiRFJJVkVSIl0sImlhdCI6MTc2NzIyNzA1MywiZXhwIjoxNzY3Mzk5ODUzfQ.FclIwVBlctJzsSTzQb77jhQOLlCEokZMoPag-_vgguE');

-- ----------------------------
-- Table structure for users
-- ----------------------------
DROP TABLE IF EXISTS `users`;
CREATE TABLE `users`  (
  `id` int(0) NOT NULL AUTO_INCREMENT,
  `name` varchar(255) CHARACTER SET utf8 COLLATE utf8_general_ci NOT NULL,
  `lastname` varchar(255) CHARACTER SET utf8 COLLATE utf8_general_ci NOT NULL,
  `email` varchar(255) CHARACTER SET utf8 COLLATE utf8_general_ci NOT NULL,
  `phone` varchar(255) CHARACTER SET utf8 COLLATE utf8_general_ci NOT NULL,
  `image` varchar(255) CHARACTER SET utf8 COLLATE utf8_general_ci NULL DEFAULT NULL,
  `password` varchar(255) CHARACTER SET utf8 COLLATE utf8_general_ci NOT NULL,
  `notification_token` varchar(255) CHARACTER SET utf8 COLLATE utf8_general_ci NULL DEFAULT NULL,
  `created_at` datetime(0) NOT NULL DEFAULT CURRENT_TIMESTAMP(0),
  `updated_at` datetime(0) NOT NULL DEFAULT CURRENT_TIMESTAMP(0) ON UPDATE CURRENT_TIMESTAMP(0),
  `car` tinyint(0) NULL DEFAULT NULL,
  `cpf` varchar(11) CHARACTER SET utf8 COLLATE utf8_general_ci NULL DEFAULT NULL,
  `phone_verified` tinyint(0) NOT NULL DEFAULT 0,
  `active` tinyint(0) NOT NULL DEFAULT 1,
  `general_client_rating` decimal(5, 2) NULL DEFAULT NULL,
  `general_driver_rating` decimal(5, 2) NULL DEFAULT NULL,
  PRIMARY KEY (`id`) USING BTREE,
  UNIQUE INDEX `IDX_97672ac88f789774dd47f7c8be`(`email`) USING BTREE,
  UNIQUE INDEX `IDX_a000cca60bcf04454e72769949`(`phone`) USING BTREE,
  UNIQUE INDEX `IDX_230b925048540454c8b4c481e1`(`cpf`) USING BTREE
) ENGINE = InnoDB AUTO_INCREMENT = 63 CHARACTER SET = utf8 COLLATE = utf8_general_ci ROW_FORMAT = Dynamic;

-- ----------------------------
-- Records of users
-- ----------------------------
INSERT INTO `users` VALUES (1, 'Hugo', 'Porto', 'hugo_porto@partiu.digital', '91985552797', NULL, '$2b$10$2Oy5VCy0cn4Jj/B53oadnuVN4Lmok1eP0X.06horu/kqadjAZUQOK', 'd3PChUe_RvqQi9ipCECqKe:APA91bHSDxfNPcHmeirqoyaC_8jrMPonB1A-vhd3jV1r5RlpBW4ZaDzrqK1sbdOUuz1pWlpc3F6BwZWBscEBPJRZJJtP73XNIqjuSlOf7wKB0jYpRHl7iFQ', '2025-04-20 23:35:45', '2025-12-19 12:34:57', 1, NULL, 1, 1, NULL, NULL);
INSERT INTO `users` VALUES (3, 'Ivanc', 'Castro', 'ivan_castro@partiu.digital', '91985070024', 'https://firebasestorage.googleapis.com/v0/b/urbandrive-770f9.firebasestorage.app/o/96329982-a9a2-4472-8d99-364c131f65e5.jpeg?alt=media&token=a7244989-a97e-4b99-9d7a-8e306c76b42e', '$2b$10$2Oy5VCy0cn4Jj/B53oadnuVN4Lmok1eP0X.06horu/kqadjAZUQOK', 'caMVP1k6R02plxMKHKf2Ef:APA91bE7a-b5eiFjCeQjSRjTFXKtIogPgsPqEH5prUS73REyCq9TElZ0r1LwhWOviSIKNFdzwA0Z1hMVZsKK3zze8gKoG0h8StWrxvFopv9g6zLJfxOuZjo', '2025-04-21 19:12:32', '2026-01-31 21:24:32', 0, '53212746221', 1, 1, 4.08, 2.80);
INSERT INTO `users` VALUES (4, 'Lucas', 'Santos', 'lucas_santos@partiu.digital', '91985552722', 'https://firebasestorage.googleapis.com/v0/b/urbandrive-770f9.firebasestorage.app/o/_63797b17-7214-4db4-aa4b-08c2be77bd0f.jpg?alt=media&token=f5c6fdd1-a27c-4a79-ac18-a4aba23c2e7d', '$2b$10$s14zViAUNjkcS.j7CDdJ5eBdz4lLGSMKFA/eZ.gcA5e8VGAldn3bW', 'd3PChUe_RvqQi9ipCECqKe:APA91bHE5DMx8c6HLCeQmXneXTKkgQliV0Te-dn1Zi6Gh5-Dy1vN3mtXASQyeFNCZoGkSWYAxHe3FTw7uVgNwd7Bhg-BTfD3b2kJTB-BsBl5yHFxvdCZux0', '2025-06-20 21:01:32', '2026-01-05 15:12:01', 1, NULL, 1, 1, 3.89, NULL);
INSERT INTO `users` VALUES (56, 'Juca', 'Santana', 'juca_santana@partiu.digital', '91985725386', NULL, '$2b$10$uNfWdJkao68lYs8Zurq78e4sSWL7BmjWf0a/tS5cnGE9huM115eCW', NULL, '2025-09-03 14:20:47', '2025-09-03 14:20:47', 0, '53212746225', 1, 1, NULL, NULL);
INSERT INTO `users` VALUES (57, 'Denilson', 'Silva', 'de_silva@partiu.digital', '91987963236', 'https://firebasestorage.googleapis.com/v0/b/urbandrive-770f9.firebasestorage.app/o/ae307a83-ec79-4abf-a150-fcc5cd7b9aaf.jpeg?alt=media&token=c709efe7-3e18-49b1-9d44-b74b5af65957', '$2b$10$2Oy5VCy0cn4Jj/B53oadnuVN4Lmok1eP0X.06horu/kqadjAZUQOK', 'fZaGtyikSciWqN0gCw_Qkf:APA91bFtzkiNU40vjh996LQx2dVAP9CTs1NEbtplQxJQUH_I9r-gQS2G4e2zhs5HWstBUh-M_QserKgfU6YaevCIJmIPQkt06e-xmJJbFtlQkZbFYSdzRAg', '2025-09-09 10:46:00', '2026-01-29 19:31:50', 0, '12345678969', 1, 1, 4.02, 2.83);
INSERT INTO `users` VALUES (58, 'Emerson', 'Motta', 'emersonmotta@partiu.digital', '91985070027', NULL, '$2b$10$2Oy5VCy0cn4Jj/B53oadnuVN4Lmok1eP0X.06horu/kqadjAZUQOK', NULL, '2025-09-11 13:21:53', '2025-09-11 13:21:53', 0, '04654740040', 1, 1, NULL, NULL);
INSERT INTO `users` VALUES (59, 'Bruna', 'Teles', 'bruna_teles@partiu.digital', '91989898587', 'https://firebasestorage.googleapis.com/v0/b/urbandrive-770f9.firebasestorage.app/o/_63797b17-7214-4db4-aa4b-08c2be77bd0f.jpg?alt=media&token=f5c6fdd1-a27c-4a79-ac18-a4aba23c2e7d', '$2b$10$UpWtYag.SDCAB6k782cPjOZUI84B7.MkmK1rgQqZ/4oRUxtPDwf6i', NULL, '2025-09-11 13:27:03', '2025-09-11 13:27:03', NULL, NULL, 1, 1, NULL, NULL);
INSERT INTO `users` VALUES (61, 'Roberto', 'Amaral', 'roberto_amaral@partiu.digital', '91987878787', NULL, '$2b$10$dAFz2vRyNOhgvUqbKCjm9u1AYr8UGqVJ1cZQZ4d.qvAhQhCYtlTNe', NULL, '2025-09-22 14:11:51', '2025-09-22 14:11:51', 0, '23145612323', 1, 1, NULL, NULL);
INSERT INTO `users` VALUES (62, 'Luan', 'Alves', 'luan_alves@partiu.digital', '91986868686', NULL, '$2b$10$tccP7BoRUY8wnQdHFHXmSOv2uYhkD8cAs0qqB0Wlwmy.nBkNGCtOK', NULL, '2025-09-28 13:12:51', '2025-09-28 13:12:51', 0, NULL, 1, 1, NULL, NULL);
INSERT INTO `users` VALUES (63, 'Hugo', 'Porto', 'hugo.porto.teste@partiu.digital', '91985070026', NULL, '$2b$10$MhyVDndJnX9i9hKvXbNl5OSLeFGDmLWxPubTDUfqYvIqy4XITaS.m', 'eLjZZbcPSI-TWdNRO5Fg_R:APA91bGheLfKCip_TKj4FMSRZyiFbakwZiWu5Yv6S5N3hbZgIrn4lOXCgTgJ30Y6uTFjPirF1FwguFeorOFUaV9JZqiRvwpRWw1eChgjMQtd8Uv4PpQSb_0', '2025-12-19 11:29:10', '2026-02-08 18:56:51', 0, '53212746223', 1, 1, NULL, 2.67);

-- ----------------------------
-- Table structure for vehicle_documents
-- ----------------------------
DROP TABLE IF EXISTS `vehicle_documents`;
CREATE TABLE `vehicle_documents`  (
  `id` int(0) NOT NULL AUTO_INCREMENT,
  `documentType` enum('VEHICLE_REGISTRATION','DRIVER_LICENSE','INSURANCE','VEHICLE_PHOTO','INSPECTION','OTHER') CHARACTER SET utf8 COLLATE utf8_general_ci NOT NULL,
  `status` enum('PENDING','APPROVED','REJECTED','EXPIRED') CHARACTER SET utf8 COLLATE utf8_general_ci NOT NULL DEFAULT 'PENDING',
  `fileUrl` varchar(255) CHARACTER SET utf8 COLLATE utf8_general_ci NOT NULL,
  `fileName` varchar(255) CHARACTER SET utf8 COLLATE utf8_general_ci NULL DEFAULT NULL,
  `fileSize` int(0) NULL DEFAULT NULL,
  `mimeType` varchar(255) CHARACTER SET utf8 COLLATE utf8_general_ci NULL DEFAULT NULL,
  `expirationDate` date NULL DEFAULT NULL,
  `notes` text CHARACTER SET utf8 COLLATE utf8_general_ci NULL,
  `reviewedAt` datetime(0) NULL DEFAULT NULL,
  `isActive` tinyint(0) NOT NULL DEFAULT 1,
  `created_at` datetime(0) NOT NULL DEFAULT CURRENT_TIMESTAMP(0),
  `updated_at` datetime(0) NOT NULL DEFAULT CURRENT_TIMESTAMP(0) ON UPDATE CURRENT_TIMESTAMP(0),
  `id_vehicle` int(0) NOT NULL,
  `id_user` int(0) NOT NULL,
  `reviewed_by` int(0) NULL DEFAULT NULL,
  PRIMARY KEY (`id`) USING BTREE,
  INDEX `IDX_c591303692f13e6a54d914567a`(`id_vehicle`) USING BTREE,
  INDEX `IDX_c19eb1236cf1725100feb55429`(`id_user`) USING BTREE,
  INDEX `IDX_64c21204a75201c59df34e2337`(`documentType`) USING BTREE,
  INDEX `IDX_2a0f4965fa49dfcc5d055a3764`(`status`) USING BTREE,
  INDEX `FK_86e1efd226ff6592f1ace6c6506`(`reviewed_by`) USING BTREE,
  CONSTRAINT `FK_86e1efd226ff6592f1ace6c6506` FOREIGN KEY (`reviewed_by`) REFERENCES `users` (`id`) ON DELETE RESTRICT ON UPDATE RESTRICT,
  CONSTRAINT `FK_c19eb1236cf1725100feb554293` FOREIGN KEY (`id_user`) REFERENCES `users` (`id`) ON DELETE RESTRICT ON UPDATE RESTRICT,
  CONSTRAINT `FK_c591303692f13e6a54d914567a9` FOREIGN KEY (`id_vehicle`) REFERENCES `vehicles` (`id`) ON DELETE RESTRICT ON UPDATE RESTRICT
) ENGINE = InnoDB AUTO_INCREMENT = 15 CHARACTER SET = utf8 COLLATE = utf8_general_ci ROW_FORMAT = Dynamic;

-- ----------------------------
-- Records of vehicle_documents
-- ----------------------------
INSERT INTO `vehicle_documents` VALUES (10, 'DRIVER_LICENSE', 'PENDING', 'https://firebasestorage.googleapis.com/v0/b/urbandrive-770f9.firebasestorage.app/o/90ad45c8-bd69-43df-ae81-7b73b3591e60.jpeg?alt=media&token=3c68f7a1-cad9-4b6e-9288-2d87d6718cfb', '90ad45c8-bd69-43df-ae81-7b73b3591e60.jpeg', NULL, NULL, NULL, NULL, NULL, 0, '2025-12-06 13:14:12', '2025-12-06 13:14:49', 21, 3, NULL);
INSERT INTO `vehicle_documents` VALUES (11, 'VEHICLE_REGISTRATION', 'APPROVED', 'https://firebasestorage.googleapis.com/v0/b/urbandrive-770f9.firebasestorage.app/o/7c31eeb8-253b-4664-9bc3-7cb1b29103fc.jpeg?alt=media&token=3c68f7a1-cad9-4b6e-9288-2d87d6718cfb', '7c31eeb8-253b-4664-9bc3-7cb1b29103fc.jpeg', NULL, NULL, NULL, NULL, '2025-12-06 13:52:23', 1, '2025-12-06 13:14:33', '2025-12-06 13:52:23', 21, 3, 1);
INSERT INTO `vehicle_documents` VALUES (12, 'DRIVER_LICENSE', 'PENDING', 'https://firebasestorage.googleapis.com/v0/b/urbandrive-770f9.firebasestorage.app/o/be5cdd6f-8c99-459b-b8ea-9fae9b8289ea.jpeg?alt=media&token=3c68f7a1-cad9-4b6e-9288-2d87d6718cfb', 'be5cdd6f-8c99-459b-b8ea-9fae9b8289ea.jpeg', NULL, NULL, NULL, NULL, NULL, 0, '2025-12-06 13:14:49', '2025-12-06 13:15:23', 21, 3, NULL);
INSERT INTO `vehicle_documents` VALUES (13, 'DRIVER_LICENSE', 'APPROVED', 'https://firebasestorage.googleapis.com/v0/b/urbandrive-770f9.firebasestorage.app/o/a2262c05-03f3-46ed-a4a7-7cf2d7e5cd15.jpeg?alt=media&token=3c68f7a1-cad9-4b6e-9288-2d87d6718cfb', 'a2262c05-03f3-46ed-a4a7-7cf2d7e5cd15.jpeg', NULL, NULL, NULL, NULL, '2025-12-06 13:52:23', 1, '2025-12-06 13:15:23', '2025-12-06 13:52:23', 21, 3, 1);
INSERT INTO `vehicle_documents` VALUES (14, 'DRIVER_LICENSE', 'APPROVED', 'https://firebasestorage.googleapis.com/v0/b/urbandrive-770f9.firebasestorage.app/o/07a3d8cd-5273-4811-85a8-79cfd2395fd5.jpeg?alt=media&token=3c68f7a1-cad9-4b6e-9288-2d87d6718cfb', '07a3d8cd-5273-4811-85a8-79cfd2395fd5.jpeg', NULL, NULL, NULL, NULL, '2025-12-06 13:53:20', 1, '2025-12-06 13:15:47', '2025-12-06 13:53:20', 22, 3, 1);
INSERT INTO `vehicle_documents` VALUES (15, 'VEHICLE_REGISTRATION', 'APPROVED', 'https://firebasestorage.googleapis.com/v0/b/urbandrive-770f9.firebasestorage.app/o/3cb42285-0cda-48ed-8cd1-2aba615b85d7.jpeg?alt=media&token=3c68f7a1-cad9-4b6e-9288-2d87d6718cfb', '3cb42285-0cda-48ed-8cd1-2aba615b85d7.jpeg', NULL, NULL, NULL, NULL, '2025-12-06 13:53:20', 1, '2025-12-06 13:16:02', '2025-12-06 13:53:20', 22, 3, 1);

-- ----------------------------
-- Table structure for vehicles
-- ----------------------------
DROP TABLE IF EXISTS `vehicles`;
CREATE TABLE `vehicles`  (
  `typeVehicle` varchar(255) CHARACTER SET utf8 COLLATE utf8_general_ci NOT NULL,
  `licensePlate` varchar(255) CHARACTER SET utf8 COLLATE utf8_general_ci NOT NULL,
  `year` varchar(255) CHARACTER SET utf8 COLLATE utf8_general_ci NOT NULL,
  `created_at` datetime(0) NOT NULL DEFAULT CURRENT_TIMESTAMP(0),
  `updated_at` datetime(0) NOT NULL DEFAULT CURRENT_TIMESTAMP(0),
  `id_user` int(0) NOT NULL,
  `id` int(0) NOT NULL AUTO_INCREMENT,
  `brand` varchar(255) CHARACTER SET utf8 COLLATE utf8_general_ci NULL DEFAULT NULL,
  `model` varchar(255) CHARACTER SET utf8 COLLATE utf8_general_ci NULL DEFAULT NULL,
  `color` varchar(255) CHARACTER SET utf8 COLLATE utf8_general_ci NULL DEFAULT NULL,
  `isActive` tinyint(0) NOT NULL DEFAULT 1,
  `isMain` tinyint(0) NOT NULL DEFAULT 0,
  `isVerified` tinyint(0) NOT NULL DEFAULT 0,
  PRIMARY KEY (`id`) USING BTREE,
  UNIQUE INDEX `IDX_79a273823977d25c7523162cd5`(`licensePlate`) USING BTREE,
  INDEX `FK_e91db3e4f51ac7574ec743ee332`(`id_user`) USING BTREE,
  CONSTRAINT `FK_e91db3e4f51ac7574ec743ee332` FOREIGN KEY (`id_user`) REFERENCES `users` (`id`) ON DELETE RESTRICT ON UPDATE RESTRICT
) ENGINE = InnoDB AUTO_INCREMENT = 31 CHARACTER SET = utf8 COLLATE = utf8_general_ci ROW_FORMAT = Dynamic;

-- ----------------------------
-- Records of vehicles
-- ----------------------------
INSERT INTO `vehicles` VALUES ('motorcycle', 'SZZ3F98', '2025', '2025-08-07 20:03:07', '2025-12-31 14:21:09', 3, 8, 'Yamaha', 'Crosser', 'Azul', 1, 1, 1);
INSERT INTO `vehicles` VALUES ('motorcycle', 'Szzh', '2025', '2025-09-03 14:21:22', '2025-10-01 16:34:43', 56, 15, NULL, NULL, NULL, 1, 1, 1);
INSERT INTO `vehicles` VALUES ('motorcycle', 'SDJJHFY', '2025', '2025-09-08 16:50:25', '2025-09-30 00:23:21', 3, 16, 'Honda', 'Cg125', 'Prata', 1, 0, 1);
INSERT INTO `vehicles` VALUES ('car', 'DSFE456', '2020', '2025-09-08 16:58:34', '2025-11-05 21:21:17', 3, 17, 'Toyota', 'Corola', 'Preto', 1, 0, 1);
INSERT INTO `vehicles` VALUES ('motorcycle', 'SSDDDSS', '2020', '2025-09-08 17:45:57', '2025-09-30 00:25:31', 3, 18, 'CFMoto', 'Df', 'Branco', 1, 0, 1);
INSERT INTO `vehicles` VALUES ('car', 'DDSSKKMS', '1995', '2025-09-08 17:46:53', '2025-12-26 20:56:20', 3, 19, 'Ford', 'Ka', 'Branco', 1, 0, 1);
INSERT INTO `vehicles` VALUES ('motorcycle', 'DDF348K', '2020', '2025-09-08 17:48:01', '2025-12-26 21:09:36', 3, 20, 'Yamaha', 'Fazer', 'Preto', 1, 0, 0);
INSERT INTO `vehicles` VALUES ('motorcycle', 'JJKSHJD', '2023', '2025-09-08 17:49:30', '2025-09-08 17:49:30', 3, 21, 'Shinerai', 'Shi 175', 'Cinza', 1, 0, 1);
INSERT INTO `vehicles` VALUES ('motorcycle', 'DDDJSJ78', '2023', '2025-09-08 17:51:31', '2025-09-08 17:51:31', 3, 22, 'Honda', 'Cg 125', 'Azul', 1, 0, 1);
INSERT INTO `vehicles` VALUES ('motorcycle', 'EERDT56', '2020', '2025-09-08 17:52:01', '2025-09-08 17:52:01', 3, 23, 'Honda', 'Cg 125', 'Vermelho', 1, 0, 0);
INSERT INTO `vehicles` VALUES ('motorcycle', 'JJSHYG67', '2023', '2025-09-08 17:52:36', '2025-09-08 17:52:36', 3, 24, 'Honda', 'Cg 150', 'Vermelho', 1, 0, 0);
INSERT INTO `vehicles` VALUES ('motorcycle', 'DJHSNMA', '2020', '2025-09-08 17:53:14', '2025-09-20 00:34:29', 3, 25, 'Honda', 'Cb 500 X', 'Vermelho', 1, 0, 0);
INSERT INTO `vehicles` VALUES ('car', 'Ghhusj', '2020', '2025-09-09 10:47:03', '2025-10-15 00:01:35', 57, 26, 'Honda', 'Civic', 'Prata', 1, 0, 1);
INSERT INTO `vehicles` VALUES ('motorcycle', 'Ytgihji', '2023', '2025-09-22 15:25:51', '2025-09-22 15:25:51', 61, 27, 'Honda', 'Vg', 'Prata', 1, 1, 0);
INSERT INTO `vehicles` VALUES ('motorcycle', 'Ghuji', '2025', '2025-10-23 12:30:38', '2025-10-23 12:30:38', 58, 28, 'Yamaha', 'Crosser', 'Azul', 1, 1, 0);
INSERT INTO `vehicles` VALUES ('motorcycle', 'SZZ3F56', '2020', '2025-12-01 12:05:05', '2025-12-20 21:06:37', 57, 29, 'Yamaha', 'Crosser Z', 'Azul', 1, 1, 1);
INSERT INTO `vehicles` VALUES ('motorcycle', 'SZZ3G98', '2025', '2025-12-19 11:30:43', '2025-12-19 11:30:43', 63, 30, 'Yamaha', 'Crosser Z', 'Azul', 1, 1, 0);
INSERT INTO `vehicles` VALUES ('car', 'HHGGHA67', '2020', '2026-01-29 20:52:28', '2026-01-29 20:52:28', 3, 31, 'Toyota', 'Corolla', 'Branco', 1, 0, 0);

SET FOREIGN_KEY_CHECKS = 1;
